/*
 Navicat Premium Data Transfer

 Source Server         : 125.208.1.67-root
 Source Server Type    : MySQL
 Source Server Version : 50711
 Source Host           : 125.208.1.67:33665
 Source Schema         : bi_dim

 Target Server Type    : MySQL
 Target Server Version : 50711
 File Encoding         : 65001

 Date: 10/01/2018 12:48:05
*/

SET NAMES utf8mb4;
SET FOREIGN_KEY_CHECKS = 0;

-- ----------------------------
-- Table structure for dim_app_plat
-- ----------------------------
DROP TABLE IF EXISTS `dim_app_plat`;
CREATE TABLE `dim_app_plat`  (
  `id` tinyint(4) NOT NULL AUTO_INCREMENT COMMENT 'ID',
  `name` varchar(64) CHARACTER SET utf8 COLLATE utf8_general_ci NOT NULL COMMENT '平台应用类型',
  PRIMARY KEY (`id`) USING BTREE
) ENGINE = InnoDB AUTO_INCREMENT = 27 CHARACTER SET = utf8 COLLATE = utf8_general_ci ROW_FORMAT = Dynamic;

-- ----------------------------
-- Records of dim_app_plat
-- ----------------------------
INSERT INTO `dim_app_plat` VALUES (-9, '未知');
INSERT INTO `dim_app_plat` VALUES (3, 'IOS');
INSERT INTO `dim_app_plat` VALUES (4, 'Android');
INSERT INTO `dim_app_plat` VALUES (15, 'Windows');
INSERT INTO `dim_app_plat` VALUES (21, 'Web');
INSERT INTO `dim_app_plat` VALUES (25, 'MacOS');
INSERT INTO `dim_app_plat` VALUES (26, 'Pc');

-- ----------------------------
-- Table structure for dim_carrier
-- ----------------------------
DROP TABLE IF EXISTS `dim_carrier`;
CREATE TABLE `dim_carrier`  (
  `id` int(10) UNSIGNED NOT NULL AUTO_INCREMENT COMMENT '运营商ID',
  `country_code` varchar(64) CHARACTER SET utf8 COLLATE utf8_bin DEFAULT NULL COMMENT '国家代码',
  `name` varchar(64) CHARACTER SET utf8 COLLATE utf8_bin NOT NULL COMMENT '运营商名称',
  PRIMARY KEY (`id`) USING BTREE
) ENGINE = InnoDB AUTO_INCREMENT = 90106 CHARACTER SET = utf8 COLLATE = utf8_bin COMMENT = '移动运营商字典表' ROW_FORMAT = Dynamic;

-- ----------------------------
-- Records of dim_carrier
-- ----------------------------
INSERT INTO `dim_carrier` VALUES (20201, 'GR', 'Cosmote');
INSERT INTO `dim_carrier` VALUES (20205, 'GR', 'Vodafone GR');
INSERT INTO `dim_carrier` VALUES (20210, 'GR', 'TELESTET');
INSERT INTO `dim_carrier` VALUES (20404, 'NL', 'Vodafone NL');
INSERT INTO `dim_carrier` VALUES (20408, 'NL', 'KPN');
INSERT INTO `dim_carrier` VALUES (20412, 'NL', 'O2 - NL');
INSERT INTO `dim_carrier` VALUES (20416, 'NL', 'Ben');
INSERT INTO `dim_carrier` VALUES (20420, 'NL', 'dutchtone');
INSERT INTO `dim_carrier` VALUES (20601, 'BE', 'Proximus');
INSERT INTO `dim_carrier` VALUES (20610, 'BE', 'Mobistar');
INSERT INTO `dim_carrier` VALUES (20620, 'BE', 'Orange');
INSERT INTO `dim_carrier` VALUES (20801, 'FR', 'Orange');
INSERT INTO `dim_carrier` VALUES (20810, 'FR', 'SFR');
INSERT INTO `dim_carrier` VALUES (20820, 'FR', 'BOUYGTEL');
INSERT INTO `dim_carrier` VALUES (21303, 'AD', 'Mobiland');
INSERT INTO `dim_carrier` VALUES (21401, 'ES', 'Vodafone E');
INSERT INTO `dim_carrier` VALUES (21402, 'ES', 'MoviStar');
INSERT INTO `dim_carrier` VALUES (21403, 'ES', 'AMENA');
INSERT INTO `dim_carrier` VALUES (21404, 'ES', 'Xfera');
INSERT INTO `dim_carrier` VALUES (21407, 'ES', 'MoviStar');
INSERT INTO `dim_carrier` VALUES (21601, 'HU', 'Pannon GSM');
INSERT INTO `dim_carrier` VALUES (21630, 'HU', 'Westel');
INSERT INTO `dim_carrier` VALUES (21670, 'HU', 'Vodafone');
INSERT INTO `dim_carrier` VALUES (21803, 'BA', 'ERONET');
INSERT INTO `dim_carrier` VALUES (21805, 'BA', 'Mobilna Srpska');
INSERT INTO `dim_carrier` VALUES (21890, 'BA', 'GSM BiH');
INSERT INTO `dim_carrier` VALUES (21901, 'HR', 'CRONET');
INSERT INTO `dim_carrier` VALUES (21910, 'HR', 'VIP');
INSERT INTO `dim_carrier` VALUES (22001, 'YU', 'MOBTEL');
INSERT INTO `dim_carrier` VALUES (22002, 'YU', 'ProMonte');
INSERT INTO `dim_carrier` VALUES (22003, 'YU', 'Telekom Srbija');
INSERT INTO `dim_carrier` VALUES (22004, 'YU', 'MONET');
INSERT INTO `dim_carrier` VALUES (22201, 'IT', 'TIM');
INSERT INTO `dim_carrier` VALUES (22210, 'IT', 'Vodafone IT');
INSERT INTO `dim_carrier` VALUES (22288, 'IT', 'WIND');
INSERT INTO `dim_carrier` VALUES (22298, 'IT', 'Blu SpA');
INSERT INTO `dim_carrier` VALUES (22601, 'RO', 'CONNEX');
INSERT INTO `dim_carrier` VALUES (22603, 'RO', 'Cosmorom');
INSERT INTO `dim_carrier` VALUES (22610, 'RO', 'dialog');
INSERT INTO `dim_carrier` VALUES (22801, 'CH', 'Swiss GSM');
INSERT INTO `dim_carrier` VALUES (22802, 'CH', 'sunrise');
INSERT INTO `dim_carrier` VALUES (22803, 'CH', 'Orange');
INSERT INTO `dim_carrier` VALUES (23001, 'CZ', 'PAEGAS');
INSERT INTO `dim_carrier` VALUES (23002, 'CZ', 'EUROTEL');
INSERT INTO `dim_carrier` VALUES (23003, 'CZ', 'OSKAR');
INSERT INTO `dim_carrier` VALUES (23101, 'SK', 'GLOBTEL');
INSERT INTO `dim_carrier` VALUES (23102, 'SK', 'EUROTEL');
INSERT INTO `dim_carrier` VALUES (23201, 'AT', 'A1');
INSERT INTO `dim_carrier` VALUES (23203, 'AT', 'T-Mobile');
INSERT INTO `dim_carrier` VALUES (23205, 'AT', 'ONE');
INSERT INTO `dim_carrier` VALUES (23207, 'AT', 'tele.ring');
INSERT INTO `dim_carrier` VALUES (23410, 'GB', 'O2 - UK');
INSERT INTO `dim_carrier` VALUES (23415, 'GB', 'Vodafone');
INSERT INTO `dim_carrier` VALUES (23430, 'GB', 'T-Mobile UK');
INSERT INTO `dim_carrier` VALUES (23431, 'GB', 'T-Mobile UK');
INSERT INTO `dim_carrier` VALUES (23432, 'GB', 'T-Mobile UK');
INSERT INTO `dim_carrier` VALUES (23433, 'GB', 'Orange');
INSERT INTO `dim_carrier` VALUES (23450, 'GB', 'JT GSM');
INSERT INTO `dim_carrier` VALUES (23455, 'GB', 'GUERNSEY TEL');
INSERT INTO `dim_carrier` VALUES (23458, 'GB', 'MANX');
INSERT INTO `dim_carrier` VALUES (23801, 'DK', 'TDK-MOBIL');
INSERT INTO `dim_carrier` VALUES (23802, 'DK', 'SONOFON');
INSERT INTO `dim_carrier` VALUES (23820, 'DK', 'Telia');
INSERT INTO `dim_carrier` VALUES (23830, 'DK', 'Orange');
INSERT INTO `dim_carrier` VALUES (24001, 'SE', 'Telia S');
INSERT INTO `dim_carrier` VALUES (24007, 'SE', 'IQ');
INSERT INTO `dim_carrier` VALUES (24008, 'SE', 'Vodafone');
INSERT INTO `dim_carrier` VALUES (24201, 'NO', 'TELENOR');
INSERT INTO `dim_carrier` VALUES (24202, 'NO', 'NetCom');
INSERT INTO `dim_carrier` VALUES (24403, 'FI', 'Telia');
INSERT INTO `dim_carrier` VALUES (24405, 'FI', 'RADIOLINJA');
INSERT INTO `dim_carrier` VALUES (24409, 'FI', 'FINNET');
INSERT INTO `dim_carrier` VALUES (24412, 'FI', '2G');
INSERT INTO `dim_carrier` VALUES (24414, 'FI', 'AMT');
INSERT INTO `dim_carrier` VALUES (24491, 'FI', 'SONERA');
INSERT INTO `dim_carrier` VALUES (24601, 'LT', 'OMNITEL');
INSERT INTO `dim_carrier` VALUES (24602, 'LT', 'Bite GSM');
INSERT INTO `dim_carrier` VALUES (24603, 'LT', 'TELE2');
INSERT INTO `dim_carrier` VALUES (24701, 'LV', 'LMT GSM');
INSERT INTO `dim_carrier` VALUES (24702, 'LV', 'BALTCOM');
INSERT INTO `dim_carrier` VALUES (24801, 'EE', 'EMT GSM');
INSERT INTO `dim_carrier` VALUES (24802, 'EE', 'RLE');
INSERT INTO `dim_carrier` VALUES (24803, 'EE', 'Q GSM');
INSERT INTO `dim_carrier` VALUES (25001, 'RU', 'MTS');
INSERT INTO `dim_carrier` VALUES (25002, 'RU', 'NorthWest GSM');
INSERT INTO `dim_carrier` VALUES (25003, 'RU', 'NCC');
INSERT INTO `dim_carrier` VALUES (25005, 'RU', 'SCS');
INSERT INTO `dim_carrier` VALUES (25007, 'RU', 'SMARTS');
INSERT INTO `dim_carrier` VALUES (25010, 'RU', 'DTC');
INSERT INTO `dim_carrier` VALUES (25011, 'RU', 'Orensot');
INSERT INTO `dim_carrier` VALUES (25012, 'RU', 'Far East');
INSERT INTO `dim_carrier` VALUES (25013, 'RU', 'Kuban GSM');
INSERT INTO `dim_carrier` VALUES (25016, 'RU', 'NTC');
INSERT INTO `dim_carrier` VALUES (25017, 'RU', 'Ermak RMS');
INSERT INTO `dim_carrier` VALUES (25028, 'RU', 'EXTEL');
INSERT INTO `dim_carrier` VALUES (25039, 'RU', 'Uraltel');
INSERT INTO `dim_carrier` VALUES (25044, 'RU', 'NC-GSM');
INSERT INTO `dim_carrier` VALUES (25091, 'RU', 'Sonic Duo');
INSERT INTO `dim_carrier` VALUES (25092, 'RU', 'Primtel');
INSERT INTO `dim_carrier` VALUES (25093, 'RU', 'JSC Telecom XXI');
INSERT INTO `dim_carrier` VALUES (25099, 'RU', 'Bee Line');
INSERT INTO `dim_carrier` VALUES (25501, 'UA', 'UMC');
INSERT INTO `dim_carrier` VALUES (25502, 'UA', 'WellCOM');
INSERT INTO `dim_carrier` VALUES (25503, 'UA', 'Kyivstar');
INSERT INTO `dim_carrier` VALUES (25505, 'UA', 'Golden Telecom');
INSERT INTO `dim_carrier` VALUES (25701, 'BY', 'VELCOM');
INSERT INTO `dim_carrier` VALUES (25901, 'MD', 'VOXTEL');
INSERT INTO `dim_carrier` VALUES (25902, 'MD', 'MOLDCELL');
INSERT INTO `dim_carrier` VALUES (26001, 'PL', 'Plus GSM');
INSERT INTO `dim_carrier` VALUES (26002, 'PL', 'Era GSM');
INSERT INTO `dim_carrier` VALUES (26003, 'PL', 'IDEA');
INSERT INTO `dim_carrier` VALUES (26201, 'DE', 'T-Mobile');
INSERT INTO `dim_carrier` VALUES (26202, 'DE', 'Vodafone D2');
INSERT INTO `dim_carrier` VALUES (26203, 'DE', 'E-Plus');
INSERT INTO `dim_carrier` VALUES (26207, 'DE', 'O2 - DE');
INSERT INTO `dim_carrier` VALUES (26213, 'DE', 'Mobilcom');
INSERT INTO `dim_carrier` VALUES (26601, 'GI', 'GIBTEL');
INSERT INTO `dim_carrier` VALUES (26801, 'PT', 'Vodafone');
INSERT INTO `dim_carrier` VALUES (26803, 'PT', 'OPTIMUS');
INSERT INTO `dim_carrier` VALUES (26806, 'PT', 'TMN');
INSERT INTO `dim_carrier` VALUES (27001, 'LU', 'LUXGSM');
INSERT INTO `dim_carrier` VALUES (27077, 'LU', 'TANGO');
INSERT INTO `dim_carrier` VALUES (27201, 'IE', 'Vodafone IRL');
INSERT INTO `dim_carrier` VALUES (27202, 'IE', 'O2 - IRL');
INSERT INTO `dim_carrier` VALUES (27203, 'IE', 'METEOR');
INSERT INTO `dim_carrier` VALUES (27401, 'IS', 'SIMINN');
INSERT INTO `dim_carrier` VALUES (27402, 'IS', 'TAL');
INSERT INTO `dim_carrier` VALUES (27404, 'IS', 'Viking');
INSERT INTO `dim_carrier` VALUES (27601, 'AL', 'AMC');
INSERT INTO `dim_carrier` VALUES (27602, 'AL', 'Vodafone');
INSERT INTO `dim_carrier` VALUES (27801, 'MT', 'Vodafone Malta');
INSERT INTO `dim_carrier` VALUES (27821, 'MT', 'Go mobile');
INSERT INTO `dim_carrier` VALUES (28001, 'CY', 'CYTAGSM');
INSERT INTO `dim_carrier` VALUES (28201, 'GE', 'GEOCELL');
INSERT INTO `dim_carrier` VALUES (28202, 'GE', 'Magti GSM');
INSERT INTO `dim_carrier` VALUES (28203, 'GE', 'GEO 03');
INSERT INTO `dim_carrier` VALUES (28301, 'AM', 'ARMGSM');
INSERT INTO `dim_carrier` VALUES (28401, 'BG', 'M-TEL GSM');
INSERT INTO `dim_carrier` VALUES (28601, 'TR', 'TURKCELL');
INSERT INTO `dim_carrier` VALUES (28602, 'TR', 'TELSIM');
INSERT INTO `dim_carrier` VALUES (28603, 'TR', 'ARIA');
INSERT INTO `dim_carrier` VALUES (28604, 'TR', 'AYCELL');
INSERT INTO `dim_carrier` VALUES (28801, 'FO', 'FT GSM');
INSERT INTO `dim_carrier` VALUES (29001, 'GR', 'TELE Greenland');
INSERT INTO `dim_carrier` VALUES (29340, 'SI', 'SI.MOBIL');
INSERT INTO `dim_carrier` VALUES (29341, 'SI', 'MOBITEL');
INSERT INTO `dim_carrier` VALUES (29401, 'MK', 'MOBIMAK');
INSERT INTO `dim_carrier` VALUES (29501, 'LI', 'TELECOM');
INSERT INTO `dim_carrier` VALUES (29502, 'LI', 'MONTEL');
INSERT INTO `dim_carrier` VALUES (29505, 'LI', 'FL1');
INSERT INTO `dim_carrier` VALUES (29577, 'LI', 'LI TANGO');
INSERT INTO `dim_carrier` VALUES (30237, 'CA', 'Microcell');
INSERT INTO `dim_carrier` VALUES (30272, 'CA', 'Rogers AT&T');
INSERT INTO `dim_carrier` VALUES (31001, 'US', 'Cellnet');
INSERT INTO `dim_carrier` VALUES (31011, 'US', 'Wireless 2000');
INSERT INTO `dim_carrier` VALUES (31015, 'US', 'Cingular');
INSERT INTO `dim_carrier` VALUES (31016, 'US', 'T-Mobile');
INSERT INTO `dim_carrier` VALUES (31017, 'US', 'Cingular');
INSERT INTO `dim_carrier` VALUES (31018, 'US', 'Cingular');
INSERT INTO `dim_carrier` VALUES (31020, 'US', 'T-Mobile');
INSERT INTO `dim_carrier` VALUES (31021, 'US', 'T-Mobile');
INSERT INTO `dim_carrier` VALUES (31022, 'US', 'T-Mobile');
INSERT INTO `dim_carrier` VALUES (31023, 'US', 'T-Mobile');
INSERT INTO `dim_carrier` VALUES (31024, 'US', 'T-Mobile');
INSERT INTO `dim_carrier` VALUES (31025, 'US', 'T-Mobile');
INSERT INTO `dim_carrier` VALUES (31026, 'US', 'T-Mobile');
INSERT INTO `dim_carrier` VALUES (31027, 'US', 'T-Mobile');
INSERT INTO `dim_carrier` VALUES (31031, 'US', 'T-Mobile');
INSERT INTO `dim_carrier` VALUES (31034, 'US', 'WestLink');
INSERT INTO `dim_carrier` VALUES (31035, 'US', 'Carolina');
INSERT INTO `dim_carrier` VALUES (31038, 'US', 'AT&T Wireless');
INSERT INTO `dim_carrier` VALUES (31041, 'US', 'Cingular');
INSERT INTO `dim_carrier` VALUES (31046, 'US', 'TMP Corp');
INSERT INTO `dim_carrier` VALUES (31058, 'US', 'T-Mobile');
INSERT INTO `dim_carrier` VALUES (31061, 'US', 'Epic Touch');
INSERT INTO `dim_carrier` VALUES (31063, 'US', 'AmeriLink');
INSERT INTO `dim_carrier` VALUES (31064, 'US', 'Einstein PCS');
INSERT INTO `dim_carrier` VALUES (31066, 'US', 'T-Mobile');
INSERT INTO `dim_carrier` VALUES (31067, 'US', 'Wireless 2000');
INSERT INTO `dim_carrier` VALUES (31068, 'US', 'NPI Wireless');
INSERT INTO `dim_carrier` VALUES (31069, 'US', 'Conestoga');
INSERT INTO `dim_carrier` VALUES (31074, 'US', 'Telemetrix');
INSERT INTO `dim_carrier` VALUES (31076, 'US', 'PTSI');
INSERT INTO `dim_carrier` VALUES (31077, 'US', 'Iowa Wireless');
INSERT INTO `dim_carrier` VALUES (31078, 'US', 'Airlink PCS');
INSERT INTO `dim_carrier` VALUES (31079, 'US', 'PinPoint');
INSERT INTO `dim_carrier` VALUES (31080, 'US', 'T-Mobile');
INSERT INTO `dim_carrier` VALUES (31098, 'US', 'AWS');
INSERT INTO `dim_carrier` VALUES (31114, 'UNKNOWN_COUNTRY_CODE', 'Sprocket');
INSERT INTO `dim_carrier` VALUES (31601, 'UNKNOWN_COUNTRY_CODE', 'Nextel');
INSERT INTO `dim_carrier` VALUES (33805, 'JM', 'Digicel');
INSERT INTO `dim_carrier` VALUES (34001, 'FW', 'Orange');
INSERT INTO `dim_carrier` VALUES (34020, 'FW', 'Bouygues');
INSERT INTO `dim_carrier` VALUES (34430, 'AG', 'APUA PCS');
INSERT INTO `dim_carrier` VALUES (35001, 'BM', 'Telecom');
INSERT INTO `dim_carrier` VALUES (36251, 'AN', 'Telcell GSM');
INSERT INTO `dim_carrier` VALUES (36801, 'CU', 'C_Com');
INSERT INTO `dim_carrier` VALUES (37001, 'DO', 'Orange');
INSERT INTO `dim_carrier` VALUES (40001, 'AZ', 'AZERCELL GSM');
INSERT INTO `dim_carrier` VALUES (40002, 'AZ', 'BAKCELL GSM 2000');
INSERT INTO `dim_carrier` VALUES (40101, 'KZ', 'K-MOBILE');
INSERT INTO `dim_carrier` VALUES (40102, 'KZ', 'K\'CELL');
INSERT INTO `dim_carrier` VALUES (40401, 'IN', 'Hutch');
INSERT INTO `dim_carrier` VALUES (40402, 'IN', 'Airtel');
INSERT INTO `dim_carrier` VALUES (40403, 'IN', 'Airtel');
INSERT INTO `dim_carrier` VALUES (40404, 'IN', 'IDEA');
INSERT INTO `dim_carrier` VALUES (40405, 'IN', 'Hutch');
INSERT INTO `dim_carrier` VALUES (40407, 'IN', 'IDEA');
INSERT INTO `dim_carrier` VALUES (40409, 'IN', 'Reliance');
INSERT INTO `dim_carrier` VALUES (40410, 'IN', 'Airtel');
INSERT INTO `dim_carrier` VALUES (40411, 'IN', 'Hutch');
INSERT INTO `dim_carrier` VALUES (40412, 'IN', 'IDEA');
INSERT INTO `dim_carrier` VALUES (40413, 'IN', 'Hutch');
INSERT INTO `dim_carrier` VALUES (40414, 'IN', 'Spice');
INSERT INTO `dim_carrier` VALUES (40415, 'IN', 'Hutch');
INSERT INTO `dim_carrier` VALUES (40416, 'IN', 'Airtel');
INSERT INTO `dim_carrier` VALUES (40418, 'IN', 'Reliance');
INSERT INTO `dim_carrier` VALUES (40419, 'IN', 'IDEA');
INSERT INTO `dim_carrier` VALUES (40420, 'IN', 'Hutch');
INSERT INTO `dim_carrier` VALUES (40421, 'IN', 'BPL Mobile');
INSERT INTO `dim_carrier` VALUES (40422, 'IN', 'IDEA');
INSERT INTO `dim_carrier` VALUES (40424, 'IN', 'IDEA');
INSERT INTO `dim_carrier` VALUES (40427, 'IN', 'Hutch');
INSERT INTO `dim_carrier` VALUES (40429, 'IN', 'Aircel');
INSERT INTO `dim_carrier` VALUES (40430, 'IN', 'Hutch');
INSERT INTO `dim_carrier` VALUES (40431, 'IN', 'Airtel');
INSERT INTO `dim_carrier` VALUES (40434, 'IN', 'Cellone');
INSERT INTO `dim_carrier` VALUES (40436, 'IN', 'Reliance');
INSERT INTO `dim_carrier` VALUES (40437, 'IN', 'Aircel');
INSERT INTO `dim_carrier` VALUES (40438, 'IN', 'Cellone');
INSERT INTO `dim_carrier` VALUES (40440, 'IN', 'Airtel');
INSERT INTO `dim_carrier` VALUES (40441, 'IN', 'RPG');
INSERT INTO `dim_carrier` VALUES (40443, 'IN', 'Hutch');
INSERT INTO `dim_carrier` VALUES (40444, 'IN', 'Spice');
INSERT INTO `dim_carrier` VALUES (40445, 'IN', 'Airtel');
INSERT INTO `dim_carrier` VALUES (40446, 'IN', 'Hutch');
INSERT INTO `dim_carrier` VALUES (40449, 'IN', 'Airtel');
INSERT INTO `dim_carrier` VALUES (40450, 'IN', 'Reliance');
INSERT INTO `dim_carrier` VALUES (40451, 'IN', 'Cellone');
INSERT INTO `dim_carrier` VALUES (40452, 'IN', 'Reliance');
INSERT INTO `dim_carrier` VALUES (40453, 'IN', 'Cellone');
INSERT INTO `dim_carrier` VALUES (40454, 'IN', 'Cellone');
INSERT INTO `dim_carrier` VALUES (40455, 'IN', 'Cellone');
INSERT INTO `dim_carrier` VALUES (40456, 'IN', 'IDEA');
INSERT INTO `dim_carrier` VALUES (40457, 'IN', 'Cellone');
INSERT INTO `dim_carrier` VALUES (40458, 'IN', 'Cellone');
INSERT INTO `dim_carrier` VALUES (40459, 'IN', 'Cellone');
INSERT INTO `dim_carrier` VALUES (40460, 'IN', 'Hutch');
INSERT INTO `dim_carrier` VALUES (40462, 'IN', 'Cellone');
INSERT INTO `dim_carrier` VALUES (40464, 'IN', 'Cellone');
INSERT INTO `dim_carrier` VALUES (40466, 'IN', 'Cellone');
INSERT INTO `dim_carrier` VALUES (40467, 'IN', 'Reliance');
INSERT INTO `dim_carrier` VALUES (40468, 'IN', 'DOLPHIN');
INSERT INTO `dim_carrier` VALUES (40469, 'IN', 'MTNL');
INSERT INTO `dim_carrier` VALUES (40470, 'IN', 'Airtel');
INSERT INTO `dim_carrier` VALUES (40471, 'IN', 'Cellone');
INSERT INTO `dim_carrier` VALUES (40472, 'IN', 'Cellone');
INSERT INTO `dim_carrier` VALUES (40473, 'IN', 'Cellone');
INSERT INTO `dim_carrier` VALUES (40474, 'IN', 'Cellone');
INSERT INTO `dim_carrier` VALUES (40475, 'IN', 'Cellone');
INSERT INTO `dim_carrier` VALUES (40476, 'IN', 'Cellone');
INSERT INTO `dim_carrier` VALUES (40477, 'IN', 'Cellone');
INSERT INTO `dim_carrier` VALUES (40478, 'IN', 'IDEA');
INSERT INTO `dim_carrier` VALUES (40479, 'IN', 'Cellone');
INSERT INTO `dim_carrier` VALUES (40480, 'IN', 'Cellone');
INSERT INTO `dim_carrier` VALUES (40481, 'IN', 'Cellone');
INSERT INTO `dim_carrier` VALUES (40482, 'IN', 'IDEA');
INSERT INTO `dim_carrier` VALUES (40483, 'IN', 'Reliance');
INSERT INTO `dim_carrier` VALUES (40484, 'IN', 'Hutch');
INSERT INTO `dim_carrier` VALUES (40485, 'IN', 'Reliance');
INSERT INTO `dim_carrier` VALUES (40486, 'IN', 'Hutch');
INSERT INTO `dim_carrier` VALUES (40487, 'IN', 'IDEA');
INSERT INTO `dim_carrier` VALUES (40488, 'IN', 'Hutch');
INSERT INTO `dim_carrier` VALUES (40489, 'IN', 'IDEA');
INSERT INTO `dim_carrier` VALUES (40490, 'IN', 'Airtel');
INSERT INTO `dim_carrier` VALUES (40492, 'IN', 'Airtel');
INSERT INTO `dim_carrier` VALUES (40493, 'IN', 'Airtel');
INSERT INTO `dim_carrier` VALUES (40494, 'IN', 'Airtel');
INSERT INTO `dim_carrier` VALUES (40495, 'IN', 'Airtel');
INSERT INTO `dim_carrier` VALUES (40496, 'IN', 'Airtel');
INSERT INTO `dim_carrier` VALUES (40497, 'IN', 'Airtel');
INSERT INTO `dim_carrier` VALUES (40498, 'IN', 'Airtel');
INSERT INTO `dim_carrier` VALUES (40551, 'IN', 'Airtel');
INSERT INTO `dim_carrier` VALUES (40552, 'IN', 'Airtel');
INSERT INTO `dim_carrier` VALUES (40553, 'IN', 'Airtel');
INSERT INTO `dim_carrier` VALUES (40554, 'IN', 'Airtel');
INSERT INTO `dim_carrier` VALUES (40555, 'IN', 'Airtel');
INSERT INTO `dim_carrier` VALUES (40556, 'IN', 'Airtel');
INSERT INTO `dim_carrier` VALUES (40566, 'IN', 'Hutch');
INSERT INTO `dim_carrier` VALUES (40567, 'IN', 'Hutch');
INSERT INTO `dim_carrier` VALUES (41001, 'PK', 'Mobilink');
INSERT INTO `dim_carrier` VALUES (41302, 'LK', 'DIALOG');
INSERT INTO `dim_carrier` VALUES (41303, 'LK', 'CELLTEL');
INSERT INTO `dim_carrier` VALUES (41401, 'MM', 'MM 900');
INSERT INTO `dim_carrier` VALUES (41501, 'LB', 'Cellis');
INSERT INTO `dim_carrier` VALUES (41503, 'LB', 'LibanCell');
INSERT INTO `dim_carrier` VALUES (41601, 'JO', 'Fastlink');
INSERT INTO `dim_carrier` VALUES (41677, 'JO', 'MobileCom');
INSERT INTO `dim_carrier` VALUES (41702, 'SY', 'Spacetel');
INSERT INTO `dim_carrier` VALUES (41709, 'SY', 'MOBILE SYRIA');
INSERT INTO `dim_carrier` VALUES (41902, 'KW', 'MTCNet');
INSERT INTO `dim_carrier` VALUES (41903, 'KW', 'WATANIYA');
INSERT INTO `dim_carrier` VALUES (42001, 'SA', 'Al-Jawal');
INSERT INTO `dim_carrier` VALUES (42007, 'SA', 'EAE');
INSERT INTO `dim_carrier` VALUES (42102, 'YE', 'Spacetel');
INSERT INTO `dim_carrier` VALUES (42202, 'OM', 'OMAN MOBILE');
INSERT INTO `dim_carrier` VALUES (42402, 'AE', 'ETISALAT');
INSERT INTO `dim_carrier` VALUES (42501, 'IL', 'Orange');
INSERT INTO `dim_carrier` VALUES (42505, 'IL', 'JAWWAL');
INSERT INTO `dim_carrier` VALUES (42601, 'BH', 'MOBILE PLUS');
INSERT INTO `dim_carrier` VALUES (42701, 'QA', 'QATARNET');
INSERT INTO `dim_carrier` VALUES (42899, 'MN', 'MobiCom');
INSERT INTO `dim_carrier` VALUES (42901, 'NP', 'NTC');
INSERT INTO `dim_carrier` VALUES (43211, 'IR', 'TCI');
INSERT INTO `dim_carrier` VALUES (43214, 'IR', 'KISH');
INSERT INTO `dim_carrier` VALUES (43401, 'UZ', 'Buztel');
INSERT INTO `dim_carrier` VALUES (43402, 'UZ', 'Uzmacom');
INSERT INTO `dim_carrier` VALUES (43404, 'UZ', 'UZB DAEWOO-GSM');
INSERT INTO `dim_carrier` VALUES (43405, 'UZ', 'Coscom');
INSERT INTO `dim_carrier` VALUES (43701, 'KG', 'BITEL');
INSERT INTO `dim_carrier` VALUES (43801, 'TM', 'BCTI');
INSERT INTO `dim_carrier` VALUES (45201, 'VN', 'MOBIFONE');
INSERT INTO `dim_carrier` VALUES (45202, 'VN', 'VINAFONE');
INSERT INTO `dim_carrier` VALUES (45400, 'HK', 'CSL');
INSERT INTO `dim_carrier` VALUES (45401, 'HK', 'NEW WORLD');
INSERT INTO `dim_carrier` VALUES (45402, 'HK', 'CSL');
INSERT INTO `dim_carrier` VALUES (45404, 'HK', 'Orange');
INSERT INTO `dim_carrier` VALUES (45406, 'HK', 'SMC');
INSERT INTO `dim_carrier` VALUES (45410, 'HK', 'NEW WORLD');
INSERT INTO `dim_carrier` VALUES (45412, 'HK', 'PEOPLES');
INSERT INTO `dim_carrier` VALUES (45416, 'HK', 'SUNDAY');
INSERT INTO `dim_carrier` VALUES (45418, 'HK', 'HK TELECOM');
INSERT INTO `dim_carrier` VALUES (45500, 'UNKNOWN_COUNTRY_CODE', 'SmarTone');
INSERT INTO `dim_carrier` VALUES (45501, 'UNKNOWN_COUNTRY_CODE', 'CTMGSM');
INSERT INTO `dim_carrier` VALUES (45503, 'UNKNOWN_COUNTRY_CODE', 'HT Macau');
INSERT INTO `dim_carrier` VALUES (45601, 'KH', 'MobiTel');
INSERT INTO `dim_carrier` VALUES (45602, 'KH', 'SAMART-GSM');
INSERT INTO `dim_carrier` VALUES (45701, 'LA', 'LAO GSM');
INSERT INTO `dim_carrier` VALUES (46000, 'CN', '中国移动 （GSM）');
INSERT INTO `dim_carrier` VALUES (46001, 'CN', '中国联通 （GSM）');
INSERT INTO `dim_carrier` VALUES (46002, 'CN', '中国移动 （TD-S）');
INSERT INTO `dim_carrier` VALUES (46003, 'CN', '中国电信（CDMA）');
INSERT INTO `dim_carrier` VALUES (46004, 'CN', '专门用来做测试');
INSERT INTO `dim_carrier` VALUES (46005, 'CN', '中国电信 （CDMA）');
INSERT INTO `dim_carrier` VALUES (46006, 'CN', '中国联通 （WCDMA）');
INSERT INTO `dim_carrier` VALUES (46007, 'CN', '中国移动 （TD-S）');
INSERT INTO `dim_carrier` VALUES (46011, 'CN', '中国电信 （FDD-LTE）');
INSERT INTO `dim_carrier` VALUES (46601, 'TW', 'Far EasTone');
INSERT INTO `dim_carrier` VALUES (46606, 'TW', 'TUNTEX');
INSERT INTO `dim_carrier` VALUES (46668, 'TW', 'ACeS');
INSERT INTO `dim_carrier` VALUES (46688, 'TW', 'KGT');
INSERT INTO `dim_carrier` VALUES (46692, 'TW', 'Chunghwa');
INSERT INTO `dim_carrier` VALUES (46693, 'TW', 'MobiTai');
INSERT INTO `dim_carrier` VALUES (46697, 'TW', 'TWN GSM');
INSERT INTO `dim_carrier` VALUES (46699, 'TW', 'TransAsia');
INSERT INTO `dim_carrier` VALUES (47001, 'BD', 'GrameemPhone');
INSERT INTO `dim_carrier` VALUES (47002, 'BD', 'AKTEL');
INSERT INTO `dim_carrier` VALUES (47003, 'BD', 'ShebaWorld');
INSERT INTO `dim_carrier` VALUES (47019, 'BD', 'Mobile 2000');
INSERT INTO `dim_carrier` VALUES (47201, 'MV', 'DHIMOBILE');
INSERT INTO `dim_carrier` VALUES (50212, 'MY', 'Maxis Mobile');
INSERT INTO `dim_carrier` VALUES (50213, 'MY', 'TM Touch');
INSERT INTO `dim_carrier` VALUES (50216, 'MY', 'DiGi');
INSERT INTO `dim_carrier` VALUES (50217, 'MY', 'ADAM');
INSERT INTO `dim_carrier` VALUES (50219, 'MY', 'CELCOM');
INSERT INTO `dim_carrier` VALUES (50501, 'AU', 'MobileNet');
INSERT INTO `dim_carrier` VALUES (50502, 'AU', 'OPTUS');
INSERT INTO `dim_carrier` VALUES (50503, 'AU', 'Vodafone');
INSERT INTO `dim_carrier` VALUES (50508, 'AU', 'One.Tel');
INSERT INTO `dim_carrier` VALUES (51000, 'ID', 'ACeS');
INSERT INTO `dim_carrier` VALUES (51001, 'ID', 'SATELINDOCEL');
INSERT INTO `dim_carrier` VALUES (51008, 'ID', 'LIPPO TEL');
INSERT INTO `dim_carrier` VALUES (51010, 'ID', 'TELKOMSEL');
INSERT INTO `dim_carrier` VALUES (51011, 'ID', 'GSM-XL');
INSERT INTO `dim_carrier` VALUES (51021, 'ID', 'INDOSAT');
INSERT INTO `dim_carrier` VALUES (51501, 'PH', 'ISLACOM');
INSERT INTO `dim_carrier` VALUES (51502, 'PH', 'Globe');
INSERT INTO `dim_carrier` VALUES (51503, 'PH', 'SMART');
INSERT INTO `dim_carrier` VALUES (51505, 'PH', 'Digitel');
INSERT INTO `dim_carrier` VALUES (51511, 'PH', 'ACeS');
INSERT INTO `dim_carrier` VALUES (52001, 'TH', 'AIS GSM');
INSERT INTO `dim_carrier` VALUES (52015, 'TH', 'ACT Mobile');
INSERT INTO `dim_carrier` VALUES (52018, 'TH', 'WP-1800');
INSERT INTO `dim_carrier` VALUES (52020, 'TH', 'ACeS');
INSERT INTO `dim_carrier` VALUES (52023, 'TH', 'HELLO');
INSERT INTO `dim_carrier` VALUES (52099, 'TH', 'Orange');
INSERT INTO `dim_carrier` VALUES (52501, 'SG', 'ST-GSM-SGP');
INSERT INTO `dim_carrier` VALUES (52502, 'SG', 'ST-GSM1800-SGP');
INSERT INTO `dim_carrier` VALUES (52503, 'SG', 'M1-GSM-SGP');
INSERT INTO `dim_carrier` VALUES (52504, 'SG', 'SGP-M1-3GSM');
INSERT INTO `dim_carrier` VALUES (52505, 'SG', 'STARHUB-SGP');
INSERT INTO `dim_carrier` VALUES (52811, 'BN', 'BRU TSTCom');
INSERT INTO `dim_carrier` VALUES (53001, 'NZ', 'Vodafone');
INSERT INTO `dim_carrier` VALUES (53901, 'TO', 'Tonga Comm.');
INSERT INTO `dim_carrier` VALUES (54100, 'VU', 'ACeS');
INSERT INTO `dim_carrier` VALUES (54101, 'VU', 'SMILE');
INSERT INTO `dim_carrier` VALUES (54201, 'FJ', 'Vodafone');
INSERT INTO `dim_carrier` VALUES (54411, 'AS', 'Blue Sky');
INSERT INTO `dim_carrier` VALUES (54601, 'NC', 'MOBILIS');
INSERT INTO `dim_carrier` VALUES (54720, 'PF', 'VINI');
INSERT INTO `dim_carrier` VALUES (55001, 'FM', 'FSM');
INSERT INTO `dim_carrier` VALUES (60201, 'EG', 'MobiNiL');
INSERT INTO `dim_carrier` VALUES (60202, 'EG', 'CLICK GSM');
INSERT INTO `dim_carrier` VALUES (60301, 'DZ', 'AMN');
INSERT INTO `dim_carrier` VALUES (60400, 'MA', 'Meditel');
INSERT INTO `dim_carrier` VALUES (60401, 'MA', 'IAM');
INSERT INTO `dim_carrier` VALUES (60502, 'TN', 'TUNICELL');
INSERT INTO `dim_carrier` VALUES (60801, 'SN', 'ALIZE');
INSERT INTO `dim_carrier` VALUES (60802, 'SN', 'SENTEL');
INSERT INTO `dim_carrier` VALUES (61001, 'ML', 'MALITEL');
INSERT INTO `dim_carrier` VALUES (61101, 'GN', 'MOBILIS');
INSERT INTO `dim_carrier` VALUES (61102, 'GN', 'LAGUI');
INSERT INTO `dim_carrier` VALUES (61201, 'CI', 'CORA');
INSERT INTO `dim_carrier` VALUES (61203, 'CI', 'Ivoiris');
INSERT INTO `dim_carrier` VALUES (61205, 'CI', 'TELECEL');
INSERT INTO `dim_carrier` VALUES (61302, 'BF', 'CELTEL');
INSERT INTO `dim_carrier` VALUES (61402, 'NE', 'CELTEL');
INSERT INTO `dim_carrier` VALUES (61501, 'TG', 'TOGOCEL');
INSERT INTO `dim_carrier` VALUES (61601, 'BJ', 'LIBERCOM');
INSERT INTO `dim_carrier` VALUES (61602, 'BJ', 'Telecel Benin');
INSERT INTO `dim_carrier` VALUES (61603, 'BJ', 'BENINCELL');
INSERT INTO `dim_carrier` VALUES (61701, 'MU', 'CELLPLUS');
INSERT INTO `dim_carrier` VALUES (61710, 'MU', 'EMTEL');
INSERT INTO `dim_carrier` VALUES (61801, 'LR', 'Omega');
INSERT INTO `dim_carrier` VALUES (62001, 'GH', 'SPACEFON');
INSERT INTO `dim_carrier` VALUES (62002, 'GH', 'ONEtouch');
INSERT INTO `dim_carrier` VALUES (62003, 'GH', 'MOBITEL');
INSERT INTO `dim_carrier` VALUES (62100, 'NG', 'MTN');
INSERT INTO `dim_carrier` VALUES (62120, 'NG', 'ECONET');
INSERT INTO `dim_carrier` VALUES (62130, 'NG', 'MTN');
INSERT INTO `dim_carrier` VALUES (62140, 'NG', 'NITEL GSM');
INSERT INTO `dim_carrier` VALUES (62201, 'TD', 'CELTEL');
INSERT INTO `dim_carrier` VALUES (62202, 'TD', 'LIBERTIS');
INSERT INTO `dim_carrier` VALUES (62401, 'CM', 'MTN-CAM');
INSERT INTO `dim_carrier` VALUES (62402, 'CM', 'MOBILIS');
INSERT INTO `dim_carrier` VALUES (62501, 'CV', 'CPV MOVEL');
INSERT INTO `dim_carrier` VALUES (62801, 'GA', 'LIBERTIS');
INSERT INTO `dim_carrier` VALUES (62802, 'GA', 'GO Celtel');
INSERT INTO `dim_carrier` VALUES (62803, 'GA', 'CELTEL');
INSERT INTO `dim_carrier` VALUES (62901, 'CG', 'CELTEL');
INSERT INTO `dim_carrier` VALUES (62910, 'CG', 'LIBERTIS');
INSERT INTO `dim_carrier` VALUES (63001, 'CD', 'CELLNET');
INSERT INTO `dim_carrier` VALUES (63002, 'CD', 'CELTEL');
INSERT INTO `dim_carrier` VALUES (63004, 'CD', 'CELLCO');
INSERT INTO `dim_carrier` VALUES (63089, 'CD', 'OASIS');
INSERT INTO `dim_carrier` VALUES (63301, 'SC', 'SEYCEL');
INSERT INTO `dim_carrier` VALUES (63310, 'SC', 'AIRTEL');
INSERT INTO `dim_carrier` VALUES (63401, 'MZ', 'MobiTel');
INSERT INTO `dim_carrier` VALUES (63510, 'RW', 'Rwandacell');
INSERT INTO `dim_carrier` VALUES (63601, 'ET', 'ETMTN');
INSERT INTO `dim_carrier` VALUES (63701, 'SO', 'BARAKAAT');
INSERT INTO `dim_carrier` VALUES (63902, 'KE', 'Safaricom');
INSERT INTO `dim_carrier` VALUES (63903, 'KE', 'KENCELL');
INSERT INTO `dim_carrier` VALUES (64001, 'TZ', 'TRITEL');
INSERT INTO `dim_carrier` VALUES (64002, 'TZ', 'MobiTel');
INSERT INTO `dim_carrier` VALUES (64003, 'TZ', 'ZANTEL');
INSERT INTO `dim_carrier` VALUES (64004, 'TZ', 'Vodacom');
INSERT INTO `dim_carrier` VALUES (64005, 'TZ', 'CELTEL');
INSERT INTO `dim_carrier` VALUES (64101, 'UG', 'CelTel');
INSERT INTO `dim_carrier` VALUES (64110, 'UG', 'MTN-UGANDA');
INSERT INTO `dim_carrier` VALUES (64111, 'UG', 'UTL TELECEL');
INSERT INTO `dim_carrier` VALUES (64201, 'BI', 'Spacetel');
INSERT INTO `dim_carrier` VALUES (64202, 'BI', 'SAFARIS');
INSERT INTO `dim_carrier` VALUES (64301, 'UNKNOWN_COUNTRY_CODE', 'mCel');
INSERT INTO `dim_carrier` VALUES (64501, 'UNKNOWN_COUNTRY_CODE', 'ZAMCELL');
INSERT INTO `dim_carrier` VALUES (64502, 'UNKNOWN_COUNTRY_CODE', 'TELECEL');
INSERT INTO `dim_carrier` VALUES (64601, 'MG', 'Madacom');
INSERT INTO `dim_carrier` VALUES (64602, 'MG', 'ANTARIS');
INSERT INTO `dim_carrier` VALUES (64700, 'RE', 'Orange Reunion');
INSERT INTO `dim_carrier` VALUES (64710, 'RE', 'SFR Reunion');
INSERT INTO `dim_carrier` VALUES (64801, 'ZW', 'NET*ONE');
INSERT INTO `dim_carrier` VALUES (64803, 'ZW', 'TELECEL');
INSERT INTO `dim_carrier` VALUES (64804, 'ZW', 'ECONET');
INSERT INTO `dim_carrier` VALUES (64901, 'NA', 'MTC');
INSERT INTO `dim_carrier` VALUES (65001, 'MW', 'CALLPOINT 90');
INSERT INTO `dim_carrier` VALUES (65010, 'MW', 'CelTel');
INSERT INTO `dim_carrier` VALUES (65101, 'LS', 'Vodacom');
INSERT INTO `dim_carrier` VALUES (65201, 'BW', 'MASCOM');
INSERT INTO `dim_carrier` VALUES (65202, 'BW', 'VISTA');
INSERT INTO `dim_carrier` VALUES (65310, 'SZ', 'SwaziMTN');
INSERT INTO `dim_carrier` VALUES (65501, 'ZA', 'Vodacom');
INSERT INTO `dim_carrier` VALUES (65507, 'ZA', 'Cell C (Pty) Ltd');
INSERT INTO `dim_carrier` VALUES (65510, 'ZA', 'MTN');
INSERT INTO `dim_carrier` VALUES (70601, 'SV', 'PERSONAL');
INSERT INTO `dim_carrier` VALUES (70602, 'SV', 'DIGICEL');
INSERT INTO `dim_carrier` VALUES (71610, 'PE', 'TIM');
INSERT INTO `dim_carrier` VALUES (72207, 'AR', 'UNIFON');
INSERT INTO `dim_carrier` VALUES (72234, 'AR', 'Telecom Personal');
INSERT INTO `dim_carrier` VALUES (72235, 'AR', 'PORT-HABLE');
INSERT INTO `dim_carrier` VALUES (72402, 'BR', 'TIM BRASIL');
INSERT INTO `dim_carrier` VALUES (72403, 'BR', 'TIM BRASIL');
INSERT INTO `dim_carrier` VALUES (72404, 'BR', 'TIM BRASIL');
INSERT INTO `dim_carrier` VALUES (72405, 'BR', 'Claro');
INSERT INTO `dim_carrier` VALUES (72416, 'BR', 'BrTCel');
INSERT INTO `dim_carrier` VALUES (73001, 'CL', 'ENTEL PCS');
INSERT INTO `dim_carrier` VALUES (73010, 'CL', 'ENTEL PCS');
INSERT INTO `dim_carrier` VALUES (73401, 'VE', 'INFONET');
INSERT INTO `dim_carrier` VALUES (73402, 'VE', 'DIGITEL');
INSERT INTO `dim_carrier` VALUES (73601, 'BO', 'NUEVATEL');
INSERT INTO `dim_carrier` VALUES (73602, 'BO', 'ENTEL');
INSERT INTO `dim_carrier` VALUES (74401, 'PY', 'VOX');
INSERT INTO `dim_carrier` VALUES (74402, 'PY', 'PY 02');
INSERT INTO `dim_carrier` VALUES (74601, 'SR', 'ICMS');
INSERT INTO `dim_carrier` VALUES (90105, 'UNKNOWN_COUNTRY_CODE', 'Thuraya');

-- ----------------------------
-- Table structure for dim_carrier_alias
-- ----------------------------
DROP TABLE IF EXISTS `dim_carrier_alias`;
CREATE TABLE `dim_carrier_alias`  (
  `id` int(10) UNSIGNED NOT NULL COMMENT '运营商ID',
  `alias_id` int(10) NOT NULL COMMENT '关联别名运营商ID',
  PRIMARY KEY (`id`) USING BTREE
) ENGINE = InnoDB CHARACTER SET = utf8 COLLATE = utf8_bin COMMENT = '移动运营商别名字典表' ROW_FORMAT = Dynamic;

-- ----------------------------
-- Table structure for dim_city
-- ----------------------------
DROP TABLE IF EXISTS `dim_city`;
CREATE TABLE `dim_city`  (
  `id` int(10) NOT NULL AUTO_INCREMENT COMMENT '城市代码',
  `country_id` int(10) NOT NULL COMMENT '国家ID',
  `region_id` int(10) NOT NULL COMMENT '地区ID',
  `name` varchar(64) CHARACTER SET utf8 COLLATE utf8_bin NOT NULL COMMENT '城市名称',
  PRIMARY KEY (`id`) USING BTREE
) ENGINE = InnoDB AUTO_INCREMENT = 510392 CHARACTER SET = utf8 COLLATE = utf8_bin COMMENT = '城市表' ROW_FORMAT = Dynamic;

-- ----------------------------
-- Records of dim_city
-- ----------------------------
INSERT INTO `dim_city` VALUES (-9, -9, -9, '未知');
INSERT INTO `dim_city` VALUES (510101, 3, 2, '成都市');
INSERT INTO `dim_city` VALUES (510102, 3, 5, '北京市');
INSERT INTO `dim_city` VALUES (510103, 3, 6, '东莞市');
INSERT INTO `dim_city` VALUES (510104, 3, 7, '上海市');
INSERT INTO `dim_city` VALUES (510105, 3, 8, '呼伦贝尔市');
INSERT INTO `dim_city` VALUES (510106, 3, 9, '西安市');
INSERT INTO `dim_city` VALUES (510108, 3, 11, '苏州市');
INSERT INTO `dim_city` VALUES (510109, 3, 12, '青岛市');
INSERT INTO `dim_city` VALUES (510110, 3, 13, '杭州市');
INSERT INTO `dim_city` VALUES (510111, 3, 11, '南京市');
INSERT INTO `dim_city` VALUES (510112, 3, 11, '扬州市');
INSERT INTO `dim_city` VALUES (510113, 3, 14, '天津市');
INSERT INTO `dim_city` VALUES (510114, 3, 12, '济南市');
INSERT INTO `dim_city` VALUES (510115, 3, 15, '武汉市');
INSERT INTO `dim_city` VALUES (510116, 3, 12, '德州市');
INSERT INTO `dim_city` VALUES (510117, 3, 16, '南阳市');
INSERT INTO `dim_city` VALUES (510118, 3, 17, '营口市');
INSERT INTO `dim_city` VALUES (510119, 3, 8, '呼和浩特市');
INSERT INTO `dim_city` VALUES (510120, 3, 18, '福州市');
INSERT INTO `dim_city` VALUES (510121, 3, 19, '绥化市');
INSERT INTO `dim_city` VALUES (510122, 3, 12, '枣庄市');
INSERT INTO `dim_city` VALUES (510123, 3, 12, '菏泽市');
INSERT INTO `dim_city` VALUES (510124, 3, 19, '哈尔滨市');
INSERT INTO `dim_city` VALUES (510125, 3, 6, '深圳市');
INSERT INTO `dim_city` VALUES (510126, 3, 20, '长沙市');
INSERT INTO `dim_city` VALUES (510127, 3, 12, '济宁市');
INSERT INTO `dim_city` VALUES (510128, 3, 21, '丽江市');
INSERT INTO `dim_city` VALUES (510129, 3, 18, '厦门市');
INSERT INTO `dim_city` VALUES (510130, 3, 20, '娄底市');
INSERT INTO `dim_city` VALUES (510131, 3, 22, '廊坊市');
INSERT INTO `dim_city` VALUES (510132, 3, 15, '襄樊市');
INSERT INTO `dim_city` VALUES (510133, 3, 13, '湖州市');
INSERT INTO `dim_city` VALUES (510134, 3, 23, '台湾');
INSERT INTO `dim_city` VALUES (510135, 4, 24, '未知');
INSERT INTO `dim_city` VALUES (510136, 3, 22, '石家庄市');
INSERT INTO `dim_city` VALUES (510137, 3, 25, '太原市');
INSERT INTO `dim_city` VALUES (510138, 5, 26, '未知');
INSERT INTO `dim_city` VALUES (510139, 3, 2, '雅安市');
INSERT INTO `dim_city` VALUES (510140, 3, 6, '广州市');
INSERT INTO `dim_city` VALUES (510141, 3, 22, '秦皇岛市');
INSERT INTO `dim_city` VALUES (510142, 3, 22, '邢台市');
INSERT INTO `dim_city` VALUES (510143, 3, 6, '珠海市');
INSERT INTO `dim_city` VALUES (510144, -9, 27, '未知');
INSERT INTO `dim_city` VALUES (510145, 3, 28, '香港');
INSERT INTO `dim_city` VALUES (510146, 3, 29, '省直辖县级行政区划');
INSERT INTO `dim_city` VALUES (510147, 3, 22, '保定市');
INSERT INTO `dim_city` VALUES (510148, 3, 16, '洛阳市');
INSERT INTO `dim_city` VALUES (510149, 3, 22, '承德市');
INSERT INTO `dim_city` VALUES (510150, 3, 30, '南宁市');
INSERT INTO `dim_city` VALUES (510151, 3, 16, '濮阳市');
INSERT INTO `dim_city` VALUES (510152, 3, 6, '惠州市');
INSERT INTO `dim_city` VALUES (510153, 6, 31, '未知');
INSERT INTO `dim_city` VALUES (510154, 3, 21, '昆明市');
INSERT INTO `dim_city` VALUES (510155, 3, 17, '沈阳市');
INSERT INTO `dim_city` VALUES (510156, 3, 16, '平顶山市');
INSERT INTO `dim_city` VALUES (510157, 3, 11, '连云港市');
INSERT INTO `dim_city` VALUES (510158, 3, 11, '南通市');
INSERT INTO `dim_city` VALUES (510159, 3, 12, '莱芜市');
INSERT INTO `dim_city` VALUES (510160, 3, 32, '萍乡市');
INSERT INTO `dim_city` VALUES (510161, 3, 22, '唐山市');
INSERT INTO `dim_city` VALUES (510162, 3, 6, '潮州市');
INSERT INTO `dim_city` VALUES (510163, 3, 6, '揭阳市');
INSERT INTO `dim_city` VALUES (510164, 3, 33, '重庆市');
INSERT INTO `dim_city` VALUES (510165, 3, 22, '邯郸市');
INSERT INTO `dim_city` VALUES (510166, 3, 22, '衡水市');
INSERT INTO `dim_city` VALUES (510167, 3, 12, '淄博市');
INSERT INTO `dim_city` VALUES (510168, 3, 34, '合肥市');
INSERT INTO `dim_city` VALUES (510169, 3, 32, '南昌市');
INSERT INTO `dim_city` VALUES (510170, 3, 2, '凉山彝族自治州');
INSERT INTO `dim_city` VALUES (510171, 3, 35, '贵阳市');
INSERT INTO `dim_city` VALUES (510172, 7, 36, '未知');
INSERT INTO `dim_city` VALUES (510173, 3, 6, '茂名市');
INSERT INTO `dim_city` VALUES (510174, 3, 37, '银川市');
INSERT INTO `dim_city` VALUES (510175, 3, 12, '威海市');
INSERT INTO `dim_city` VALUES (510176, 3, 13, '绍兴市');
INSERT INTO `dim_city` VALUES (510177, 3, 38, '未知');
INSERT INTO `dim_city` VALUES (510178, 3, 8, '包头市');
INSERT INTO `dim_city` VALUES (510179, 3, 2, '宜宾市');
INSERT INTO `dim_city` VALUES (510180, 3, 9, '宝鸡市');
INSERT INTO `dim_city` VALUES (510181, 3, 21, '西双版纳傣族自治州');
INSERT INTO `dim_city` VALUES (510182, 3, 16, '许昌市');
INSERT INTO `dim_city` VALUES (510183, 3, 39, '兰州市');
INSERT INTO `dim_city` VALUES (510184, 3, 2, '遂宁市');
INSERT INTO `dim_city` VALUES (510185, 3, 22, '张家口市');
INSERT INTO `dim_city` VALUES (510186, 3, 40, '西宁市');
INSERT INTO `dim_city` VALUES (510187, 3, 41, '乌鲁木齐市');
INSERT INTO `dim_city` VALUES (510188, 8, 42, '未知');
INSERT INTO `dim_city` VALUES (510189, 3, 43, '长春市');
INSERT INTO `dim_city` VALUES (510190, 3, 2, '绵阳市');
INSERT INTO `dim_city` VALUES (510191, 3, 43, '吉林市');
INSERT INTO `dim_city` VALUES (510192, 3, 25, '未知');
INSERT INTO `dim_city` VALUES (510193, 3, 13, '丽水市');
INSERT INTO `dim_city` VALUES (510194, 3, 2, '泸州市');
INSERT INTO `dim_city` VALUES (510195, 3, 2, '南充市');
INSERT INTO `dim_city` VALUES (510196, 3, 16, '驻马店市');
INSERT INTO `dim_city` VALUES (510197, 3, 20, '株洲市');
INSERT INTO `dim_city` VALUES (510198, 3, 17, '抚顺市');
INSERT INTO `dim_city` VALUES (510199, 3, 16, '郑州市');
INSERT INTO `dim_city` VALUES (510200, 3, 29, '海口市');
INSERT INTO `dim_city` VALUES (510201, 3, 6, '佛山市');
INSERT INTO `dim_city` VALUES (510202, 3, 18, '泉州市');
INSERT INTO `dim_city` VALUES (510203, 3, 35, '毕节地区');
INSERT INTO `dim_city` VALUES (510204, 3, 17, '大连市');
INSERT INTO `dim_city` VALUES (510205, 3, 21, '红河哈尼族彝族自治州');
INSERT INTO `dim_city` VALUES (510206, 3, 19, '鹤岗市');
INSERT INTO `dim_city` VALUES (510207, 3, 17, '阜新市');
INSERT INTO `dim_city` VALUES (510208, 3, 25, '阳泉市');
INSERT INTO `dim_city` VALUES (510209, 3, 11, '无锡市');
INSERT INTO `dim_city` VALUES (510210, 3, 41, '伊犁哈萨克自治州');
INSERT INTO `dim_city` VALUES (510211, 3, 22, '沧州市');
INSERT INTO `dim_city` VALUES (510212, 3, 30, '贺州市');
INSERT INTO `dim_city` VALUES (510213, 3, 15, '咸宁市');
INSERT INTO `dim_city` VALUES (510214, 3, 32, '景德镇市');
INSERT INTO `dim_city` VALUES (510215, 3, 18, '三明市');
INSERT INTO `dim_city` VALUES (510216, 3, 25, '晋城市');
INSERT INTO `dim_city` VALUES (510217, 3, 6, '江门市');
INSERT INTO `dim_city` VALUES (510218, 3, 16, '焦作市');
INSERT INTO `dim_city` VALUES (510219, 3, 25, '吕梁市');
INSERT INTO `dim_city` VALUES (510220, 3, 9, '咸阳市');
INSERT INTO `dim_city` VALUES (510221, 3, 13, '台州市');
INSERT INTO `dim_city` VALUES (510222, 3, 22, '未知');
INSERT INTO `dim_city` VALUES (510223, 3, 34, '滁州市');
INSERT INTO `dim_city` VALUES (510224, 3, 19, '牡丹江市');
INSERT INTO `dim_city` VALUES (510225, 3, 13, '舟山市');
INSERT INTO `dim_city` VALUES (510226, 3, 2, '眉山市');
INSERT INTO `dim_city` VALUES (510227, 3, 6, '湛江市');
INSERT INTO `dim_city` VALUES (510228, 3, 18, '南平市');
INSERT INTO `dim_city` VALUES (510229, 3, 19, '大庆市');
INSERT INTO `dim_city` VALUES (510230, 3, 41, '阿勒泰地区');
INSERT INTO `dim_city` VALUES (510231, 3, 20, '永州市');
INSERT INTO `dim_city` VALUES (510232, 9, 44, '未知');
INSERT INTO `dim_city` VALUES (510233, 3, 35, '六盘水市');
INSERT INTO `dim_city` VALUES (510234, 3, 34, '亳州市');
INSERT INTO `dim_city` VALUES (510235, 3, 17, '鞍山市');
INSERT INTO `dim_city` VALUES (510236, 3, 13, '金华市');
INSERT INTO `dim_city` VALUES (510237, 3, 35, '遵义市');
INSERT INTO `dim_city` VALUES (510238, 3, 9, '渭南市');
INSERT INTO `dim_city` VALUES (510239, 3, 35, '黔南布依族苗族自治州');
INSERT INTO `dim_city` VALUES (510240, 3, 32, '宜春市');
INSERT INTO `dim_city` VALUES (510241, 3, 34, '池州市');
INSERT INTO `dim_city` VALUES (510242, 3, 11, '徐州市');
INSERT INTO `dim_city` VALUES (510243, 3, 32, '赣州市');
INSERT INTO `dim_city` VALUES (510244, 3, 34, '宿州市');
INSERT INTO `dim_city` VALUES (510245, 3, 41, '未知');
INSERT INTO `dim_city` VALUES (510246, 3, 12, '烟台市');
INSERT INTO `dim_city` VALUES (510247, 3, 21, '昭通市');
INSERT INTO `dim_city` VALUES (510248, 3, 2, '巴中市');
INSERT INTO `dim_city` VALUES (510249, 3, 34, '宣城市');
INSERT INTO `dim_city` VALUES (510250, 3, 39, '张掖市');
INSERT INTO `dim_city` VALUES (510251, 3, 15, '黄冈市');
INSERT INTO `dim_city` VALUES (510252, 3, 41, '昌吉回族自治州');
INSERT INTO `dim_city` VALUES (510253, 3, 43, '白城市');
INSERT INTO `dim_city` VALUES (510254, 3, 6, '韶关市');
INSERT INTO `dim_city` VALUES (510255, 3, 17, '铁岭市');
INSERT INTO `dim_city` VALUES (510256, 3, 16, '鹤壁市');
INSERT INTO `dim_city` VALUES (510257, 3, 16, '开封市');
INSERT INTO `dim_city` VALUES (510258, 3, 30, '玉林市');
INSERT INTO `dim_city` VALUES (510259, 3, 39, '武威市');
INSERT INTO `dim_city` VALUES (510260, 3, 2, '攀枝花市');
INSERT INTO `dim_city` VALUES (510261, 3, 19, '黑河市');
INSERT INTO `dim_city` VALUES (510262, 3, 15, '十堰市');
INSERT INTO `dim_city` VALUES (510263, 3, 21, '曲靖市');
INSERT INTO `dim_city` VALUES (510264, 3, 25, '临汾市');
INSERT INTO `dim_city` VALUES (510265, 3, 11, '镇江市');
INSERT INTO `dim_city` VALUES (510266, 3, 39, '定西市');
INSERT INTO `dim_city` VALUES (510267, 3, 21, '文山壮族苗族自治州');
INSERT INTO `dim_city` VALUES (510268, 3, 8, '巴彦淖尔市');
INSERT INTO `dim_city` VALUES (510269, 3, 30, '梧州市');
INSERT INTO `dim_city` VALUES (510270, 3, 41, '自治区直辖县级行政区划');
INSERT INTO `dim_city` VALUES (510271, 3, 25, '运城市');
INSERT INTO `dim_city` VALUES (510272, 3, 35, '黔东南苗族侗族自治州');
INSERT INTO `dim_city` VALUES (510273, 3, 8, '赤峰市');
INSERT INTO `dim_city` VALUES (510274, 3, 2, '德阳市');
INSERT INTO `dim_city` VALUES (510275, 10, 45, '未知');
INSERT INTO `dim_city` VALUES (510276, 3, 8, '鄂尔多斯市');
INSERT INTO `dim_city` VALUES (510277, 3, 43, '延边朝鲜族自治州');
INSERT INTO `dim_city` VALUES (510278, 3, 12, '滨州市');
INSERT INTO `dim_city` VALUES (510279, 3, 12, '临沂市');
INSERT INTO `dim_city` VALUES (510280, 3, 30, '贵港市');
INSERT INTO `dim_city` VALUES (510281, 3, 35, '黔西南布依族苗族自治州');
INSERT INTO `dim_city` VALUES (510282, 3, 6, '汕头市');
INSERT INTO `dim_city` VALUES (510283, 3, 30, '百色市');
INSERT INTO `dim_city` VALUES (510284, 3, 12, '聊城市');
INSERT INTO `dim_city` VALUES (510285, 3, 21, '楚雄彝族自治州');
INSERT INTO `dim_city` VALUES (510286, 3, 2, '资阳市');
INSERT INTO `dim_city` VALUES (510287, 3, 39, '平凉市');
INSERT INTO `dim_city` VALUES (510288, 3, 19, '鸡西市');
INSERT INTO `dim_city` VALUES (510289, 3, 9, '榆林市');
INSERT INTO `dim_city` VALUES (510290, 3, 11, '淮安市');
INSERT INTO `dim_city` VALUES (510291, 3, 32, '上饶市');
INSERT INTO `dim_city` VALUES (510292, 3, 2, '广安市');
INSERT INTO `dim_city` VALUES (510293, 3, 39, '金昌市');
INSERT INTO `dim_city` VALUES (510294, 3, 8, '兴安盟');
INSERT INTO `dim_city` VALUES (510295, 3, 46, '那曲地区');
INSERT INTO `dim_city` VALUES (510296, 3, 20, '怀化市');
INSERT INTO `dim_city` VALUES (510297, 11, 47, '未知');
INSERT INTO `dim_city` VALUES (510298, 3, 12, '东营市');
INSERT INTO `dim_city` VALUES (510299, 3, 21, '未知');
INSERT INTO `dim_city` VALUES (510300, 3, 2, '广元市');
INSERT INTO `dim_city` VALUES (510301, 3, 39, '庆阳市');
INSERT INTO `dim_city` VALUES (510302, 3, 32, '吉安市');
INSERT INTO `dim_city` VALUES (510303, 3, 16, '安阳市');
INSERT INTO `dim_city` VALUES (510304, 3, 12, '泰安市');
INSERT INTO `dim_city` VALUES (510305, 3, 16, '信阳市');
INSERT INTO `dim_city` VALUES (510306, 3, 15, '恩施土家族苗族自治州');
INSERT INTO `dim_city` VALUES (510307, 3, 43, '松原市');
INSERT INTO `dim_city` VALUES (510308, 3, 21, '大理白族自治州');
INSERT INTO `dim_city` VALUES (510309, 3, 13, '宁波市');
INSERT INTO `dim_city` VALUES (510310, 3, 8, '乌海市');
INSERT INTO `dim_city` VALUES (510311, 3, 25, '大同市');
INSERT INTO `dim_city` VALUES (510312, 3, 13, '温州市');
INSERT INTO `dim_city` VALUES (510313, 3, 12, '未知');
INSERT INTO `dim_city` VALUES (510314, 3, 41, '阿克苏地区');
INSERT INTO `dim_city` VALUES (510315, 3, 11, '常州市');
INSERT INTO `dim_city` VALUES (510316, 3, 12, '潍坊市');
INSERT INTO `dim_city` VALUES (510317, 3, 18, '宁德市');
INSERT INTO `dim_city` VALUES (510318, 3, 34, '蚌埠市');
INSERT INTO `dim_city` VALUES (510319, 3, 21, '临沧市');
INSERT INTO `dim_city` VALUES (510320, 3, 2, '内江市');
INSERT INTO `dim_city` VALUES (510321, 3, 41, '吐鲁番地区');
INSERT INTO `dim_city` VALUES (510322, 3, 41, '喀什地区');
INSERT INTO `dim_city` VALUES (510323, 3, 17, '朝阳市');
INSERT INTO `dim_city` VALUES (510324, 3, 15, '宜昌市');
INSERT INTO `dim_city` VALUES (510325, 3, 6, '梅州市');
INSERT INTO `dim_city` VALUES (510326, 12, 48, '未知');
INSERT INTO `dim_city` VALUES (510327, 3, 12, '日照市');
INSERT INTO `dim_city` VALUES (510328, 3, 25, '长治市');
INSERT INTO `dim_city` VALUES (510329, 3, 19, '齐齐哈尔市');
INSERT INTO `dim_city` VALUES (510330, 3, 34, '阜阳市');
INSERT INTO `dim_city` VALUES (510331, 3, 2, '乐山市');
INSERT INTO `dim_city` VALUES (510332, 3, 30, '桂林市');
INSERT INTO `dim_city` VALUES (510333, 3, 40, '海北藏族自治州');
INSERT INTO `dim_city` VALUES (510334, 3, 13, '嘉兴市');
INSERT INTO `dim_city` VALUES (510335, 3, 41, '和田地区');
INSERT INTO `dim_city` VALUES (510336, 3, 16, '省直辖县级行政区划');
INSERT INTO `dim_city` VALUES (510337, 3, 9, '延安市');
INSERT INTO `dim_city` VALUES (510338, 3, 30, '北海市');
INSERT INTO `dim_city` VALUES (510339, 3, 25, '晋中市');
INSERT INTO `dim_city` VALUES (510340, 3, 43, '通化市');
INSERT INTO `dim_city` VALUES (510341, 3, 15, '荆门市');
INSERT INTO `dim_city` VALUES (510342, 3, 32, '九江市');
INSERT INTO `dim_city` VALUES (510343, 3, 41, '克拉玛依市');
INSERT INTO `dim_city` VALUES (510344, 3, 20, '湘西土家族苗族自治州');
INSERT INTO `dim_city` VALUES (510345, 3, 11, '盐城市');
INSERT INTO `dim_city` VALUES (510346, 3, 6, '汕尾市');
INSERT INTO `dim_city` VALUES (510347, 3, 16, '新乡市');
INSERT INTO `dim_city` VALUES (510348, 3, 2, '达州市');
INSERT INTO `dim_city` VALUES (510349, 3, 34, '黄山市');
INSERT INTO `dim_city` VALUES (510350, 3, 20, '衡阳市');
INSERT INTO `dim_city` VALUES (510351, 3, 46, '日喀则地区');
INSERT INTO `dim_city` VALUES (510352, 3, 20, '湘潭市');
INSERT INTO `dim_city` VALUES (510353, 3, 19, '七台河市');
INSERT INTO `dim_city` VALUES (510354, 3, 34, '六安市');
INSERT INTO `dim_city` VALUES (510355, 3, 35, '安顺市');
INSERT INTO `dim_city` VALUES (510356, 3, 25, '忻州市');
INSERT INTO `dim_city` VALUES (510357, 3, 18, '龙岩市');
INSERT INTO `dim_city` VALUES (510358, 3, 30, '来宾市');
INSERT INTO `dim_city` VALUES (510359, 3, 21, '玉溪市');
INSERT INTO `dim_city` VALUES (510360, 3, 2, '自贡市');
INSERT INTO `dim_city` VALUES (510361, 3, 20, '常德市');
INSERT INTO `dim_city` VALUES (510362, 3, 32, '抚州市');
INSERT INTO `dim_city` VALUES (510363, 3, 41, '巴音郭楞蒙古自治州');
INSERT INTO `dim_city` VALUES (510364, 3, 19, '伊春市');
INSERT INTO `dim_city` VALUES (510365, 3, 46, '拉萨市');
INSERT INTO `dim_city` VALUES (510366, 3, 9, '汉中市');
INSERT INTO `dim_city` VALUES (510367, 3, 17, '辽阳市');
INSERT INTO `dim_city` VALUES (510368, 3, 11, '泰州市');
INSERT INTO `dim_city` VALUES (510369, 13, 49, '未知');
INSERT INTO `dim_city` VALUES (510370, 3, 19, '未知');
INSERT INTO `dim_city` VALUES (510371, 3, 6, '中山市');
INSERT INTO `dim_city` VALUES (510372, 3, 30, '柳州市');
INSERT INTO `dim_city` VALUES (510373, 3, 25, '朔州市');
INSERT INTO `dim_city` VALUES (510374, 3, 15, '孝感市');
INSERT INTO `dim_city` VALUES (510375, 3, 41, '博尔塔拉蒙古自治州');
INSERT INTO `dim_city` VALUES (510376, 3, 46, '未知');
INSERT INTO `dim_city` VALUES (510377, 3, 34, '芜湖市');
INSERT INTO `dim_city` VALUES (510378, 3, 8, '未知');
INSERT INTO `dim_city` VALUES (510379, 3, 37, '固原市');
INSERT INTO `dim_city` VALUES (510380, 3, 18, '漳州市');
INSERT INTO `dim_city` VALUES (510381, 3, 6, '肇庆市');
INSERT INTO `dim_city` VALUES (510382, 3, 8, '通辽市');
INSERT INTO `dim_city` VALUES (510383, 3, 30, '钦州市');
INSERT INTO `dim_city` VALUES (510384, 3, 17, '丹东市');
INSERT INTO `dim_city` VALUES (510385, 3, 41, '哈密地区');
INSERT INTO `dim_city` VALUES (510386, 3, 35, '铜仁地区');
INSERT INTO `dim_city` VALUES (510387, 3, 37, '吴忠市');
INSERT INTO `dim_city` VALUES (510388, 3, 6, '清远市');
INSERT INTO `dim_city` VALUES (510389, 3, 34, '淮南市');
INSERT INTO `dim_city` VALUES (510390, 3, 6, '阳江市');
INSERT INTO `dim_city` VALUES (510391, 3, 18, '未知');

-- ----------------------------
-- Table structure for dim_country
-- ----------------------------
DROP TABLE IF EXISTS `dim_country`;
CREATE TABLE `dim_country`  (
  `id` int(10) NOT NULL AUTO_INCREMENT COMMENT '国家ID',
  `country_code` varchar(64) CHARACTER SET utf8 COLLATE utf8_bin NOT NULL COMMENT '国家编码',
  `name` varchar(64) CHARACTER SET utf8 COLLATE utf8_bin NOT NULL COMMENT '国家名称',
  PRIMARY KEY (`id`) USING BTREE
) ENGINE = InnoDB AUTO_INCREMENT = 14 CHARACTER SET = utf8 COLLATE = utf8_bin COMMENT = '国家字典表' ROW_FORMAT = Dynamic;

-- ----------------------------
-- Records of dim_country
-- ----------------------------
INSERT INTO `dim_country` VALUES (-9, 'N/A', '未知');
INSERT INTO `dim_country` VALUES (3, 'CN', '中国');
INSERT INTO `dim_country` VALUES (4, 'JP', '日本');
INSERT INTO `dim_country` VALUES (5, 'US', '美国');
INSERT INTO `dim_country` VALUES (6, 'SG', '新加坡');
INSERT INTO `dim_country` VALUES (7, 'MY', '马来西亚');
INSERT INTO `dim_country` VALUES (8, 'DE', '德国');
INSERT INTO `dim_country` VALUES (9, 'PH', '菲律宾');
INSERT INTO `dim_country` VALUES (10, 'TH', '泰国');
INSERT INTO `dim_country` VALUES (11, 'N/A', '刚果民主共和国');
INSERT INTO `dim_country` VALUES (12, 'IN', '印度');
INSERT INTO `dim_country` VALUES (13, 'EC', '厄瓜多尔');

-- ----------------------------
-- Table structure for dim_country_code
-- ----------------------------
DROP TABLE IF EXISTS `dim_country_code`;
CREATE TABLE `dim_country_code`  (
  `id` int(10) NOT NULL AUTO_INCREMENT COMMENT '主键ID',
  `code2` varchar(64) CHARACTER SET utf8 COLLATE utf8_bin DEFAULT NULL COMMENT '二位母国家代码',
  `code3` varchar(64) CHARACTER SET utf8 COLLATE utf8_bin DEFAULT NULL COMMENT '三位母国家代码',
  `en_name` varchar(64) CHARACTER SET utf8 COLLATE utf8_bin NOT NULL COMMENT '国家英文名称',
  `cn_name` varchar(64) CHARACTER SET utf8 COLLATE utf8_bin NOT NULL COMMENT '国家中文名称',
  PRIMARY KEY (`id`) USING BTREE
) ENGINE = InnoDB AUTO_INCREMENT = 744 CHARACTER SET = utf8 COLLATE = utf8_bin COMMENT = '国家代码字典表' ROW_FORMAT = Dynamic;

-- ----------------------------
-- Records of dim_country_code
-- ----------------------------
INSERT INTO `dim_country_code` VALUES (-9, 'N/A', 'N/A', 'N/A', '未知');
INSERT INTO `dim_country_code` VALUES (498, 'AD', 'AND', 'Andorra', '安道尔');
INSERT INTO `dim_country_code` VALUES (499, 'AE', 'ARE', 'United Arab Emirates', '阿联酋');
INSERT INTO `dim_country_code` VALUES (500, 'AF', 'AFG', 'Afghanistan', '阿富汗');
INSERT INTO `dim_country_code` VALUES (501, 'AG', 'ATG', 'Antigua & Barbuda', '安提瓜和巴布达');
INSERT INTO `dim_country_code` VALUES (502, 'AI', 'AIA', 'Anguilla', '安圭拉');
INSERT INTO `dim_country_code` VALUES (503, 'AL', 'ALB', 'Albania', '阿尔巴尼亚');
INSERT INTO `dim_country_code` VALUES (504, 'AM', 'ARM', 'Armenia', '亚美尼亚');
INSERT INTO `dim_country_code` VALUES (505, 'AO', 'AGO', 'Angola', '安哥拉');
INSERT INTO `dim_country_code` VALUES (506, 'AQ', 'ATA', 'Antarctica', '南极洲');
INSERT INTO `dim_country_code` VALUES (507, 'AR', 'ARG', 'Argentina', '阿根廷');
INSERT INTO `dim_country_code` VALUES (508, 'AS', 'ASM', 'American Samoa', '美属萨摩亚');
INSERT INTO `dim_country_code` VALUES (509, 'AT', 'AUT', 'Austria', '奥地利');
INSERT INTO `dim_country_code` VALUES (510, 'AU', 'AUS', 'Australia', '澳大利亚');
INSERT INTO `dim_country_code` VALUES (511, 'AW', 'ABW', 'Aruba', '阿鲁巴');
INSERT INTO `dim_country_code` VALUES (512, 'AX', 'ALA', '?aland Island', '奥兰群岛');
INSERT INTO `dim_country_code` VALUES (513, 'AZ', 'AZE', 'Azerbaijan', '阿塞拜疆');
INSERT INTO `dim_country_code` VALUES (514, 'BA', 'BIH', 'Bosnia & Herzegovina', '波黑');
INSERT INTO `dim_country_code` VALUES (515, 'BB', 'BRB', 'Barbados', '巴巴多斯');
INSERT INTO `dim_country_code` VALUES (516, 'BD', 'BGD', 'Bangladesh', '孟加拉');
INSERT INTO `dim_country_code` VALUES (517, 'BE', 'BEL', 'Belgium', '比利时');
INSERT INTO `dim_country_code` VALUES (518, 'BF', 'BFA', 'Burkina', '布基纳法索');
INSERT INTO `dim_country_code` VALUES (519, 'BG', 'BGR', 'Bulgaria', '保加利亚');
INSERT INTO `dim_country_code` VALUES (520, 'BH', 'BHR', 'Bahrain', '巴林');
INSERT INTO `dim_country_code` VALUES (521, 'BI', 'BDI', 'Burundi', '布隆迪');
INSERT INTO `dim_country_code` VALUES (522, 'BJ', 'BEN', 'Benin', '贝宁');
INSERT INTO `dim_country_code` VALUES (523, 'BL', 'BLM', 'Saint Barthélemy', '圣巴泰勒米岛');
INSERT INTO `dim_country_code` VALUES (524, 'BM', 'BMU', 'Bermuda', '百慕大');
INSERT INTO `dim_country_code` VALUES (525, 'BN', 'BRN', 'Brunei', '文莱');
INSERT INTO `dim_country_code` VALUES (526, 'BO', 'BOL', 'Bolivia', '玻利维亚');
INSERT INTO `dim_country_code` VALUES (527, 'BQ', 'BES', 'Caribbean Netherlands', '荷兰加勒比区');
INSERT INTO `dim_country_code` VALUES (528, 'BR', 'BRA', 'Brazil', '巴西');
INSERT INTO `dim_country_code` VALUES (529, 'BS', 'BHS', 'The Bahamas', '巴哈马');
INSERT INTO `dim_country_code` VALUES (530, 'BT', 'BTN', 'Bhutan', '不丹');
INSERT INTO `dim_country_code` VALUES (531, 'BV', 'BVT', 'Bouvet Island', '布韦岛');
INSERT INTO `dim_country_code` VALUES (532, 'BW', 'BWA', 'Botswana', '博茨瓦纳');
INSERT INTO `dim_country_code` VALUES (533, 'BY', 'BLR', 'Belarus', '白俄罗斯');
INSERT INTO `dim_country_code` VALUES (534, 'BZ', 'BLZ', 'Belize', '伯利兹');
INSERT INTO `dim_country_code` VALUES (535, 'CA', 'CAN', 'Canada', '加拿大');
INSERT INTO `dim_country_code` VALUES (536, 'CC', 'CCK', 'Cocos (Keeling) Islands', '科科斯群岛');
INSERT INTO `dim_country_code` VALUES (537, 'CF', 'CAF', 'Central African Republic', '中非');
INSERT INTO `dim_country_code` VALUES (538, 'CH', 'CHE', 'Switzerland', '瑞士');
INSERT INTO `dim_country_code` VALUES (539, 'CL', 'CHL', 'Chile', '智利');
INSERT INTO `dim_country_code` VALUES (540, 'CM', 'CMR', 'Cameroon', '喀麦隆');
INSERT INTO `dim_country_code` VALUES (541, 'CO', 'COL', 'Colombia', '哥伦比亚');
INSERT INTO `dim_country_code` VALUES (542, 'CR', 'CRI', 'Costa Rica', '哥斯达黎加');
INSERT INTO `dim_country_code` VALUES (543, 'CU', 'CUB', 'Cuba', '古巴');
INSERT INTO `dim_country_code` VALUES (544, 'CV', 'CPV', 'Cape Verde', '佛得角');
INSERT INTO `dim_country_code` VALUES (545, 'CX', 'CXR', 'Christmas Island', '圣诞岛');
INSERT INTO `dim_country_code` VALUES (546, 'CY', 'CYP', 'Cyprus', '塞浦路斯');
INSERT INTO `dim_country_code` VALUES (547, 'CZ', 'CZE', 'Czech Republic', '捷克');
INSERT INTO `dim_country_code` VALUES (548, 'DE', 'DEU', 'Germany', '德国');
INSERT INTO `dim_country_code` VALUES (549, 'DJ', 'DJI', 'Djibouti', '吉布提');
INSERT INTO `dim_country_code` VALUES (550, 'DK', 'DNK', 'Denmark', '丹麦');
INSERT INTO `dim_country_code` VALUES (551, 'DM', 'DMA', 'Dominica', '多米尼克');
INSERT INTO `dim_country_code` VALUES (552, 'DO', 'DOM', 'Dominican Republic', '多米尼加');
INSERT INTO `dim_country_code` VALUES (553, 'DZ', 'DZA', 'Algeria', '阿尔及利亚');
INSERT INTO `dim_country_code` VALUES (554, 'EC', 'ECU', 'Ecuador', '厄瓜多尔');
INSERT INTO `dim_country_code` VALUES (555, 'EE', 'EST', 'Estonia', '爱沙尼亚');
INSERT INTO `dim_country_code` VALUES (556, 'EG', 'EGY', 'Egypt', '埃及');
INSERT INTO `dim_country_code` VALUES (557, 'EH', 'ESH', 'Western Sahara', '西撒哈拉');
INSERT INTO `dim_country_code` VALUES (558, 'ER', 'ERI', 'Eritrea', '厄立特里亚');
INSERT INTO `dim_country_code` VALUES (559, 'ES', 'ESP', 'Spain', '西班牙');
INSERT INTO `dim_country_code` VALUES (560, 'FI', 'FIN', 'Finland', '芬兰');
INSERT INTO `dim_country_code` VALUES (561, 'FJ', 'FJI', 'Fiji', '斐济群岛');
INSERT INTO `dim_country_code` VALUES (562, 'FK', 'FLK', 'Falkland Islands', '马尔维纳斯群岛（ 福克兰）');
INSERT INTO `dim_country_code` VALUES (563, 'FM', 'FSM', 'Federated States of Micronesia', '密克罗尼西亚联邦');
INSERT INTO `dim_country_code` VALUES (564, 'FO', 'FRO', 'Faroe Islands', '法罗群岛');
INSERT INTO `dim_country_code` VALUES (565, 'FR', 'FRA', 'France', '法国');
INSERT INTO `dim_country_code` VALUES (566, 'GA', 'GAB', 'Gabon', '加蓬');
INSERT INTO `dim_country_code` VALUES (567, 'GD', 'GRD', 'Grenada', '格林纳达');
INSERT INTO `dim_country_code` VALUES (568, 'GE', 'GEO', 'Georgia', '格鲁吉亚');
INSERT INTO `dim_country_code` VALUES (569, 'GF', 'GUF', 'French Guiana', '法属圭亚那');
INSERT INTO `dim_country_code` VALUES (570, 'GH', 'GHA', 'Ghana', '加纳');
INSERT INTO `dim_country_code` VALUES (571, 'GI', 'GIB', 'Gibraltar', '直布罗陀');
INSERT INTO `dim_country_code` VALUES (572, 'GL', 'GRL', 'Greenland', '格陵兰');
INSERT INTO `dim_country_code` VALUES (573, 'GN', 'GIN', 'Guinea', '几内亚');
INSERT INTO `dim_country_code` VALUES (574, 'GP', 'GLP', 'Guadeloupe', '瓜德罗普');
INSERT INTO `dim_country_code` VALUES (575, 'GQ', 'GNQ', 'Equatorial Guinea', '赤道几内亚');
INSERT INTO `dim_country_code` VALUES (576, 'GR', 'GRC', 'Greece', '希腊');
INSERT INTO `dim_country_code` VALUES (577, 'GS', 'SGS', 'South Georgia and the South unifigwich Islands', '南乔治亚岛和南桑威奇群岛');
INSERT INTO `dim_country_code` VALUES (578, 'GT', 'GTM', 'Guatemala', '危地马拉');
INSERT INTO `dim_country_code` VALUES (579, 'GU', 'GUM', 'Guam', '关岛');
INSERT INTO `dim_country_code` VALUES (580, 'GW', 'GNB', 'Guinea-Bissau', '几内亚比绍');
INSERT INTO `dim_country_code` VALUES (581, 'GY', 'GUY', 'Guyana', '圭亚那');
INSERT INTO `dim_country_code` VALUES (583, 'HM', 'HMD', 'Heard Island and McDonald Islands', '赫德岛和麦克唐纳群岛');
INSERT INTO `dim_country_code` VALUES (584, 'HN', 'HND', 'Honduras', '洪都拉斯');
INSERT INTO `dim_country_code` VALUES (585, 'HR', 'HRV', 'Croatia', '克罗地亚');
INSERT INTO `dim_country_code` VALUES (586, 'HT', 'HTI', 'Haiti', '海地');
INSERT INTO `dim_country_code` VALUES (587, 'HU', 'HUN', 'Hungary', '匈牙利');
INSERT INTO `dim_country_code` VALUES (588, 'ID', 'IDN', 'Indonesia', '印尼');
INSERT INTO `dim_country_code` VALUES (589, 'IE', 'IRL', 'Ireland', '爱尔兰');
INSERT INTO `dim_country_code` VALUES (590, 'IL', 'ISR', 'Israel', '以色列');
INSERT INTO `dim_country_code` VALUES (591, 'IM', 'IMN', 'Isle of Man', '马恩岛');
INSERT INTO `dim_country_code` VALUES (592, 'IN', 'IND', 'India', '印度');
INSERT INTO `dim_country_code` VALUES (593, 'IO', 'IOT', 'British Indian Ocean Territory', '英属印度洋领地');
INSERT INTO `dim_country_code` VALUES (594, 'IQ', 'IRQ', 'Iraq', '伊拉克');
INSERT INTO `dim_country_code` VALUES (595, 'IR', 'IRN', 'Iran', '伊朗');
INSERT INTO `dim_country_code` VALUES (596, 'IS', 'ISL', 'Iceland', '冰岛');
INSERT INTO `dim_country_code` VALUES (597, 'IT', 'ITA', 'Italy', '意大利');
INSERT INTO `dim_country_code` VALUES (598, 'JE', 'JEY', 'Jersey', '泽西岛');
INSERT INTO `dim_country_code` VALUES (599, 'JM', 'JAM', 'Jamaica', '牙买加');
INSERT INTO `dim_country_code` VALUES (600, 'JO', 'JOR', 'Jordan', '约旦');
INSERT INTO `dim_country_code` VALUES (601, 'JP', 'JPN', 'Japan', '日本');
INSERT INTO `dim_country_code` VALUES (602, 'KH', 'KHM', 'Cambodia', '柬埔寨');
INSERT INTO `dim_country_code` VALUES (603, 'KI', 'KIR', 'Kiribati', '基里巴斯');
INSERT INTO `dim_country_code` VALUES (604, 'KM', 'COM', 'The Comoros', '科摩罗');
INSERT INTO `dim_country_code` VALUES (605, 'KW', 'KWT', 'Kuwait', '科威特');
INSERT INTO `dim_country_code` VALUES (606, 'KY', 'CYM', 'Cayman Islands', '开曼群岛');
INSERT INTO `dim_country_code` VALUES (607, 'LB', 'LBN', 'Lebanon', '黎巴嫩');
INSERT INTO `dim_country_code` VALUES (608, 'LI', 'LIE', 'Liechtenstein', '列支敦士登');
INSERT INTO `dim_country_code` VALUES (609, 'LK', 'LKA', 'Sri Lanka', '斯里兰卡');
INSERT INTO `dim_country_code` VALUES (610, 'LR', 'LBR', 'Liberia', '利比里亚');
INSERT INTO `dim_country_code` VALUES (611, 'LS', 'LSO', 'Lesotho', '莱索托');
INSERT INTO `dim_country_code` VALUES (612, 'LT', 'LTU', 'Lithuania', '立陶宛');
INSERT INTO `dim_country_code` VALUES (613, 'LU', 'LUX', 'Luxembourg', '卢森堡');
INSERT INTO `dim_country_code` VALUES (614, 'LV', 'LVA', 'Latvia', '拉脱维亚');
INSERT INTO `dim_country_code` VALUES (615, 'LY', 'LBY', 'Libya', '利比亚');
INSERT INTO `dim_country_code` VALUES (616, 'MA', 'MAR', 'Morocco', '摩洛哥');
INSERT INTO `dim_country_code` VALUES (617, 'MC', 'MCO', 'Monaco', '摩纳哥');
INSERT INTO `dim_country_code` VALUES (618, 'MD', 'MDA', 'Moldova', '摩尔多瓦');
INSERT INTO `dim_country_code` VALUES (619, 'ME', 'MNE', 'Montenegro', '黑山');
INSERT INTO `dim_country_code` VALUES (620, 'MF', 'MAF', 'Saint Martin (France)', '法属圣马丁');
INSERT INTO `dim_country_code` VALUES (621, 'MG', 'MDG', 'Madagascar', '马达加斯加');
INSERT INTO `dim_country_code` VALUES (622, 'MH', 'MHL', 'Marshall islands', '马绍尔群岛');
INSERT INTO `dim_country_code` VALUES (623, 'MK', 'MKD', 'Republic of Macedonia (FYROM)', '马其顿');
INSERT INTO `dim_country_code` VALUES (624, 'ML', 'MLI', 'Mali', '马里');
INSERT INTO `dim_country_code` VALUES (625, 'MM', 'MMR', 'Myanmar (Burma)', '缅甸');
INSERT INTO `dim_country_code` VALUES (627, 'MQ', 'MTQ', 'Martinique', '马提尼克');
INSERT INTO `dim_country_code` VALUES (628, 'MR', 'MRT', 'Mauritania', '毛里塔尼亚');
INSERT INTO `dim_country_code` VALUES (629, 'MS', 'MSR', 'Montserrat', '蒙塞拉特岛');
INSERT INTO `dim_country_code` VALUES (630, 'MT', 'MLT', 'Malta', '马耳他');
INSERT INTO `dim_country_code` VALUES (631, 'MV', 'MDV', 'Maldives', '马尔代夫');
INSERT INTO `dim_country_code` VALUES (632, 'MW', 'MWI', 'Malawi', '马拉维');
INSERT INTO `dim_country_code` VALUES (633, 'MX', 'MEX', 'Mexico', '墨西哥');
INSERT INTO `dim_country_code` VALUES (634, 'MY', 'MYS', 'Malaysia', '马来西亚');
INSERT INTO `dim_country_code` VALUES (635, 'NA', 'NAM', 'Namibia', '纳米比亚');
INSERT INTO `dim_country_code` VALUES (636, 'NE', 'NER', 'Niger', '尼日尔');
INSERT INTO `dim_country_code` VALUES (637, 'NF', 'NFK', 'Norfolk Island', '诺福克岛');
INSERT INTO `dim_country_code` VALUES (638, 'NG', 'NGA', 'Nigeria', '尼日利亚');
INSERT INTO `dim_country_code` VALUES (639, 'NI', 'NIC', 'Nicaragua', '尼加拉瓜');
INSERT INTO `dim_country_code` VALUES (640, 'NL', 'NLD', 'Netherlands', '荷兰');
INSERT INTO `dim_country_code` VALUES (641, 'NO', 'NOR', 'Norway', '挪威');
INSERT INTO `dim_country_code` VALUES (642, 'NP', 'NPL', 'Nepal', '尼泊尔');
INSERT INTO `dim_country_code` VALUES (643, 'NR', 'NRU', 'Nauru', '瑙鲁');
INSERT INTO `dim_country_code` VALUES (644, 'OM', 'OMN', 'Oman', '阿曼');
INSERT INTO `dim_country_code` VALUES (645, 'PA', 'PAN', 'Panama', '巴拿马');
INSERT INTO `dim_country_code` VALUES (646, 'PE', 'PER', 'Peru', '秘鲁');
INSERT INTO `dim_country_code` VALUES (647, 'PF', 'PYF', 'French polynesia', '法属波利尼西亚');
INSERT INTO `dim_country_code` VALUES (648, 'PG', 'PNG', 'Papua New Guinea', '巴布亚新几内亚');
INSERT INTO `dim_country_code` VALUES (649, 'PH', 'PHL', 'The Philippines', '菲律宾');
INSERT INTO `dim_country_code` VALUES (650, 'PK', 'PAK', 'Pakistan', '巴基斯坦');
INSERT INTO `dim_country_code` VALUES (651, 'PL', 'POL', 'Poland', '波兰');
INSERT INTO `dim_country_code` VALUES (652, 'PN', 'PCN', 'Pitcairn Islands', '皮特凯恩群岛');
INSERT INTO `dim_country_code` VALUES (653, 'PR', 'PRI', 'Puerto Rico', '波多黎各');
INSERT INTO `dim_country_code` VALUES (654, 'PS', 'PSE', 'Palestinian territories', '巴勒斯坦');
INSERT INTO `dim_country_code` VALUES (655, 'PW', 'PLW', 'Palau', '帕劳');
INSERT INTO `dim_country_code` VALUES (656, 'PY', 'PRY', 'Paraguay', '巴拉圭');
INSERT INTO `dim_country_code` VALUES (657, 'QA', 'QAT', 'Qatar', '卡塔尔');
INSERT INTO `dim_country_code` VALUES (658, 'RE', 'REU', 'Réunion', '留尼汪');
INSERT INTO `dim_country_code` VALUES (659, 'RO', 'ROU', 'Romania', '罗马尼亚');
INSERT INTO `dim_country_code` VALUES (660, 'RS', 'SRB', 'Serbia', '塞尔维亚');
INSERT INTO `dim_country_code` VALUES (661, 'RU', 'RUS', 'Russian Federation', '俄罗斯');
INSERT INTO `dim_country_code` VALUES (662, 'RW', 'RWA', 'Rwanda', '卢旺达');
INSERT INTO `dim_country_code` VALUES (663, 'SB', 'SLB', 'Solomon Islands', '所罗门群岛');
INSERT INTO `dim_country_code` VALUES (664, 'SC', 'SYC', 'Seychelles', '塞舌尔');
INSERT INTO `dim_country_code` VALUES (665, 'SD', 'SDN', 'Sudan', '苏丹');
INSERT INTO `dim_country_code` VALUES (666, 'SE', 'SWE', 'Sweden', '瑞典');
INSERT INTO `dim_country_code` VALUES (667, 'SG', 'SGP', 'Singapore', '新加坡');
INSERT INTO `dim_country_code` VALUES (668, 'SI', 'SVN', 'Slovenia', '斯洛文尼亚');
INSERT INTO `dim_country_code` VALUES (669, 'SJ', 'SJM', 'Template:Country data SJM Svalbard', '斯瓦尔巴群岛和 扬马延岛');
INSERT INTO `dim_country_code` VALUES (670, 'SK', 'SVK', 'Slovakia', '斯洛伐克');
INSERT INTO `dim_country_code` VALUES (671, 'SL', 'SLE', 'Sierra Leone', '塞拉利昂');
INSERT INTO `dim_country_code` VALUES (672, 'SM', 'SMR', 'San Marino', '圣马力诺');
INSERT INTO `dim_country_code` VALUES (673, 'SN', 'SEN', 'Senegal', '塞内加尔');
INSERT INTO `dim_country_code` VALUES (674, 'SO', 'SOM', 'Somalia', '索马里');
INSERT INTO `dim_country_code` VALUES (675, 'SR', 'SUR', 'Suriname', '苏里南');
INSERT INTO `dim_country_code` VALUES (676, 'SS', 'SSD', 'South Sudan', '南苏丹');
INSERT INTO `dim_country_code` VALUES (677, 'ST', 'STP', 'Sao Tome & Principe', '圣多美和普林西比');
INSERT INTO `dim_country_code` VALUES (678, 'SV', 'SLV', 'El Salvador', '萨尔瓦多');
INSERT INTO `dim_country_code` VALUES (679, 'SY', 'SYR', 'Syria', '叙利亚');
INSERT INTO `dim_country_code` VALUES (680, 'SZ', 'SWZ', 'Swaziland', '斯威士兰');
INSERT INTO `dim_country_code` VALUES (681, 'TC', 'TCA', 'Turks & Caicos Islands', '特克斯和凯科斯群岛');
INSERT INTO `dim_country_code` VALUES (682, 'TD', 'TCD', 'Chad', '乍得');
INSERT INTO `dim_country_code` VALUES (683, 'TG', 'TGO', 'Togo', '多哥');
INSERT INTO `dim_country_code` VALUES (684, 'TH', 'THA', 'Thailand', '泰国');
INSERT INTO `dim_country_code` VALUES (685, 'TK', 'TKL', 'Tokelau', '托克劳');
INSERT INTO `dim_country_code` VALUES (686, 'TL', 'TLS', 'Timor-Leste (East Timor)', '东帝汶');
INSERT INTO `dim_country_code` VALUES (687, 'TN', 'TUN', 'Tunisia', '突尼斯');
INSERT INTO `dim_country_code` VALUES (688, 'TO', 'TON', 'Tonga', '汤加');
INSERT INTO `dim_country_code` VALUES (689, 'TR', 'TUR', 'Turkey', '土耳其');
INSERT INTO `dim_country_code` VALUES (690, 'TV', 'TUV', 'Tuvalu', '图瓦卢');
INSERT INTO `dim_country_code` VALUES (691, 'TZ', 'TZA', 'Tanzania', '坦桑尼亚');
INSERT INTO `dim_country_code` VALUES (692, 'UA', 'UKR', 'Ukraine', '乌克兰');
INSERT INTO `dim_country_code` VALUES (693, 'UG', 'UGA', 'Uganda', '乌干达');
INSERT INTO `dim_country_code` VALUES (694, 'US', 'USA', 'United States of America (USA)', '美国');
INSERT INTO `dim_country_code` VALUES (695, 'UY', 'URY', 'Uruguay', '乌拉圭');
INSERT INTO `dim_country_code` VALUES (696, 'VA', 'VAT', 'Vatican City (The Holy See)', '梵蒂冈');
INSERT INTO `dim_country_code` VALUES (697, 'VE', 'VEN', 'Venezuela', '委内瑞拉');
INSERT INTO `dim_country_code` VALUES (698, 'VG', 'VGB', 'British Virgin Islands', '英属维尔京群岛');
INSERT INTO `dim_country_code` VALUES (699, 'VI', 'VIR', 'United States Virgin Islands', '美属维尔京群岛');
INSERT INTO `dim_country_code` VALUES (700, 'VN', 'VNM', 'Vietnam', '越南');
INSERT INTO `dim_country_code` VALUES (701, 'WF', 'WLF', 'Wallis and Futuna', '瓦利斯和富图纳');
INSERT INTO `dim_country_code` VALUES (702, 'WS', 'WSM', 'Samoa', '萨摩亚');
INSERT INTO `dim_country_code` VALUES (703, 'YE', 'YEM', 'Yemen', '也门');
INSERT INTO `dim_country_code` VALUES (704, 'YT', 'MYT', 'Mayotte', '马约特');
INSERT INTO `dim_country_code` VALUES (705, 'ZA', 'ZAF', 'South Africa', '南非');
INSERT INTO `dim_country_code` VALUES (706, 'ZM', 'ZMB', 'Zambia', '赞比亚');
INSERT INTO `dim_country_code` VALUES (707, 'ZW', 'ZWE', 'Zimbabwe', '津巴布韦');
INSERT INTO `dim_country_code` VALUES (708, 'CN', 'CHN', 'China', '中国');
INSERT INTO `dim_country_code` VALUES (709, 'CG', 'COG', 'Republic of the Congo', '刚果(布)');
INSERT INTO `dim_country_code` VALUES (710, 'CD', 'COD', 'Democratic Republic of the Congo', '刚果(金)');
INSERT INTO `dim_country_code` VALUES (711, 'MZ', 'MOZ', 'Mozambique', '莫桑比克');
INSERT INTO `dim_country_code` VALUES (712, 'GG', 'GGY', 'Guernsey', '根西岛');
INSERT INTO `dim_country_code` VALUES (713, 'GM', 'GMB', 'Gambia', '冈比亚');
INSERT INTO `dim_country_code` VALUES (714, 'MP', 'MNP', 'Northern Mariana Islands', '北马里亚纳群岛');
INSERT INTO `dim_country_code` VALUES (715, 'ET', 'ETH', 'Ethiopia', '埃塞俄比亚');
INSERT INTO `dim_country_code` VALUES (716, 'NC', 'NCL', 'New Caledonia', '新喀里多尼亚');
INSERT INTO `dim_country_code` VALUES (717, 'VU', 'VUT', 'Vanuatu', '瓦努阿图');
INSERT INTO `dim_country_code` VALUES (718, 'TF', 'ATF', 'French Southern Territories', '法属南部领地');
INSERT INTO `dim_country_code` VALUES (719, 'NU', 'NIU', 'Niue', '纽埃');
INSERT INTO `dim_country_code` VALUES (720, 'UM', 'UMI', 'United States Minor Outlying Islands', '美国本土外小岛屿');
INSERT INTO `dim_country_code` VALUES (721, 'CK', 'COK', 'Cook Islands', '库克群岛');
INSERT INTO `dim_country_code` VALUES (722, 'GB', 'GBR', 'Great Britain (United Kingdom; England)', '英国');
INSERT INTO `dim_country_code` VALUES (723, 'TT', 'TTO', 'Trinidad & Tobago', '特立尼达和多巴哥');
INSERT INTO `dim_country_code` VALUES (724, 'VC', 'VCT', 'St. Vincent & the Grenadines', '圣文森特和格林纳丁斯');
INSERT INTO `dim_country_code` VALUES (725, 'NZ', 'NZL', 'New Zealand', '新西兰');
INSERT INTO `dim_country_code` VALUES (726, 'SA', 'SAU', 'Saudi Arabia', '沙特阿拉伯');
INSERT INTO `dim_country_code` VALUES (727, 'LA', 'LAO', 'Laos', '老挝');
INSERT INTO `dim_country_code` VALUES (728, 'KP', 'PRK', 'North Korea', '朝鲜 北朝鲜');
INSERT INTO `dim_country_code` VALUES (729, 'KR', 'KOR', 'South Korea', '韩国 南朝鲜');
INSERT INTO `dim_country_code` VALUES (730, 'PT', 'PRT', 'Portugal', '葡萄牙');
INSERT INTO `dim_country_code` VALUES (731, 'KG', 'KGZ', 'Kyrgyzstan', '吉尔吉斯斯坦');
INSERT INTO `dim_country_code` VALUES (732, 'KZ', 'KAZ', 'Kazakhstan', '哈萨克斯坦');
INSERT INTO `dim_country_code` VALUES (733, 'TJ', 'TJK', 'Tajikistan', '塔吉克斯坦');
INSERT INTO `dim_country_code` VALUES (734, 'TM', 'TKM', 'Turkmenistan', '土库曼斯坦');
INSERT INTO `dim_country_code` VALUES (735, 'UZ', 'UZB', 'Uzbekistan', '乌兹别克斯坦');
INSERT INTO `dim_country_code` VALUES (736, 'KN', 'KNA', 'St. Kitts & Nevis', '圣基茨和尼维斯');
INSERT INTO `dim_country_code` VALUES (737, 'PM', 'SPM', 'Saint-Pierre and Miquelon', '圣皮埃尔和密克隆');
INSERT INTO `dim_country_code` VALUES (738, 'SH', 'SHN', 'St. Helena & Dependencies', '圣赫勒拿');
INSERT INTO `dim_country_code` VALUES (739, 'LC', 'LCA', 'St. Lucia', '圣卢西亚');
INSERT INTO `dim_country_code` VALUES (740, 'MU', 'MUS', 'Mauritius', '毛里求斯');
INSERT INTO `dim_country_code` VALUES (741, 'CI', 'CIV', 'C?te d\'Ivoire', '科特迪瓦');
INSERT INTO `dim_country_code` VALUES (742, 'KE', 'KEN', 'Kenya', '肯尼亚');
INSERT INTO `dim_country_code` VALUES (743, 'MN', 'MNG', 'Mongolia', '蒙古国 蒙古');

-- ----------------------------
-- Table structure for dim_industry
-- ----------------------------
DROP TABLE IF EXISTS `dim_industry`;
CREATE TABLE `dim_industry`  (
  `id` int(10) NOT NULL AUTO_INCREMENT COMMENT 'ID',
  `name` varchar(64) CHARACTER SET utf8 COLLATE utf8_general_ci NOT NULL COMMENT '行业名称',
  PRIMARY KEY (`id`) USING BTREE
) ENGINE = InnoDB AUTO_INCREMENT = 32 CHARACTER SET = utf8 COLLATE = utf8_general_ci ROW_FORMAT = Dynamic;

-- ----------------------------
-- Records of dim_industry
-- ----------------------------
INSERT INTO `dim_industry` VALUES (-9, '未知');
INSERT INTO `dim_industry` VALUES (2, '娱乐/艺术/表演');
INSERT INTO `dim_industry` VALUES (3, '计算机/互联网');
INSERT INTO `dim_industry` VALUES (4, '金融/银行');
INSERT INTO `dim_industry` VALUES (5, '互联网');
INSERT INTO `dim_industry` VALUES (6, 'IT');
INSERT INTO `dim_industry` VALUES (7, '医疗');
INSERT INTO `dim_industry` VALUES (8, '通信');
INSERT INTO `dim_industry` VALUES (9, '商业/服务业');
INSERT INTO `dim_industry` VALUES (10, '金融');
INSERT INTO `dim_industry` VALUES (11, '电子商务/通信');
INSERT INTO `dim_industry` VALUES (12, '生产/工艺/制造');
INSERT INTO `dim_industry` VALUES (13, '其他');
INSERT INTO `dim_industry` VALUES (14, '行政');
INSERT INTO `dim_industry` VALUES (15, '房地产/建筑');
INSERT INTO `dim_industry` VALUES (16, '公务员/事业单位');
INSERT INTO `dim_industry` VALUES (17, '投资/保险');
INSERT INTO `dim_industry` VALUES (18, '教育/培训/学校');
INSERT INTO `dim_industry` VALUES (19, '其他职业');
INSERT INTO `dim_industry` VALUES (23, '医疗/护理/制药');
INSERT INTO `dim_industry` VALUES (27, '245040');
INSERT INTO `dim_industry` VALUES (28, '???');
INSERT INTO `dim_industry` VALUES (29, '教育/培训/院校');
INSERT INTO `dim_industry` VALUES (30, '文化/广告/传媒');
INSERT INTO `dim_industry` VALUES (31, '航天/航空');

-- ----------------------------
-- Table structure for dim_ip
-- ----------------------------
DROP TABLE IF EXISTS `dim_ip`;
CREATE TABLE `dim_ip`  (
  `id` bigint(20) UNSIGNED NOT NULL AUTO_INCREMENT COMMENT 'Ip主键',
  `ip` varchar(64) CHARACTER SET utf8 COLLATE utf8_bin NOT NULL COMMENT 'IP地址',
  `ip_num` bigint(20) NOT NULL COMMENT 'IP long',
  `country_id` int(10) NOT NULL COMMENT '国家ID',
  `region_id` int(10) NOT NULL COMMENT '省/地区ID',
  `city_id` int(10) NOT NULL COMMENT '城市ID',
  `isp_id` int(10) NOT NULL COMMENT '运营商ID',
  PRIMARY KEY (`id`) USING BTREE
) ENGINE = InnoDB AUTO_INCREMENT = 5413 CHARACTER SET = utf8 COLLATE = utf8_bin COMMENT = 'Ip数据字典表' ROW_FORMAT = Dynamic;

-- ----------------------------
-- Records of dim_ip
-- ----------------------------
INSERT INTO `dim_ip` VALUES (3106, '127.0.0.1', 2130706433, -9, -9, -9, -9);
INSERT INTO `dim_ip` VALUES (3107, '124.65.223.74', 2084691786, 3, 5, 510102, 100023);
INSERT INTO `dim_ip` VALUES (3108, '182.150.24.10', 3063289866, 3, 2, 510101, 100019);
INSERT INTO `dim_ip` VALUES (3109, '114.242.250.133', 1928526469, 3, 5, 510102, 100023);
INSERT INTO `dim_ip` VALUES (3110, '119.61.27.30', 2000493342, 3, 5, 510102, 100027);
INSERT INTO `dim_ip` VALUES (3111, '61.148.244.120', 1033172088, 3, 5, 510102, 100023);
INSERT INTO `dim_ip` VALUES (3112, '192.168.1.8', 3232235784, -9, -9, -9, -9);
INSERT INTO `dim_ip` VALUES (3113, '114.242.250.68', 1928526404, 3, 5, 510102, 100023);
INSERT INTO `dim_ip` VALUES (3114, '115.35.206.23', 1931726359, 3, 5, 510102, 100020);
INSERT INTO `dim_ip` VALUES (3115, '218.88.125.169', 3663232425, 3, 2, 510101, 100019);
INSERT INTO `dim_ip` VALUES (3116, '223.104.3.162', 3748135842, 3, 5, 510102, 100022);
INSERT INTO `dim_ip` VALUES (3117, '117.136.64.67', 1971863619, 3, 2, 510101, 100022);
INSERT INTO `dim_ip` VALUES (3118, '119.4.174.189', 1996795581, 3, 2, 510101, 100023);
INSERT INTO `dim_ip` VALUES (3119, '180.88.188.241', 3025714417, 3, 5, 510102, 100020);
INSERT INTO `dim_ip` VALUES (3120, '117.172.25.249', 1974213113, 3, 2, 510101, 100022);
INSERT INTO `dim_ip` VALUES (3121, '117.172.24.190', 1974212798, 3, 2, 510101, 100022);
INSERT INTO `dim_ip` VALUES (3122, '14.24.96.202', 236478666, 3, 6, 510140, 100019);
INSERT INTO `dim_ip` VALUES (3123, '61.148.243.49', 1033171761, 3, 5, 510102, 100023);
INSERT INTO `dim_ip` VALUES (3124, '117.172.25.62', 1974212926, 3, 2, 510101, 100022);
INSERT INTO `dim_ip` VALUES (3125, '192.168.100.217', 3232261337, -9, -9, -9, -9);
INSERT INTO `dim_ip` VALUES (3126, '114.242.249.63', 1928526143, 3, 5, 510102, 100023);
INSERT INTO `dim_ip` VALUES (3127, '182.144.56.38', 3062904870, 3, 2, 510101, 100019);
INSERT INTO `dim_ip` VALUES (3128, '119.4.174.214', 1996795606, 3, 2, 510101, 100023);
INSERT INTO `dim_ip` VALUES (3129, '119.4.249.150', 1996814742, 3, 2, 510101, 100023);
INSERT INTO `dim_ip` VALUES (3130, '114.242.249.118', 1928526198, 3, 5, 510102, 100023);
INSERT INTO `dim_ip` VALUES (3131, '119.4.254.59', 1996815931, 3, 2, 510101, 100023);
INSERT INTO `dim_ip` VALUES (3132, '223.104.9.188', 3748137404, 3, 2, 510101, 100022);
INSERT INTO `dim_ip` VALUES (3133, '118.247.182.82', 1995945554, 3, 5, 510102, 100020);
INSERT INTO `dim_ip` VALUES (3134, '113.44.97.112', 1898733936, 3, 5, 510102, 100020);
INSERT INTO `dim_ip` VALUES (3135, '117.136.62.74', 1971863114, 3, 2, 510101, 100022);
INSERT INTO `dim_ip` VALUES (3136, '114.242.250.251', 1928526587, 3, 5, 510102, 100023);
INSERT INTO `dim_ip` VALUES (3137, '221.217.55.141', 3722000269, 3, 5, 510102, 100023);
INSERT INTO `dim_ip` VALUES (3138, '110.96.241.177', 1851847089, 3, 5, 510102, 100029);
INSERT INTO `dim_ip` VALUES (3139, '171.210.44.198', 2882677958, 3, 2, 510101, 100019);
INSERT INTO `dim_ip` VALUES (3140, '118.247.8.87', 1995901015, 3, 5, 510102, 100020);
INSERT INTO `dim_ip` VALUES (3141, '114.245.226.19', 1928716819, 3, 5, 510102, 100023);
INSERT INTO `dim_ip` VALUES (3142, '223.104.3.199', 3748135879, 3, 5, 510102, 100022);
INSERT INTO `dim_ip` VALUES (3143, '58.210.177.30', 986886430, 3, 11, 510108, 100019);
INSERT INTO `dim_ip` VALUES (3144, '114.242.250.74', 1928526410, 3, 5, 510102, 100023);
INSERT INTO `dim_ip` VALUES (3145, '223.104.9.210', 3748137426, 3, 2, 510101, 100022);
INSERT INTO `dim_ip` VALUES (3146, '118.247.143.6', 1995935494, 3, 5, 510102, 100020);
INSERT INTO `dim_ip` VALUES (3147, '106.38.132.98', 1780909154, 3, 5, 510102, 100019);
INSERT INTO `dim_ip` VALUES (3148, '223.104.3.248', 3748135928, 3, 5, 510102, 100022);
INSERT INTO `dim_ip` VALUES (3149, '117.136.63.12', 1971863308, 3, 2, 510101, 100022);
INSERT INTO `dim_ip` VALUES (3150, '117.176.255.176', 1974534064, 3, 2, 510101, 100022);
INSERT INTO `dim_ip` VALUES (3151, '123.115.78.223', 2071154399, 3, 5, 510102, 100023);
INSERT INTO `dim_ip` VALUES (3152, '180.88.132.29', 3025699869, 3, 5, 510102, 100020);
INSERT INTO `dim_ip` VALUES (3153, '123.122.56.174', 2071607470, 3, 5, 510102, 100023);
INSERT INTO `dim_ip` VALUES (3154, '117.176.255.217', 1974534105, 3, 2, 510101, 100022);
INSERT INTO `dim_ip` VALUES (3155, '106.38.129.82', 1780908370, 3, 5, 510102, 100019);
INSERT INTO `dim_ip` VALUES (3156, '61.148.243.231', 1033171943, 3, 5, 510102, 100023);
INSERT INTO `dim_ip` VALUES (3157, '14.30.152.242', 236886258, 3, 6, 510140, 100019);
INSERT INTO `dim_ip` VALUES (3158, '61.148.242.224', 1033171680, 3, 5, 510102, 100023);
INSERT INTO `dim_ip` VALUES (3159, '113.44.127.16', 1898741520, 3, 5, 510102, 100020);
INSERT INTO `dim_ip` VALUES (3160, '111.194.215.155', 1875040155, 3, 5, 510102, 100023);
INSERT INTO `dim_ip` VALUES (3161, '117.172.25.64', 1974212928, 3, 2, 510101, 100022);
INSERT INTO `dim_ip` VALUES (3162, '114.242.250.103', 1928526439, 3, 5, 510102, 100023);
INSERT INTO `dim_ip` VALUES (3163, '61.148.243.82', 1033171794, 3, 5, 510102, 100023);
INSERT INTO `dim_ip` VALUES (3164, '61.148.244.121', 1033172089, 3, 5, 510102, 100023);
INSERT INTO `dim_ip` VALUES (3165, '14.23.149.158', 236426654, 3, 6, 510140, 100019);
INSERT INTO `dim_ip` VALUES (3166, '119.4.254.72', 1996815944, 3, 2, 510101, 100023);
INSERT INTO `dim_ip` VALUES (3167, '223.72.82.83', 3746058835, 3, 5, 510102, 100022);
INSERT INTO `dim_ip` VALUES (3168, '192.168.8.219', 3232237787, -9, -9, -9, -9);
INSERT INTO `dim_ip` VALUES (3169, '61.148.242.216', 1033171672, 3, 5, 510102, 100023);
INSERT INTO `dim_ip` VALUES (3170, '117.172.24.204', 1974212812, 3, 2, 510101, 100022);
INSERT INTO `dim_ip` VALUES (3171, '114.253.80.134', 1929203846, 3, 5, 510102, 100023);
INSERT INTO `dim_ip` VALUES (3172, '101.41.10.169', 1697188521, 3, 5, 510102, 100020);
INSERT INTO `dim_ip` VALUES (3173, '117.176.255.228', 1974534116, 3, 2, 510101, 100022);
INSERT INTO `dim_ip` VALUES (3174, '106.121.77.212', 1786334676, 3, 5, 510102, 100019);
INSERT INTO `dim_ip` VALUES (3175, '117.136.64.84', 1971863636, 3, 2, 510101, 100022);
INSERT INTO `dim_ip` VALUES (3176, '118.115.168.88', 1987291224, 3, 2, 510101, 100019);
INSERT INTO `dim_ip` VALUES (3177, '117.136.63.134', 1971863430, 3, 2, 510101, 100022);
INSERT INTO `dim_ip` VALUES (3178, '118.115.87.128', 1987270528, 3, 2, 510101, 100019);
INSERT INTO `dim_ip` VALUES (3179, '106.121.67.74', 1786331978, 3, 5, 510102, 100019);
INSERT INTO `dim_ip` VALUES (3180, '117.175.128.98', 1974435938, 3, 2, 510101, 100022);
INSERT INTO `dim_ip` VALUES (3181, '182.144.198.61', 3062941245, 3, 2, 510101, 100019);
INSERT INTO `dim_ip` VALUES (3182, '114.242.250.34', 1928526370, 3, 5, 510102, 100023);
INSERT INTO `dim_ip` VALUES (3183, '117.172.25.154', 1974213018, 3, 2, 510101, 100022);
INSERT INTO `dim_ip` VALUES (3184, '119.4.174.208', 1996795600, 3, 2, 510101, 100023);
INSERT INTO `dim_ip` VALUES (3185, '110.185.17.126', 1857622398, 3, 2, 510101, 100019);
INSERT INTO `dim_ip` VALUES (3186, '61.148.243.35', 1033171747, 3, 5, 510102, 100023);
INSERT INTO `dim_ip` VALUES (3187, '139.207.144.93', 2345635933, 3, 2, 510101, 100019);
INSERT INTO `dim_ip` VALUES (3188, '117.136.38.43', 1971856939, 3, 5, 510102, 100022);
INSERT INTO `dim_ip` VALUES (3189, '117.136.62.41', 1971863081, 3, 2, 510101, 100022);
INSERT INTO `dim_ip` VALUES (3190, '117.136.62.69', 1971863109, 3, 2, 510101, 100022);
INSERT INTO `dim_ip` VALUES (3191, '117.136.38.34', 1971856930, 3, 5, 510102, 100022);
INSERT INTO `dim_ip` VALUES (3192, '223.72.75.5', 3746056965, 3, 5, 510102, 100022);
INSERT INTO `dim_ip` VALUES (3193, '110.184.148.51', 1857590323, 3, 2, 510101, 100019);
INSERT INTO `dim_ip` VALUES (3194, '125.71.76.209', 2101824721, 3, 2, 510101, 100019);
INSERT INTO `dim_ip` VALUES (3195, '171.217.43.49', 2883136305, 3, 2, 510101, 100019);
INSERT INTO `dim_ip` VALUES (3196, '119.4.254.204', 1996816076, 3, 2, 510101, 100023);
INSERT INTO `dim_ip` VALUES (3197, '171.216.238.114', 2883120754, 3, 2, 510101, 100019);
INSERT INTO `dim_ip` VALUES (3198, '192.168.1.13', 3232235789, -9, -9, -9, -9);
INSERT INTO `dim_ip` VALUES (3199, '117.136.0.175', 1971847343, 3, 5, 510102, 100022);
INSERT INTO `dim_ip` VALUES (3200, '171.217.62.180', 2883141300, 3, 2, 510101, 100019);
INSERT INTO `dim_ip` VALUES (3201, '110.185.16.73', 1857622089, 3, 2, 510101, 100019);
INSERT INTO `dim_ip` VALUES (3202, '114.242.250.121', 1928526457, 3, 5, 510102, 100023);
INSERT INTO `dim_ip` VALUES (3203, '118.115.17.20', 1987252500, 3, 2, 510101, 100019);
INSERT INTO `dim_ip` VALUES (3204, '223.104.101.164', 3748160932, 3, 5, 510102, 100022);
INSERT INTO `dim_ip` VALUES (3205, '171.209.99.193', 2882626497, 3, 2, 510101, 100019);
INSERT INTO `dim_ip` VALUES (3206, '104.237.90.42', 1760385578, 5, 26, 510138, -9);
INSERT INTO `dim_ip` VALUES (3207, '171.216.70.230', 2883077862, 3, 2, 510101, 100019);
INSERT INTO `dim_ip` VALUES (3208, '223.104.176.18', 3748179986, 3, 17, 510204, 100022);
INSERT INTO `dim_ip` VALUES (3209, '114.242.248.163', 1928525987, 3, 5, 510102, 100023);
INSERT INTO `dim_ip` VALUES (3210, '110.184.205.25', 1857604889, 3, 2, 510101, 100019);
INSERT INTO `dim_ip` VALUES (3211, '119.4.255.17', 1996816145, 3, 2, 510101, 100023);
INSERT INTO `dim_ip` VALUES (3212, '117.174.86.46', 1974359598, 3, 2, 510101, 100022);
INSERT INTO `dim_ip` VALUES (3213, '223.104.3.147', 3748135827, 3, 5, 510102, 100022);
INSERT INTO `dim_ip` VALUES (3214, '110.185.16.175', 1857622191, 3, 2, 510101, 100019);
INSERT INTO `dim_ip` VALUES (3215, '36.98.67.103', 610419559, 3, 13, 510110, 100019);
INSERT INTO `dim_ip` VALUES (3216, '101.41.236.236', 1697246444, 3, 5, 510102, 100020);
INSERT INTO `dim_ip` VALUES (3217, '171.212.139.169', 2882833321, 3, 2, 510101, 100019);
INSERT INTO `dim_ip` VALUES (3218, '223.100.12.190', 3747876030, 3, 17, 510155, 100022);
INSERT INTO `dim_ip` VALUES (3219, '119.4.255.76', 1996816204, 3, 2, 510101, 100023);
INSERT INTO `dim_ip` VALUES (3220, '119.4.255.192', 1996816320, 3, 2, 510101, 100023);
INSERT INTO `dim_ip` VALUES (3221, '114.242.250.110', 1928526446, 3, 5, 510102, 100023);
INSERT INTO `dim_ip` VALUES (3222, '114.242.248.101', 1928525925, 3, 5, 510102, 100023);
INSERT INTO `dim_ip` VALUES (3223, '61.148.242.252', 1033171708, 3, 5, 510102, 100023);
INSERT INTO `dim_ip` VALUES (3224, '223.104.3.140', 3748135820, 3, 5, 510102, 100022);
INSERT INTO `dim_ip` VALUES (3225, '61.148.244.215', 1033172183, 3, 5, 510102, 100023);
INSERT INTO `dim_ip` VALUES (3226, '223.87.240.30', 3747082270, 3, 2, 510101, 100022);
INSERT INTO `dim_ip` VALUES (3227, '171.213.56.106', 2882877546, 3, 2, 510101, 100019);
INSERT INTO `dim_ip` VALUES (3228, '111.194.49.112', 1874997616, 3, 5, 510102, 100023);
INSERT INTO `dim_ip` VALUES (3229, '117.136.38.151', 1971857047, 3, 5, 510102, 100022);
INSERT INTO `dim_ip` VALUES (3230, '114.242.250.238', 1928526574, 3, 5, 510102, 100023);
INSERT INTO `dim_ip` VALUES (3231, '175.165.111.123', 2946854779, 3, 17, 510118, 100023);
INSERT INTO `dim_ip` VALUES (3232, '223.104.3.225', 3748135905, 3, 5, 510102, 100022);
INSERT INTO `dim_ip` VALUES (3233, '175.165.97.13', 2946851085, 3, 17, 510118, 100023);
INSERT INTO `dim_ip` VALUES (3234, '119.4.254.69', 1996815941, 3, 2, 510101, 100023);
INSERT INTO `dim_ip` VALUES (3235, '61.148.243.65', 1033171777, 3, 5, 510102, 100023);
INSERT INTO `dim_ip` VALUES (3236, '114.242.248.68', 1928525892, 3, 5, 510102, 100023);
INSERT INTO `dim_ip` VALUES (3237, '117.136.47.176', 1971859376, 3, 22, 510165, 100022);
INSERT INTO `dim_ip` VALUES (3238, '61.148.242.77', 1033171533, 3, 5, 510102, 100023);
INSERT INTO `dim_ip` VALUES (3239, '218.26.55.186', 3659151290, 3, 25, 510216, 100023);
INSERT INTO `dim_ip` VALUES (3240, '117.136.4.89', 1971848281, 3, 25, 510137, 100022);
INSERT INTO `dim_ip` VALUES (3241, '116.243.194.134', 1962132102, 3, 5, 510102, 100020);
INSERT INTO `dim_ip` VALUES (3242, '171.210.61.191', 2882682303, 3, 2, 510101, 100019);
INSERT INTO `dim_ip` VALUES (3243, '117.136.0.189', 1971847357, 3, 5, 510102, 100022);
INSERT INTO `dim_ip` VALUES (3244, '222.209.156.70', 3738278982, 3, 2, 510101, 100019);
INSERT INTO `dim_ip` VALUES (3245, '222.209.157.41', 3738279209, 3, 2, 510101, 100019);
INSERT INTO `dim_ip` VALUES (3246, '104.237.90.81', 1760385617, 5, 26, 510138, -9);
INSERT INTO `dim_ip` VALUES (3247, '61.148.244.89', 1033172057, 3, 5, 510102, 100023);
INSERT INTO `dim_ip` VALUES (3248, '104.237.90.141', 1760385677, 5, 26, 510138, -9);
INSERT INTO `dim_ip` VALUES (3249, '182.149.165.59', 3063260475, 3, 2, 510101, 100019);
INSERT INTO `dim_ip` VALUES (3250, '192.168.100.237', 3232261357, -9, -9, -9, -9);
INSERT INTO `dim_ip` VALUES (3251, '114.242.249.46', 1928526126, 3, 5, 510102, 100023);
INSERT INTO `dim_ip` VALUES (3252, '223.104.3.202', 3748135882, 3, 5, 510102, 100022);
INSERT INTO `dim_ip` VALUES (3253, '14.196.20.100', 247731300, 3, 2, 510101, 100020);
INSERT INTO `dim_ip` VALUES (3254, '117.136.38.35', 1971856931, 3, 5, 510102, 100022);
INSERT INTO `dim_ip` VALUES (3255, '117.136.63.173', 1971863469, 3, 2, 510101, 100022);
INSERT INTO `dim_ip` VALUES (3256, '117.136.63.135', 1971863431, 3, 2, 510101, 100022);
INSERT INTO `dim_ip` VALUES (3257, '171.210.31.214', 2882674646, 3, 2, 510101, 100019);
INSERT INTO `dim_ip` VALUES (3258, '182.148.59.12', 3063167756, 3, 2, 510101, 100019);
INSERT INTO `dim_ip` VALUES (3259, '114.242.248.28', 1928525852, 3, 5, 510102, 100023);
INSERT INTO `dim_ip` VALUES (3260, '61.148.242.28', 1033171484, 3, 5, 510102, 100023);
INSERT INTO `dim_ip` VALUES (3261, '139.207.218.15', 2345654799, 3, 2, 510101, 100019);
INSERT INTO `dim_ip` VALUES (3262, '171.221.141.109', 2883423597, 3, 2, 510101, 100019);
INSERT INTO `dim_ip` VALUES (3263, '223.104.3.171', 3748135851, 3, 5, 510102, 100022);
INSERT INTO `dim_ip` VALUES (3264, '14.25.245.111', 236582255, 3, 6, 510140, 100019);
INSERT INTO `dim_ip` VALUES (3265, '111.194.51.194', 1874998210, 3, 5, 510102, 100023);
INSERT INTO `dim_ip` VALUES (3266, '115.231.149.202', 1944557002, 3, 13, 510221, 100019);
INSERT INTO `dim_ip` VALUES (3267, '218.59.157.44', 3661339948, 3, 12, 510127, 100023);
INSERT INTO `dim_ip` VALUES (3268, '113.44.91.30', 1898732318, 3, 5, 510102, 100020);
INSERT INTO `dim_ip` VALUES (3269, '61.148.244.69', 1033172037, 3, 5, 510102, 100023);
INSERT INTO `dim_ip` VALUES (3270, '1.180.235.241', 28634097, 3, 8, 510119, 100019);
INSERT INTO `dim_ip` VALUES (3271, '14.131.0.92', 243466332, 3, 5, 510102, 100020);
INSERT INTO `dim_ip` VALUES (3272, '183.199.216.75', 3083327563, 3, 22, 510222, 100022);
INSERT INTO `dim_ip` VALUES (3273, '112.242.217.179', 1894963635, 3, 12, 510116, 100023);
INSERT INTO `dim_ip` VALUES (3274, '117.136.44.178', 1971858610, 3, 16, 510199, 100022);
INSERT INTO `dim_ip` VALUES (3275, '183.167.205.90', 3081227610, 3, 34, 510223, 100019);
INSERT INTO `dim_ip` VALUES (3276, '223.85.219.244', 3746946036, 3, 2, 510101, 100022);
INSERT INTO `dim_ip` VALUES (3277, '117.174.94.69', 1974361669, 3, 2, 510101, 100022);
INSERT INTO `dim_ip` VALUES (3278, '182.148.57.104', 3063167336, 3, 2, 510101, 100019);
INSERT INTO `dim_ip` VALUES (3279, '123.120.175.52', 2071506740, 3, 5, 510102, 100023);
INSERT INTO `dim_ip` VALUES (3280, '171.210.185.20', 2882713876, 3, 2, 510101, 100019);
INSERT INTO `dim_ip` VALUES (3281, '116.226.49.58', 1960980794, 3, 7, 510104, 100019);
INSERT INTO `dim_ip` VALUES (3282, '47.52.140.3', 791972867, 5, 26, 510138, -9);
INSERT INTO `dim_ip` VALUES (3283, '111.194.44.49', 1874996273, 3, 5, 510102, 100023);
INSERT INTO `dim_ip` VALUES (3284, '111.204.157.2', 1875680514, 3, 5, 510102, 100023);
INSERT INTO `dim_ip` VALUES (3285, '61.148.243.17', 1033171729, 3, 5, 510102, 100023);
INSERT INTO `dim_ip` VALUES (3286, '113.251.53.196', 1912288708, 3, 33, 510164, 100019);
INSERT INTO `dim_ip` VALUES (3287, '125.208.1.66', 2110783810, 3, 5, 510102, -9);
INSERT INTO `dim_ip` VALUES (3288, '171.212.138.187', 2882833083, 3, 2, 510101, 100019);
INSERT INTO `dim_ip` VALUES (3289, '171.216.183.143', 2883106703, 3, 2, 510101, 100019);
INSERT INTO `dim_ip` VALUES (3290, '111.41.171.179', 1865001907, 3, 19, 510224, 100022);
INSERT INTO `dim_ip` VALUES (3291, '221.219.168.180', 3722160308, 3, 5, 510102, 100023);
INSERT INTO `dim_ip` VALUES (3292, '118.247.183.60', 1995945788, 3, 5, 510102, 100020);
INSERT INTO `dim_ip` VALUES (3293, '61.140.211.228', 1032639460, 3, 6, 510140, 100019);
INSERT INTO `dim_ip` VALUES (3294, '118.115.240.93', 1987309661, 3, 2, 510101, 100019);
INSERT INTO `dim_ip` VALUES (3295, '112.96.176.135', 1885384839, 3, 6, 510140, 100023);
INSERT INTO `dim_ip` VALUES (3296, '47.74.21.84', 793384276, 5, 26, 510138, -9);
INSERT INTO `dim_ip` VALUES (3297, '39.155.133.30', 664503582, 3, 5, 510102, 100022);
INSERT INTO `dim_ip` VALUES (3298, '121.79.131.114', 2035254130, 3, 5, 510102, 100025);
INSERT INTO `dim_ip` VALUES (3299, '118.115.9.147', 1987250579, 3, 2, 510101, 100019);
INSERT INTO `dim_ip` VALUES (3300, '106.121.70.176', 1786332848, 3, 5, 510102, 100019);
INSERT INTO `dim_ip` VALUES (3301, '106.38.129.115', 1780908403, 3, 5, 510102, 100019);
INSERT INTO `dim_ip` VALUES (3302, '221.12.156.50', 3708591154, 3, 13, 510225, 100023);
INSERT INTO `dim_ip` VALUES (3303, '183.131.184.242', 3078863090, 3, 13, 510133, 100019);
INSERT INTO `dim_ip` VALUES (3304, '182.148.112.32', 3063181344, 3, 2, 510101, 100019);
INSERT INTO `dim_ip` VALUES (3305, '114.242.17.96', 1928466784, 3, 5, 510102, 100023);
INSERT INTO `dim_ip` VALUES (3306, '101.81.161.140', 1699848588, 3, 7, 510104, 100019);
INSERT INTO `dim_ip` VALUES (3307, '223.104.12.181', 3748138165, 3, 21, 510154, 100022);
INSERT INTO `dim_ip` VALUES (3308, '223.104.3.146', 3748135826, 3, 5, 510102, 100022);
INSERT INTO `dim_ip` VALUES (3309, '171.216.165.20', 2883101972, 3, 2, 510101, 100019);
INSERT INTO `dim_ip` VALUES (3310, '61.50.248.5', 1026750469, 3, 5, 510102, 100023);
INSERT INTO `dim_ip` VALUES (3311, '117.136.63.189', 1971863485, 3, 2, 510101, 100022);
INSERT INTO `dim_ip` VALUES (3312, '106.57.105.86', 1782147414, 3, 21, 510154, 100019);
INSERT INTO `dim_ip` VALUES (3313, '118.113.0.122', 1987117178, 3, 2, 510101, 100019);
INSERT INTO `dim_ip` VALUES (3314, '223.104.3.193', 3748135873, 3, 5, 510102, 100022);
INSERT INTO `dim_ip` VALUES (3315, '110.184.161.90', 1857593690, 3, 2, 510101, 100019);
INSERT INTO `dim_ip` VALUES (3316, '14.131.25.174', 243472814, 3, 5, 510102, 100020);
INSERT INTO `dim_ip` VALUES (3317, '111.196.208.202', 1875169482, 3, 5, 510102, 100023);
INSERT INTO `dim_ip` VALUES (3318, '223.72.93.50', 3746061618, 3, 5, 510102, 100022);
INSERT INTO `dim_ip` VALUES (3319, '218.59.157.43', 3661339947, 3, 12, 510127, 100023);
INSERT INTO `dim_ip` VALUES (3320, '221.216.174.57', 3721965113, 3, 5, 510102, 100023);
INSERT INTO `dim_ip` VALUES (3321, '61.157.210.170', 1033753258, 3, 2, 510226, 100019);
INSERT INTO `dim_ip` VALUES (3322, '222.209.158.153', 3738279577, 3, 2, 510101, 100019);
INSERT INTO `dim_ip` VALUES (3323, '39.155.185.107', 664516971, 3, 5, 510102, 100022);
INSERT INTO `dim_ip` VALUES (3324, '14.210.33.41', 248652073, 3, 6, 510227, 100019);
INSERT INTO `dim_ip` VALUES (3325, '59.59.169.209', 993765841, 3, 18, 510228, 100019);
INSERT INTO `dim_ip` VALUES (3326, '112.98.113.230', 1885499878, 3, 19, 510229, 100019);
INSERT INTO `dim_ip` VALUES (3327, '49.119.11.96', 829885280, 3, 41, 510230, 100019);
INSERT INTO `dim_ip` VALUES (3328, '223.104.105.252', 3748162044, 3, 5, 510102, 100022);
INSERT INTO `dim_ip` VALUES (3329, '117.136.64.75', 1971863627, 3, 2, 510101, 100022);
INSERT INTO `dim_ip` VALUES (3330, '118.115.15.166', 1987252134, 3, 2, 510101, 100019);
INSERT INTO `dim_ip` VALUES (3331, '114.245.44.82', 1928670290, 3, 5, 510102, 100023);
INSERT INTO `dim_ip` VALUES (3332, '42.49.81.22', 707875094, 3, 20, 510231, 100023);
INSERT INTO `dim_ip` VALUES (3333, '117.174.94.205', 1974361805, 3, 2, 510101, 100022);
INSERT INTO `dim_ip` VALUES (3334, '117.136.29.178', 1971854770, 3, 40, 510186, 100022);
INSERT INTO `dim_ip` VALUES (3335, '180.191.101.159', 3032442271, 9, 44, 510232, -9);
INSERT INTO `dim_ip` VALUES (3336, '124.126.239.202', 2088693706, 3, 5, 510102, 100019);
INSERT INTO `dim_ip` VALUES (3337, '17.199.219.148', 298310548, 5, 26, 510138, -9);
INSERT INTO `dim_ip` VALUES (3338, '222.209.157.217', 3738279385, 3, 2, 510101, 100019);
INSERT INTO `dim_ip` VALUES (3339, '124.204.188.48', 2093792304, 3, 5, 510102, 100020);
INSERT INTO `dim_ip` VALUES (3340, '106.108.38.214', 1785472726, 3, 35, 510171, 100019);
INSERT INTO `dim_ip` VALUES (3341, '223.90.171.201', 3747261385, 3, 16, 510199, 100022);
INSERT INTO `dim_ip` VALUES (3342, '117.135.233.129', 1971841409, 3, 35, 510233, 100022);
INSERT INTO `dim_ip` VALUES (3343, '106.119.49.28', 1786196252, 3, 22, 510161, 100019);
INSERT INTO `dim_ip` VALUES (3344, '36.4.169.177', 604285361, 3, 34, 510234, 100019);
INSERT INTO `dim_ip` VALUES (3345, '117.136.86.244', 1971869428, 3, 9, 510106, 100022);
INSERT INTO `dim_ip` VALUES (3346, '171.209.247.215', 2882664407, 3, 2, 510101, 100019);
INSERT INTO `dim_ip` VALUES (3347, '222.74.17.6', 3729395974, 3, 8, 510119, 100019);
INSERT INTO `dim_ip` VALUES (3348, '223.104.3.200', 3748135880, 3, 5, 510102, 100022);
INSERT INTO `dim_ip` VALUES (3349, '113.133.211.48', 1904595760, 3, 9, 510106, 100019);
INSERT INTO `dim_ip` VALUES (3350, '117.136.38.59', 1971856955, 3, 5, 510102, 100022);
INSERT INTO `dim_ip` VALUES (3351, '223.104.63.172', 3748151212, 3, 6, 510125, 100022);
INSERT INTO `dim_ip` VALUES (3352, '61.55.241.157', 1027076509, 3, 22, 510136, 100023);
INSERT INTO `dim_ip` VALUES (3353, '117.139.14.42', 1972047402, 3, 2, 510101, 100022);
INSERT INTO `dim_ip` VALUES (3354, '221.203.33.184', 3721077176, 3, 17, 510235, 100023);
INSERT INTO `dim_ip` VALUES (3355, '1.202.71.220', 30033884, 3, 5, 510102, 100019);
INSERT INTO `dim_ip` VALUES (3356, '125.69.41.40', 2101684520, 3, 2, 510101, 100019);
INSERT INTO `dim_ip` VALUES (3357, '117.136.63.167', 1971863463, 3, 2, 510101, 100022);
INSERT INTO `dim_ip` VALUES (3358, '223.104.3.253', 3748135933, 3, 5, 510102, 100022);
INSERT INTO `dim_ip` VALUES (3359, '101.66.178.165', 1698869925, 3, 13, 510236, 100023);
INSERT INTO `dim_ip` VALUES (3360, '117.136.94.230', 1971871462, 3, 12, 510114, 100022);
INSERT INTO `dim_ip` VALUES (3361, '117.136.0.138', 1971847306, 3, 5, 510102, 100022);
INSERT INTO `dim_ip` VALUES (3362, '223.72.82.131', 3746058883, 3, 5, 510102, 100022);
INSERT INTO `dim_ip` VALUES (3363, '17.200.11.44', 298322732, 5, 26, 510138, -9);
INSERT INTO `dim_ip` VALUES (3364, '113.200.106.155', 1908959899, 3, 9, 510106, 100023);
INSERT INTO `dim_ip` VALUES (3365, '221.13.63.158', 3708632990, 3, 35, 510237, 100023);
INSERT INTO `dim_ip` VALUES (3366, '117.136.25.78', 1971853646, 3, 9, 510106, 100022);
INSERT INTO `dim_ip` VALUES (3367, '112.224.67.187', 1893745595, 3, 12, 510114, 100023);
INSERT INTO `dim_ip` VALUES (3368, '114.242.250.43', 1928526379, 3, 5, 510102, 100023);
INSERT INTO `dim_ip` VALUES (3369, '49.95.204.167', 828361895, 3, 11, 510111, 100019);
INSERT INTO `dim_ip` VALUES (3370, '117.136.62.62', 1971863102, 3, 2, 510101, 100022);
INSERT INTO `dim_ip` VALUES (3371, '111.163.161.102', 1872994662, 3, 14, 510113, 100023);
INSERT INTO `dim_ip` VALUES (3372, '140.243.71.98', 2364753762, 3, 18, 510120, 100019);
INSERT INTO `dim_ip` VALUES (3373, '113.91.189.229', 1901837797, 3, 6, 510125, 100019);
INSERT INTO `dim_ip` VALUES (3374, '218.89.241.192', 3663327680, 3, 2, 510101, 100019);
INSERT INTO `dim_ip` VALUES (3375, '220.181.38.122', 3702859386, 3, 5, 510102, 100019);
INSERT INTO `dim_ip` VALUES (3376, '219.142.215.102', 3683571558, 3, 5, 510102, 100019);
INSERT INTO `dim_ip` VALUES (3377, '183.13.49.18', 3071095058, 3, 6, 510125, 100019);
INSERT INTO `dim_ip` VALUES (3378, '39.130.123.110', 662862702, 3, 5, 510102, 100022);
INSERT INTO `dim_ip` VALUES (3379, '111.194.50.213', 1874997973, 3, 5, 510102, 100023);
INSERT INTO `dim_ip` VALUES (3380, '1.81.86.90', 22107738, 3, 9, 510238, 100019);
INSERT INTO `dim_ip` VALUES (3381, '223.104.9.176', 3748137392, 3, 2, 510101, 100022);
INSERT INTO `dim_ip` VALUES (3382, '139.207.155.236', 2345638892, 3, 2, 510101, 100019);
INSERT INTO `dim_ip` VALUES (3383, '221.217.51.196', 3721999300, 3, 5, 510102, 100023);
INSERT INTO `dim_ip` VALUES (3384, '115.171.60.239', 1940602095, 3, 5, 510102, 100019);
INSERT INTO `dim_ip` VALUES (3385, '114.242.248.113', 1928525937, 3, 5, 510102, 100023);
INSERT INTO `dim_ip` VALUES (3386, '125.34.0.159', 2099380383, 3, 5, 510102, 100023);
INSERT INTO `dim_ip` VALUES (3387, '14.21.29.164', 236264868, 3, 6, 510140, 100019);
INSERT INTO `dim_ip` VALUES (3388, '17.147.101.15', 294872335, 5, 26, 510138, -9);
INSERT INTO `dim_ip` VALUES (3389, '115.212.152.84', 1943312468, 3, 13, 510236, 100019);
INSERT INTO `dim_ip` VALUES (3390, '121.34.54.228', 2032285412, 3, 6, 510125, 100019);
INSERT INTO `dim_ip` VALUES (3391, '218.201.220.226', 3670662370, 3, 35, 510239, 100022);
INSERT INTO `dim_ip` VALUES (3392, '117.170.237.81', 1974136145, 3, 32, 510240, 100022);
INSERT INTO `dim_ip` VALUES (3393, '49.118.132.131', 829850755, 3, 41, 510187, 100019);
INSERT INTO `dim_ip` VALUES (3394, '139.207.224.188', 2345656508, 3, 2, 510101, 100019);
INSERT INTO `dim_ip` VALUES (3395, '114.242.248.120', 1928525944, 3, 5, 510102, 100023);
INSERT INTO `dim_ip` VALUES (3396, '1.86.128.132', 22446212, 3, 9, 510106, 100019);
INSERT INTO `dim_ip` VALUES (3397, '220.180.91.9', 3702807305, 3, 34, 510241, 100019);
INSERT INTO `dim_ip` VALUES (3398, '222.209.250.214', 3738303190, 3, 2, 510101, 100019);
INSERT INTO `dim_ip` VALUES (3399, '111.199.191.147', 1875361683, 3, 5, 510102, 100023);
INSERT INTO `dim_ip` VALUES (3400, '61.135.13.129', 1032260993, 3, 5, 510102, 100023);
INSERT INTO `dim_ip` VALUES (3401, '112.96.112.194', 1885368514, 3, 6, 510140, 100023);
INSERT INTO `dim_ip` VALUES (3402, '113.91.189.217', 1901837785, 3, 6, 510125, 100019);
INSERT INTO `dim_ip` VALUES (3403, '222.209.88.90', 3738261594, 3, 2, 510101, 100019);
INSERT INTO `dim_ip` VALUES (3404, '180.117.212.101', 3027620965, 3, 11, 510242, 100019);
INSERT INTO `dim_ip` VALUES (3405, '45.56.152.97', 758683745, 5, 26, 510138, -9);
INSERT INTO `dim_ip` VALUES (3406, '139.207.217.162', 2345654690, 3, 2, 510101, 100019);
INSERT INTO `dim_ip` VALUES (3407, '171.221.138.69', 2883422789, 3, 2, 510101, 100019);
INSERT INTO `dim_ip` VALUES (3408, '171.221.140.139', 2883423371, 3, 2, 510101, 100019);
INSERT INTO `dim_ip` VALUES (3409, '111.197.232.121', 1875241081, 3, 5, 510102, 100023);
INSERT INTO `dim_ip` VALUES (3410, '117.136.0.171', 1971847339, 3, 5, 510102, 100022);
INSERT INTO `dim_ip` VALUES (3411, '223.85.221.65', 3746946369, 3, 2, 510101, 100022);
INSERT INTO `dim_ip` VALUES (3412, '125.69.41.163', 2101684643, 3, 2, 510101, 100019);
INSERT INTO `dim_ip` VALUES (3413, '171.216.241.234', 2883121642, 3, 2, 510101, 100019);
INSERT INTO `dim_ip` VALUES (3414, '223.104.33.154', 3748143514, 3, 34, 510168, 100022);
INSERT INTO `dim_ip` VALUES (3415, '106.6.131.28', 1778811676, 3, 32, 510243, 100019);
INSERT INTO `dim_ip` VALUES (3416, '171.88.7.12', 2874672908, 3, 2, 510101, 100019);
INSERT INTO `dim_ip` VALUES (3417, '171.217.46.79', 2883137103, 3, 2, 510101, 100019);
INSERT INTO `dim_ip` VALUES (3418, '114.242.249.171', 1928526251, 3, 5, 510102, 100023);
INSERT INTO `dim_ip` VALUES (3419, '61.148.244.232', 1033172200, 3, 5, 510102, 100023);
INSERT INTO `dim_ip` VALUES (3420, '118.247.160.153', 1995939993, 3, 5, 510102, 100020);
INSERT INTO `dim_ip` VALUES (3421, '60.171.234.235', 1017899755, 3, 34, 510244, 100019);
INSERT INTO `dim_ip` VALUES (3422, '113.45.51.168', 1898787752, 3, 5, 510102, 100020);
INSERT INTO `dim_ip` VALUES (3423, '223.104.90.82', 3748158034, 3, 30, 510150, 100022);
INSERT INTO `dim_ip` VALUES (3424, '110.184.68.183', 1857569975, 3, 2, 510101, 100019);
INSERT INTO `dim_ip` VALUES (3425, '223.116.236.253', 3748982013, 3, 41, 510245, 100022);
INSERT INTO `dim_ip` VALUES (3426, '117.136.85.235', 1971869163, 3, 21, 510154, 100022);
INSERT INTO `dim_ip` VALUES (3427, '111.194.51.187', 1874998203, 3, 5, 510102, 100023);
INSERT INTO `dim_ip` VALUES (3428, '1.30.6.101', 18744933, 3, 8, 510119, 100023);
INSERT INTO `dim_ip` VALUES (3429, '114.242.250.72', 1928526408, 3, 5, 510102, 100023);
INSERT INTO `dim_ip` VALUES (3430, '1.82.225.224', 22208992, 3, 9, 510180, 100019);
INSERT INTO `dim_ip` VALUES (3431, '114.242.250.174', 1928526510, 3, 5, 510102, 100023);
INSERT INTO `dim_ip` VALUES (3432, '223.116.228.129', 3748979841, 3, 41, 510245, 100022);
INSERT INTO `dim_ip` VALUES (3433, '139.207.243.148', 2345661332, 3, 2, 510101, 100019);
INSERT INTO `dim_ip` VALUES (3434, '114.242.249.178', 1928526258, 3, 5, 510102, 100023);
INSERT INTO `dim_ip` VALUES (3435, '112.249.156.151', 1895406743, 3, 12, 510246, 100023);
INSERT INTO `dim_ip` VALUES (3436, '223.104.9.212', 3748137428, 3, 2, 510101, 100022);
INSERT INTO `dim_ip` VALUES (3437, '223.104.3.244', 3748135924, 3, 5, 510102, 100022);
INSERT INTO `dim_ip` VALUES (3438, '223.85.220.187', 3746946235, 3, 2, 510101, 100022);
INSERT INTO `dim_ip` VALUES (3439, '14.131.11.185', 243469241, 3, 5, 510102, 100020);
INSERT INTO `dim_ip` VALUES (3440, '119.7.167.13', 1996990221, 3, 2, 510184, 100023);
INSERT INTO `dim_ip` VALUES (3441, '123.157.126.222', 2073919198, 3, 13, 510193, 100023);
INSERT INTO `dim_ip` VALUES (3442, '223.104.107.165', 3748162469, 3, 25, 510192, 100022);
INSERT INTO `dim_ip` VALUES (3443, '112.224.67.124', 1893745532, 3, 12, 510114, 100023);
INSERT INTO `dim_ip` VALUES (3444, '139.214.244.201', 2346120393, 3, 43, 510191, 100023);
INSERT INTO `dim_ip` VALUES (3445, '114.242.250.224', 1928526560, 3, 5, 510102, 100023);
INSERT INTO `dim_ip` VALUES (3446, '121.34.54.83', 2032285267, 3, 6, 510125, 100019);
INSERT INTO `dim_ip` VALUES (3447, '61.148.242.60', 1033171516, 3, 5, 510102, 100023);
INSERT INTO `dim_ip` VALUES (3448, '140.243.120.44', 2364766252, 3, 18, 510120, 100019);
INSERT INTO `dim_ip` VALUES (3449, '223.104.9.183', 3748137399, 3, 2, 510101, 100022);
INSERT INTO `dim_ip` VALUES (3450, '223.104.3.229', 3748135909, 3, 5, 510102, 100022);
INSERT INTO `dim_ip` VALUES (3451, '139.207.243.249', 2345661433, 3, 2, 510101, 100019);
INSERT INTO `dim_ip` VALUES (3452, '110.166.162.40', 1856414248, 3, 40, 510186, 100019);
INSERT INTO `dim_ip` VALUES (3453, '106.58.58.202', 1782201034, 3, 21, 510247, 100019);
INSERT INTO `dim_ip` VALUES (3454, '124.64.239.92', 2084630364, 3, 5, 510102, 100023);
INSERT INTO `dim_ip` VALUES (3455, '182.149.157.125', 3063258493, 3, 2, 510101, 100019);
INSERT INTO `dim_ip` VALUES (3456, '171.212.137.221', 2882832861, 3, 2, 510101, 100019);
INSERT INTO `dim_ip` VALUES (3457, '171.221.149.159', 2883425695, 3, 2, 510101, 100019);
INSERT INTO `dim_ip` VALUES (3458, '114.135.249.179', 1921513907, 3, 35, 510171, 100019);
INSERT INTO `dim_ip` VALUES (3459, '111.196.214.201', 1875171017, 3, 5, 510102, 100023);
INSERT INTO `dim_ip` VALUES (3460, '223.85.219.249', 3746946041, 3, 2, 510101, 100022);
INSERT INTO `dim_ip` VALUES (3461, '112.248.190.7', 1895349767, 3, 12, 510122, 100023);
INSERT INTO `dim_ip` VALUES (3462, '222.129.41.253', 3733006845, 3, 5, 510102, 100023);
INSERT INTO `dim_ip` VALUES (3463, '117.136.63.157', 1971863453, 3, 2, 510101, 100022);
INSERT INTO `dim_ip` VALUES (3464, '223.104.3.197', 3748135877, 3, 5, 510102, 100022);
INSERT INTO `dim_ip` VALUES (3465, '113.47.57.9', 1898920201, 3, 5, 510102, 100020);
INSERT INTO `dim_ip` VALUES (3466, '61.149.15.200', 1033179080, 3, 5, 510102, 100023);
INSERT INTO `dim_ip` VALUES (3467, '114.253.132.68', 1929217092, 3, 5, 510102, 100023);
INSERT INTO `dim_ip` VALUES (3468, '182.132.89.25', 3062126873, 3, 2, 510248, 100019);
INSERT INTO `dim_ip` VALUES (3469, '117.136.80.98', 1971867746, 3, 21, 510154, 100022);
INSERT INTO `dim_ip` VALUES (3470, '222.90.13.230', 3730443750, 3, 9, 510106, 100019);
INSERT INTO `dim_ip` VALUES (3471, '223.104.105.124', 3748161916, 3, 5, 510102, 100022);
INSERT INTO `dim_ip` VALUES (3472, '61.148.244.212', 1033172180, 3, 5, 510102, 100023);
INSERT INTO `dim_ip` VALUES (3473, '139.207.191.211', 2345648083, 3, 2, 510101, 100019);
INSERT INTO `dim_ip` VALUES (3474, '110.184.64.123', 1857568891, 3, 2, 510101, 100019);
INSERT INTO `dim_ip` VALUES (3475, '114.242.249.157', 1928526237, 3, 5, 510102, 100023);
INSERT INTO `dim_ip` VALUES (3476, '117.136.94.205', 1971871437, 3, 12, 510114, 100022);
INSERT INTO `dim_ip` VALUES (3477, '183.237.222.146', 3085819538, 3, 6, 510103, 100022);
INSERT INTO `dim_ip` VALUES (3478, '117.136.79.242', 1971867634, 3, 6, 510201, 100022);
INSERT INTO `dim_ip` VALUES (3479, '36.102.208.83', 610717779, 3, 13, 510110, 100019);
INSERT INTO `dim_ip` VALUES (3480, '117.136.0.165', 1971847333, 3, 5, 510102, 100022);
INSERT INTO `dim_ip` VALUES (3481, '221.216.59.229', 3721935845, 3, 5, 510102, 100023);
INSERT INTO `dim_ip` VALUES (3482, '125.70.176.22', 2101784598, 3, 2, 510101, 100019);
INSERT INTO `dim_ip` VALUES (3483, '124.160.219.51', 2090916659, 3, 13, 510110, 100023);
INSERT INTO `dim_ip` VALUES (3484, '118.186.221.226', 1991957986, 3, 5, 510102, -9);
INSERT INTO `dim_ip` VALUES (3485, '117.136.3.120', 1971848056, 3, 8, 510119, 100022);
INSERT INTO `dim_ip` VALUES (3486, '49.77.227.146', 827188114, 3, 11, 510111, 100019);
INSERT INTO `dim_ip` VALUES (3487, '112.123.224.54', 1887166518, 3, 34, 510249, 100023);
INSERT INTO `dim_ip` VALUES (3488, '171.214.213.233', 2882983401, 3, 2, 510101, 100019);
INSERT INTO `dim_ip` VALUES (3489, '121.34.53.127', 2032285055, 3, 6, 510125, 100019);
INSERT INTO `dim_ip` VALUES (3490, '42.90.182.227', 710588131, 3, 39, 510250, 100019);
INSERT INTO `dim_ip` VALUES (3491, '117.136.38.58', 1971856954, 3, 5, 510102, 100022);
INSERT INTO `dim_ip` VALUES (3492, '171.210.24.250', 2882672890, 3, 2, 510101, 100019);
INSERT INTO `dim_ip` VALUES (3493, '61.148.242.164', 1033171620, 3, 5, 510102, 100023);
INSERT INTO `dim_ip` VALUES (3494, '36.162.180.230', 614642918, 3, 5, 510102, 100022);
INSERT INTO `dim_ip` VALUES (3495, '58.243.250.126', 989067902, 3, 34, 510168, 100023);
INSERT INTO `dim_ip` VALUES (3496, '220.181.38.120', 3702859384, 3, 5, 510102, 100019);
INSERT INTO `dim_ip` VALUES (3497, '171.41.79.103', 2871611239, 3, 15, 510251, 100019);
INSERT INTO `dim_ip` VALUES (3498, '117.136.62.40', 1971863080, 3, 2, 510101, 100022);
INSERT INTO `dim_ip` VALUES (3499, '210.12.125.103', 3524033895, 3, 5, 510102, 100023);
INSERT INTO `dim_ip` VALUES (3500, '218.31.55.42', 3659478826, 3, 41, 510252, 100019);
INSERT INTO `dim_ip` VALUES (3501, '125.69.73.118', 2101692790, 3, 2, 510101, 100019);
INSERT INTO `dim_ip` VALUES (3502, '111.196.215.90', 1875171162, 3, 5, 510102, 100023);
INSERT INTO `dim_ip` VALUES (3503, '139.209.219.254', 2345786366, 3, 43, 510253, 100023);
INSERT INTO `dim_ip` VALUES (3504, '61.49.233.35', 1026681123, 3, 5, 510102, 100023);
INSERT INTO `dim_ip` VALUES (3505, '222.163.191.187', 3735273403, 3, 43, 510253, 100023);
INSERT INTO `dim_ip` VALUES (3506, '113.91.190.157', 1901837981, 3, 6, 510125, 100019);
INSERT INTO `dim_ip` VALUES (3507, '111.192.206.37', 1874906661, 3, 5, 510102, 100023);
INSERT INTO `dim_ip` VALUES (3508, '117.136.67.20', 1971864340, 3, 11, 510242, 100022);
INSERT INTO `dim_ip` VALUES (3509, '42.102.236.150', 711388310, 3, 19, 510124, 100019);
INSERT INTO `dim_ip` VALUES (3510, '182.148.58.23', 3063167511, 3, 2, 510101, 100019);
INSERT INTO `dim_ip` VALUES (3511, '175.167.138.191', 2946992831, 3, 17, 510155, 100023);
INSERT INTO `dim_ip` VALUES (3512, '223.74.78.97', 3746188897, 3, 6, 510254, 100022);
INSERT INTO `dim_ip` VALUES (3513, '123.115.77.145', 2071154065, 3, 5, 510102, 100023);
INSERT INTO `dim_ip` VALUES (3514, '123.189.140.126', 2076019838, 3, 17, 510255, 100023);
INSERT INTO `dim_ip` VALUES (3515, '43.242.155.196', 737319876, 3, 41, 510187, 100023);
INSERT INTO `dim_ip` VALUES (3516, '223.104.95.85', 3748159317, 3, 5, 510102, 100022);
INSERT INTO `dim_ip` VALUES (3517, '115.58.89.73', 1933203785, 3, 16, 510256, 100023);
INSERT INTO `dim_ip` VALUES (3518, '112.224.21.134', 1893733766, 3, 12, 510114, 100023);
INSERT INTO `dim_ip` VALUES (3519, '61.148.242.96', 1033171552, 3, 5, 510102, 100023);
INSERT INTO `dim_ip` VALUES (3520, '110.184.64.38', 1857568806, 3, 2, 510101, 100019);
INSERT INTO `dim_ip` VALUES (3521, '117.136.80.209', 1971867857, 3, 21, 510154, 100022);
INSERT INTO `dim_ip` VALUES (3522, '61.158.149.15', 1033803023, 3, 16, 510257, 100023);
INSERT INTO `dim_ip` VALUES (3523, '39.155.185.115', 664516979, 3, 5, 510102, 100022);
INSERT INTO `dim_ip` VALUES (3524, '183.42.39.141', 3072993165, 3, 6, 510140, 100019);
INSERT INTO `dim_ip` VALUES (3525, '27.42.106.239', 455764719, 3, 6, 510143, 100023);
INSERT INTO `dim_ip` VALUES (3526, '39.155.186.240', 664517360, 3, 5, 510102, 100022);
INSERT INTO `dim_ip` VALUES (3527, '223.72.87.4', 3746060036, 3, 5, 510102, 100022);
INSERT INTO `dim_ip` VALUES (3528, '223.104.101.153', 3748160921, 3, 5, 510102, 100022);
INSERT INTO `dim_ip` VALUES (3529, '36.102.208.87', 610717783, 3, 13, 510110, 100019);
INSERT INTO `dim_ip` VALUES (3530, '113.200.107.55', 1908960055, 3, 9, 510106, 100023);
INSERT INTO `dim_ip` VALUES (3531, '113.129.83.81', 1904300881, 3, 12, 510114, 100019);
INSERT INTO `dim_ip` VALUES (3532, '114.242.249.115', 1928526195, 3, 5, 510102, 100023);
INSERT INTO `dim_ip` VALUES (3533, '111.194.51.122', 1874998138, 3, 5, 510102, 100023);
INSERT INTO `dim_ip` VALUES (3534, '1.203.116.135', 30110855, 3, 5, 510102, 100019);
INSERT INTO `dim_ip` VALUES (3535, '111.194.49.138', 1874997642, 3, 5, 510102, 100023);
INSERT INTO `dim_ip` VALUES (3536, '115.183.251.80', 1941437264, 3, 5, 510102, 100020);
INSERT INTO `dim_ip` VALUES (3537, '123.184.146.185', 2075693753, 3, 17, 510155, 100019);
INSERT INTO `dim_ip` VALUES (3538, '218.11.168.154', 3658197146, 3, 22, 510142, 100023);
INSERT INTO `dim_ip` VALUES (3539, '39.81.77.218', 659639770, 3, 12, 510123, 100023);
INSERT INTO `dim_ip` VALUES (3540, '121.34.52.112', 2032284784, 3, 6, 510125, 100019);
INSERT INTO `dim_ip` VALUES (3541, '117.140.145.145', 1972146577, 3, 30, 510258, 100022);
INSERT INTO `dim_ip` VALUES (3542, '113.247.113.254', 1912041982, 3, 20, 510126, 100019);
INSERT INTO `dim_ip` VALUES (3543, '119.167.8.84', 2007435348, 3, 12, 510109, 100023);
INSERT INTO `dim_ip` VALUES (3544, '113.111.7.196', 1903101892, 3, 6, 510140, 100019);
INSERT INTO `dim_ip` VALUES (3545, '39.188.2.142', 666632846, 3, 13, 510236, 100022);
INSERT INTO `dim_ip` VALUES (3546, '27.227.43.108', 467872620, 3, 39, 510259, 100019);
INSERT INTO `dim_ip` VALUES (3547, '223.104.24.153', 3748141209, 3, 35, 510171, 100022);
INSERT INTO `dim_ip` VALUES (3548, '112.19.182.99', 1880340067, 3, 2, 510260, 100022);
INSERT INTO `dim_ip` VALUES (3549, '110.84.171.30', 1851042590, 3, 18, 510120, 100019);
INSERT INTO `dim_ip` VALUES (3550, '36.43.121.246', 606829046, 3, 9, 510220, 100019);
INSERT INTO `dim_ip` VALUES (3551, '101.206.167.188', 1708042172, 3, 2, 510101, 100023);
INSERT INTO `dim_ip` VALUES (3552, '120.239.161.230', 2028970470, 3, 6, 510163, 100022);
INSERT INTO `dim_ip` VALUES (3553, '117.139.10.40', 1972046376, 3, 2, 510101, 100022);
INSERT INTO `dim_ip` VALUES (3554, '117.179.193.93', 1974714717, 3, 19, 510261, 100022);
INSERT INTO `dim_ip` VALUES (3555, '171.221.143.23', 2883424023, 3, 2, 510101, 100019);
INSERT INTO `dim_ip` VALUES (3556, '114.242.248.75', 1928525899, 3, 5, 510102, 100023);
INSERT INTO `dim_ip` VALUES (3557, '118.112.94.52', 1987075636, 3, 2, 510101, 100019);
INSERT INTO `dim_ip` VALUES (3558, '117.150.121.230', 1972795878, 3, 15, 510262, 100022);
INSERT INTO `dim_ip` VALUES (3559, '125.69.41.81', 2101684561, 3, 2, 510101, 100019);
INSERT INTO `dim_ip` VALUES (3560, '183.197.139.67', 3083176771, 3, 22, 510185, 100022);
INSERT INTO `dim_ip` VALUES (3561, '117.136.0.115', 1971847283, 3, 5, 510102, 100022);
INSERT INTO `dim_ip` VALUES (3562, '112.224.69.64', 1893745984, 3, 12, 510114, 100023);
INSERT INTO `dim_ip` VALUES (3563, '223.104.64.37', 3748151333, 3, 25, 510192, 100022);
INSERT INTO `dim_ip` VALUES (3564, '43.250.201.121', 737855865, 3, 20, 510126, 100023);
INSERT INTO `dim_ip` VALUES (3565, '49.75.147.236', 827036652, 3, 11, 510108, 100019);
INSERT INTO `dim_ip` VALUES (3566, '182.243.193.177', 3069428145, 3, 21, 510263, 100019);
INSERT INTO `dim_ip` VALUES (3567, '117.136.71.230', 1971865574, 3, 21, 510154, 100022);
INSERT INTO `dim_ip` VALUES (3568, '117.174.94.176', 1974361776, 3, 2, 510101, 100022);
INSERT INTO `dim_ip` VALUES (3569, '117.136.27.40', 1971854120, 3, 39, 510183, 100022);
INSERT INTO `dim_ip` VALUES (3570, '110.182.146.104', 1857458792, 3, 25, 510264, 100019);
INSERT INTO `dim_ip` VALUES (3571, '1.30.6.186', 18745018, 3, 8, 510119, 100023);
INSERT INTO `dim_ip` VALUES (3572, '119.4.253.129', 1996815745, 3, 2, 510101, 100023);
INSERT INTO `dim_ip` VALUES (3573, '115.231.149.136', 1944556936, 3, 13, 510221, 100019);
INSERT INTO `dim_ip` VALUES (3574, '222.186.102.201', 3736757961, 3, 11, 510265, 100019);
INSERT INTO `dim_ip` VALUES (3575, '106.38.129.226', 1780908514, 3, 5, 510102, 100019);
INSERT INTO `dim_ip` VALUES (3576, '118.180.216.89', 1991563353, 3, 39, 510266, 100019);
INSERT INTO `dim_ip` VALUES (3577, '211.103.134.88', 3546777176, 3, 5, 510102, 100020);
INSERT INTO `dim_ip` VALUES (3578, '119.4.253.192', 1996815808, 3, 2, 510101, 100023);
INSERT INTO `dim_ip` VALUES (3579, '106.121.16.61', 1786318909, 3, 5, 510102, 100019);
INSERT INTO `dim_ip` VALUES (3580, '125.94.12.221', 2103315677, 3, 6, 510103, 100019);
INSERT INTO `dim_ip` VALUES (3581, '1.204.202.68', 30198340, 3, 35, 510171, 100019);
INSERT INTO `dim_ip` VALUES (3582, '182.144.53.110', 3062904174, 3, 2, 510101, 100019);
INSERT INTO `dim_ip` VALUES (3583, '58.217.244.35', 987362339, 3, 11, 510111, 100019);
INSERT INTO `dim_ip` VALUES (3584, '183.198.3.114', 3083207538, 3, 22, 510136, 100022);
INSERT INTO `dim_ip` VALUES (3585, '183.225.159.84', 3085016916, 3, 21, 510267, 100022);
INSERT INTO `dim_ip` VALUES (3586, '183.228.107.195', 3085200323, 3, 33, 510164, 100022);
INSERT INTO `dim_ip` VALUES (3587, '117.136.16.96', 1971851360, 3, 21, 510154, 100022);
INSERT INTO `dim_ip` VALUES (3588, '218.88.126.148', 3663232660, 3, 2, 510101, 100019);
INSERT INTO `dim_ip` VALUES (3589, '116.114.230.41', 1953687081, 3, 8, 510268, 100023);
INSERT INTO `dim_ip` VALUES (3590, '117.136.75.123', 1971866491, 3, 18, 510120, 100022);
INSERT INTO `dim_ip` VALUES (3591, '171.95.237.141', 2875190669, 3, 2, 510195, 100019);
INSERT INTO `dim_ip` VALUES (3592, '223.104.105.87', 3748161879, 3, 5, 510102, 100022);
INSERT INTO `dim_ip` VALUES (3593, '171.90.155.173', 2874842029, 3, 2, 510170, 100019);
INSERT INTO `dim_ip` VALUES (3594, '125.70.136.25', 2101774361, 3, 2, 510179, 100019);
INSERT INTO `dim_ip` VALUES (3595, '14.23.111.130', 236416898, 3, 6, 510140, 100019);
INSERT INTO `dim_ip` VALUES (3596, '223.104.27.156', 3748141980, 3, 39, 510183, 100022);
INSERT INTO `dim_ip` VALUES (3597, '36.23.151.39', 605525799, 3, 13, 510110, 100019);
INSERT INTO `dim_ip` VALUES (3598, '39.183.145.127', 666341759, 3, 13, 510236, 100022);
INSERT INTO `dim_ip` VALUES (3599, '139.214.254.249', 2346123001, 3, 43, 510191, 100023);
INSERT INTO `dim_ip` VALUES (3600, '116.9.141.85', 1946783061, 3, 30, 510269, 100019);
INSERT INTO `dim_ip` VALUES (3601, '223.117.38.83', 3748996691, 3, 41, 510270, 100022);
INSERT INTO `dim_ip` VALUES (3602, '118.78.4.162', 1984824482, 3, 25, 510271, 100023);
INSERT INTO `dim_ip` VALUES (3603, '218.201.250.245', 3670670069, 3, 35, 510272, 100022);
INSERT INTO `dim_ip` VALUES (3604, '223.72.70.10', 3746055690, 3, 5, 510102, 100022);
INSERT INTO `dim_ip` VALUES (3605, '116.228.90.46', 1961122350, 3, 7, 510104, 100019);
INSERT INTO `dim_ip` VALUES (3606, '121.60.65.49', 2033991985, 3, 15, 510115, 100019);
INSERT INTO `dim_ip` VALUES (3607, '124.224.201.67', 2095106371, 3, 37, 510174, 100019);
INSERT INTO `dim_ip` VALUES (3608, '106.114.188.161', 1785904289, 3, 22, 510136, 100019);
INSERT INTO `dim_ip` VALUES (3609, '1.27.206.37', 18599461, 3, 8, 510273, 100023);
INSERT INTO `dim_ip` VALUES (3610, '223.104.187.1', 3748182785, 3, 5, 510102, 100022);
INSERT INTO `dim_ip` VALUES (3611, '182.144.187.229', 3062938597, 3, 2, 510101, 100019);
INSERT INTO `dim_ip` VALUES (3612, '122.96.43.192', 2053123008, 3, 11, 510111, 100023);
INSERT INTO `dim_ip` VALUES (3613, '113.220.80.36', 1910263844, 3, 20, 510126, 100019);
INSERT INTO `dim_ip` VALUES (3614, '182.137.60.212', 3062447316, 3, 2, 510190, 100019);
INSERT INTO `dim_ip` VALUES (3615, '117.135.225.81', 1971839313, 3, 35, 510239, 100022);
INSERT INTO `dim_ip` VALUES (3616, '110.186.70.62', 1857701438, 3, 2, 510190, 100019);
INSERT INTO `dim_ip` VALUES (3617, '117.136.26.213', 1971854037, 3, 41, 510187, 100022);
INSERT INTO `dim_ip` VALUES (3618, '223.104.23.82', 3748140882, 3, 29, 510200, 100022);
INSERT INTO `dim_ip` VALUES (3619, '202.107.189.230', 3396058598, 3, 41, 510187, 100019);
INSERT INTO `dim_ip` VALUES (3620, '110.244.91.139', 1861507979, 3, 22, 510211, 100023);
INSERT INTO `dim_ip` VALUES (3621, '119.96.150.144', 2002818704, 3, 15, 510115, 100019);
INSERT INTO `dim_ip` VALUES (3622, '117.82.97.11', 1968333067, 3, 11, 510108, 100019);
INSERT INTO `dim_ip` VALUES (3623, '117.136.75.174', 1971866542, 3, 18, 510120, 100022);
INSERT INTO `dim_ip` VALUES (3624, '42.90.52.244', 710554868, 3, 39, 510183, 100019);
INSERT INTO `dim_ip` VALUES (3625, '175.154.76.255', 2946125055, 3, 2, 510274, 100023);
INSERT INTO `dim_ip` VALUES (3626, '221.236.92.84', 3723254868, 3, 2, 510274, 100019);
INSERT INTO `dim_ip` VALUES (3627, '140.206.88.216', 2362333400, 3, 7, 510104, 100023);
INSERT INTO `dim_ip` VALUES (3628, '113.78.109.69', 1900965189, 3, 6, 510103, 100019);
INSERT INTO `dim_ip` VALUES (3629, '117.136.70.207', 1971865295, 3, 2, 510101, 100022);
INSERT INTO `dim_ip` VALUES (3630, '113.57.250.127', 1899625087, 3, 15, 510115, 100023);
INSERT INTO `dim_ip` VALUES (3631, '14.207.138.52', 248482356, 10, 45, 510275, -9);
INSERT INTO `dim_ip` VALUES (3632, '43.250.200.121', 737855609, 3, 20, 510126, 100023);
INSERT INTO `dim_ip` VALUES (3633, '221.192.178.104', 3720393320, 3, 22, 510136, 100023);
INSERT INTO `dim_ip` VALUES (3634, '122.96.42.155', 2053122715, 3, 11, 510111, 100023);
INSERT INTO `dim_ip` VALUES (3635, '119.119.65.62', 2004304190, 3, 17, 510155, 100023);
INSERT INTO `dim_ip` VALUES (3636, '117.136.62.92', 1971863132, 3, 2, 510101, 100022);
INSERT INTO `dim_ip` VALUES (3637, '139.189.199.215', 2344470487, 3, 29, 510146, 100019);
INSERT INTO `dim_ip` VALUES (3638, '139.205.8.102', 2345470054, 3, 2, 510274, 100019);
INSERT INTO `dim_ip` VALUES (3639, '116.115.108.185', 1953721529, 3, 8, 510276, 100023);
INSERT INTO `dim_ip` VALUES (3640, '58.218.164.26', 987407386, 3, 11, 510242, 100019);
INSERT INTO `dim_ip` VALUES (3641, '117.136.82.25', 1971868185, 3, 2, 510101, 100022);
INSERT INTO `dim_ip` VALUES (3642, '42.88.201.179', 710461875, 3, 39, 510259, 100019);
INSERT INTO `dim_ip` VALUES (3643, '125.80.183.211', 2102441939, 3, 33, 510164, 100019);
INSERT INTO `dim_ip` VALUES (3644, '124.164.84.217', 2091144409, 3, 25, 510216, 100023);
INSERT INTO `dim_ip` VALUES (3645, '119.50.103.145', 1999792017, 3, 43, 510277, 100023);
INSERT INTO `dim_ip` VALUES (3646, '111.197.129.115', 1875214707, 3, 5, 510102, 100023);
INSERT INTO `dim_ip` VALUES (3647, '140.255.230.111', 2365580911, 3, 12, 510278, 100019);
INSERT INTO `dim_ip` VALUES (3648, '61.146.199.227', 1033029603, 3, 6, 510254, 100019);
INSERT INTO `dim_ip` VALUES (3649, '106.60.151.68', 1782355780, 3, 21, 510154, 100019);
INSERT INTO `dim_ip` VALUES (3650, '123.13.252.240', 2064514288, 3, 16, 510182, 100023);
INSERT INTO `dim_ip` VALUES (3651, '111.192.41.74', 1874864458, 3, 5, 510102, 100023);
INSERT INTO `dim_ip` VALUES (3652, '119.6.17.158', 1996886430, 3, 2, 510101, 100023);
INSERT INTO `dim_ip` VALUES (3653, '110.89.204.254', 1851378942, 3, 18, 510228, 100019);
INSERT INTO `dim_ip` VALUES (3654, '111.36.182.16', 1864676880, 3, 12, 510279, 100022);
INSERT INTO `dim_ip` VALUES (3655, '112.12.77.254', 1879854590, 3, 13, 510236, 100022);
INSERT INTO `dim_ip` VALUES (3656, '117.136.21.140', 1971852684, 3, 32, 510169, 100022);
INSERT INTO `dim_ip` VALUES (3657, '202.102.52.238', 3395695854, 3, 11, 510111, 100019);
INSERT INTO `dim_ip` VALUES (3658, '120.69.196.37', 2017838117, 3, 41, 510230, 100019);
INSERT INTO `dim_ip` VALUES (3659, '211.97.130.199', 3546383047, 3, 18, 510129, -9);
INSERT INTO `dim_ip` VALUES (3660, '121.31.250.90', 2032138842, 3, 30, 510150, 100023);
INSERT INTO `dim_ip` VALUES (3661, '42.102.237.64', 711388480, 3, 19, 510124, 100019);
INSERT INTO `dim_ip` VALUES (3662, '222.187.173.143', 3736841615, 3, 11, 510242, 100019);
INSERT INTO `dim_ip` VALUES (3663, '110.72.31.208', 1850220496, 3, 30, 510280, 100023);
INSERT INTO `dim_ip` VALUES (3664, '124.165.88.187', 2091210939, 3, 25, 510219, 100023);
INSERT INTO `dim_ip` VALUES (3665, '36.98.28.25', 610409497, 3, 13, 510110, 100019);
INSERT INTO `dim_ip` VALUES (3666, '58.42.109.71', 975859015, 3, 35, 510281, 100019);
INSERT INTO `dim_ip` VALUES (3667, '183.225.145.121', 3085013369, 3, 21, 510267, 100022);
INSERT INTO `dim_ip` VALUES (3668, '223.104.105.0', 3748161792, 3, 5, 510102, 100022);
INSERT INTO `dim_ip` VALUES (3669, '183.46.170.15', 3073288719, 3, 6, 510282, 100019);
INSERT INTO `dim_ip` VALUES (3670, '223.104.246.251', 3748198139, 3, 5, 510102, 100022);
INSERT INTO `dim_ip` VALUES (3671, '36.107.238.44', 611053100, 3, 41, 510210, 100019);
INSERT INTO `dim_ip` VALUES (3672, '223.104.15.215', 3748138967, 3, 8, 510119, 100022);
INSERT INTO `dim_ip` VALUES (3673, '101.21.234.241', 1695935217, 3, 22, 510147, 100023);
INSERT INTO `dim_ip` VALUES (3674, '182.240.91.251', 3069205499, 3, 21, 510263, 100019);
INSERT INTO `dim_ip` VALUES (3675, '171.15.78.94', 2869907038, 3, 16, 510257, 100019);
INSERT INTO `dim_ip` VALUES (3676, '223.104.249.252', 3748198908, 3, 5, 510102, 100022);
INSERT INTO `dim_ip` VALUES (3677, '36.45.27.35', 606935843, 3, 9, 510106, 100019);
INSERT INTO `dim_ip` VALUES (3678, '113.135.175.136', 1904717704, 3, 9, 510238, 100019);
INSERT INTO `dim_ip` VALUES (3679, '106.17.7.49', 1779500849, 3, 20, 510126, 100019);
INSERT INTO `dim_ip` VALUES (3680, '223.104.94.133', 3748159109, 3, 35, 510171, 100022);
INSERT INTO `dim_ip` VALUES (3681, '183.192.9.121', 3082815865, 3, 7, 510104, 100022);
INSERT INTO `dim_ip` VALUES (3682, '1.27.36.171', 18556075, 3, 8, 510276, 100023);
INSERT INTO `dim_ip` VALUES (3683, '119.166.248.73', 2007431241, 3, 12, 510109, 100023);
INSERT INTO `dim_ip` VALUES (3684, '175.167.146.104', 2946994792, 3, 17, 510155, 100023);
INSERT INTO `dim_ip` VALUES (3685, '113.17.164.6', 1896981510, 3, 30, 510283, 100019);
INSERT INTO `dim_ip` VALUES (3686, '112.37.116.13', 1881502733, 3, 12, 510284, 100022);
INSERT INTO `dim_ip` VALUES (3687, '223.104.95.220', 3748159452, 3, 5, 510102, 100022);
INSERT INTO `dim_ip` VALUES (3688, '61.159.190.189', 1033879229, 3, 35, 510233, 100019);
INSERT INTO `dim_ip` VALUES (3689, '182.244.84.5', 3069465605, 3, 21, 510285, 100019);
INSERT INTO `dim_ip` VALUES (3690, '58.243.250.98', 989067874, 3, 34, 510168, 100023);
INSERT INTO `dim_ip` VALUES (3691, '117.136.0.174', 1971847342, 3, 5, 510102, 100022);
INSERT INTO `dim_ip` VALUES (3692, '61.158.148.96', 1033802848, 3, 16, 510257, 100023);
INSERT INTO `dim_ip` VALUES (3693, '117.136.29.183', 1971854775, 3, 40, 510186, 100022);
INSERT INTO `dim_ip` VALUES (3694, '119.1.60.9', 1996569609, 3, 35, 510233, 100019);
INSERT INTO `dim_ip` VALUES (3695, '14.118.216.164', 242669732, 3, 6, 510217, 100019);
INSERT INTO `dim_ip` VALUES (3696, '39.74.184.114', 659208306, 3, 12, 510116, 100023);
INSERT INTO `dim_ip` VALUES (3697, '221.13.63.183', 3708633015, 3, 35, 510237, 100023);
INSERT INTO `dim_ip` VALUES (3698, '112.192.193.25', 1891680537, 3, 2, 510286, 100023);
INSERT INTO `dim_ip` VALUES (3699, '42.93.236.185', 710798521, 3, 39, 510287, 100019);
INSERT INTO `dim_ip` VALUES (3700, '106.121.73.86', 1786333526, 3, 5, 510102, 100019);
INSERT INTO `dim_ip` VALUES (3701, '117.136.23.16', 1971853072, 3, 15, 510115, 100022);
INSERT INTO `dim_ip` VALUES (3702, '113.129.224.101', 1904336997, 3, 12, 510114, 100019);
INSERT INTO `dim_ip` VALUES (3703, '1.63.57.224', 20920800, 3, 19, 510288, 100023);
INSERT INTO `dim_ip` VALUES (3704, '110.184.74.117', 1857571445, 3, 2, 510101, 100019);
INSERT INTO `dim_ip` VALUES (3705, '124.165.53.235', 2091202027, 3, 25, 510219, 100023);
INSERT INTO `dim_ip` VALUES (3706, '1.30.7.65', 18745153, 3, 8, 510119, 100023);
INSERT INTO `dim_ip` VALUES (3707, '125.85.11.252', 2102725628, 3, 33, 510164, 100019);
INSERT INTO `dim_ip` VALUES (3708, '117.136.68.174', 1971864750, 3, 11, 510108, 100022);
INSERT INTO `dim_ip` VALUES (3709, '61.150.114.230', 1033269990, 3, 9, 510289, 100019);
INSERT INTO `dim_ip` VALUES (3710, '120.239.2.6', 2028929542, 3, 6, 510227, 100022);
INSERT INTO `dim_ip` VALUES (3711, '123.118.174.23', 2071375383, 3, 5, 510102, 100023);
INSERT INTO `dim_ip` VALUES (3712, '49.87.252.219', 827849947, 3, 11, 510290, 100019);
INSERT INTO `dim_ip` VALUES (3713, '43.242.180.43', 737326123, 3, 40, 510186, 100023);
INSERT INTO `dim_ip` VALUES (3714, '117.33.56.136', 1965111432, 3, 9, 510180, 100019);
INSERT INTO `dim_ip` VALUES (3715, '123.156.9.20', 2073823508, 3, 13, 510236, 100023);
INSERT INTO `dim_ip` VALUES (3716, '111.85.59.43', 1867856683, 3, 35, 510203, 100023);
INSERT INTO `dim_ip` VALUES (3717, '119.4.255.99', 1996816227, 3, 2, 510101, 100023);
INSERT INTO `dim_ip` VALUES (3718, '223.104.169.97', 3748178273, 3, 5, 510102, 100022);
INSERT INTO `dim_ip` VALUES (3719, '58.217.180.202', 987346122, 3, 11, 510111, 100019);
INSERT INTO `dim_ip` VALUES (3720, '182.109.101.43', 3060622635, 3, 32, 510291, 100019);
INSERT INTO `dim_ip` VALUES (3721, '61.157.235.84', 1033759572, 3, 2, 510292, 100019);
INSERT INTO `dim_ip` VALUES (3722, '182.35.250.86', 3055811158, 3, 12, 510116, 100019);
INSERT INTO `dim_ip` VALUES (3723, '42.94.87.199', 710825927, 3, 39, 510293, 100019);
INSERT INTO `dim_ip` VALUES (3724, '111.26.32.47', 1863983151, 3, 43, 510191, 100022);
INSERT INTO `dim_ip` VALUES (3725, '116.95.56.11', 1952397323, 3, 8, 510294, 100023);
INSERT INTO `dim_ip` VALUES (3726, '223.104.107.243', 3748162547, 3, 25, 510192, 100022);
INSERT INTO `dim_ip` VALUES (3727, '113.62.77.4', 1899908356, 3, 46, 510295, 100019);
INSERT INTO `dim_ip` VALUES (3728, '111.22.204.12', 1863765004, 3, 20, 510296, 100022);
INSERT INTO `dim_ip` VALUES (3729, '123.178.49.137', 2075275657, 3, 8, 510119, 100019);
INSERT INTO `dim_ip` VALUES (3730, '110.156.241.192', 1855779264, 3, 41, 510187, 100019);
INSERT INTO `dim_ip` VALUES (3731, '42.7.112.98', 705130594, 3, 17, 510155, 100023);
INSERT INTO `dim_ip` VALUES (3732, '113.138.30.178', 1904877234, 3, 9, 510106, 100019);
INSERT INTO `dim_ip` VALUES (3733, '117.136.2.175', 1971847855, 3, 22, 510147, 100022);
INSERT INTO `dim_ip` VALUES (3734, '117.158.73.215', 1973307863, 3, 16, 510117, 100022);
INSERT INTO `dim_ip` VALUES (3735, '106.121.56.66', 1786329154, 3, 5, 510102, 100019);
INSERT INTO `dim_ip` VALUES (3736, '110.152.104.77', 1855481933, 3, 41, 510187, 100019);
INSERT INTO `dim_ip` VALUES (3737, '113.239.209.139', 1911542155, 3, 17, 510198, 100023);
INSERT INTO `dim_ip` VALUES (3738, '27.195.186.48', 465812016, 3, 12, 510167, 100023);
INSERT INTO `dim_ip` VALUES (3739, '101.66.180.19', 1698870291, 3, 13, 510236, 100023);
INSERT INTO `dim_ip` VALUES (3740, '119.119.245.199', 2004350407, 3, 17, 510155, 100023);
INSERT INTO `dim_ip` VALUES (3741, '117.136.41.106', 1971857770, 3, 6, 510140, 100022);
INSERT INTO `dim_ip` VALUES (3742, '117.136.16.229', 1971851493, 3, 21, 510154, 100022);
INSERT INTO `dim_ip` VALUES (3743, '1.86.151.254', 22452222, 3, 9, 510106, 100019);
INSERT INTO `dim_ip` VALUES (3744, '106.42.38.140', 1781147276, 3, 16, 510196, 100019);
INSERT INTO `dim_ip` VALUES (3745, '119.1.251.157', 1996618653, 3, 35, 510233, 100019);
INSERT INTO `dim_ip` VALUES (3746, '117.42.159.39', 1965727527, 3, 32, 510291, 100019);
INSERT INTO `dim_ip` VALUES (3747, '223.104.24.171', 3748141227, 3, 35, 510171, 100022);
INSERT INTO `dim_ip` VALUES (3748, '120.239.198.155', 2028979867, 3, 6, 510163, 100022);
INSERT INTO `dim_ip` VALUES (3749, '169.239.158.48', 2851053104, 11, 47, 510297, -9);
INSERT INTO `dim_ip` VALUES (3750, '111.14.234.86', 1863248470, 3, 12, 510298, 100022);
INSERT INTO `dim_ip` VALUES (3751, '219.154.239.101', 3684364133, 3, 16, 510182, 100023);
INSERT INTO `dim_ip` VALUES (3752, '61.158.148.70', 1033802822, 3, 16, 510257, 100023);
INSERT INTO `dim_ip` VALUES (3753, '49.65.71.3', 826361603, 3, 11, 510111, 100019);
INSERT INTO `dim_ip` VALUES (3754, '182.148.57.192', 3063167424, 3, 2, 510101, 100019);
INSERT INTO `dim_ip` VALUES (3755, '61.148.242.166', 1033171622, 3, 5, 510102, 100023);
INSERT INTO `dim_ip` VALUES (3756, '117.136.16.102', 1971851366, 3, 21, 510154, 100022);
INSERT INTO `dim_ip` VALUES (3757, '180.98.104.95', 3026348127, 3, 11, 510111, 100019);
INSERT INTO `dim_ip` VALUES (3758, '120.239.115.151', 2028958615, 3, 6, 510140, 100022);
INSERT INTO `dim_ip` VALUES (3759, '61.158.152.7', 1033803783, 3, 16, 510199, 100023);
INSERT INTO `dim_ip` VALUES (3760, '171.116.52.168', 2876519592, 3, 25, 510137, 100023);
INSERT INTO `dim_ip` VALUES (3761, '123.113.114.53', 2071032373, 3, 5, 510102, 100023);
INSERT INTO `dim_ip` VALUES (3762, '140.206.88.71', 2362333255, 3, 7, 510104, 100023);
INSERT INTO `dim_ip` VALUES (3763, '223.115.87.245', 3748878325, 3, 41, 510210, 100022);
INSERT INTO `dim_ip` VALUES (3764, '182.42.53.106', 3056219498, 3, 12, 510246, 100019);
INSERT INTO `dim_ip` VALUES (3765, '113.27.253.131', 1897659779, 3, 25, 510137, 100019);
INSERT INTO `dim_ip` VALUES (3766, '106.121.78.44', 1786334764, 3, 5, 510102, 100019);
INSERT INTO `dim_ip` VALUES (3767, '117.136.45.252', 1971858940, 3, 11, 510111, 100022);
INSERT INTO `dim_ip` VALUES (3768, '61.148.243.193', 1033171905, 3, 5, 510102, 100023);
INSERT INTO `dim_ip` VALUES (3769, '1.25.9.189', 18418109, 3, 8, 510119, 100023);
INSERT INTO `dim_ip` VALUES (3770, '180.111.101.65', 3027199297, 3, 11, 510111, 100019);
INSERT INTO `dim_ip` VALUES (3771, '39.128.167.104', 662742888, 3, 21, 510299, 100022);
INSERT INTO `dim_ip` VALUES (3772, '113.139.103.3', 1904961283, 3, 9, 510106, 100019);
INSERT INTO `dim_ip` VALUES (3773, '125.64.54.7', 2101360135, 3, 2, 510300, 100019);
INSERT INTO `dim_ip` VALUES (3774, '113.251.135.13', 1912309517, 3, 33, 510164, 100019);
INSERT INTO `dim_ip` VALUES (3775, '14.25.47.150', 236531606, 3, 6, 510140, 100019);
INSERT INTO `dim_ip` VALUES (3776, '223.87.35.134', 3747029894, 3, 2, 510179, 100022);
INSERT INTO `dim_ip` VALUES (3777, '211.97.130.244', 3546383092, 3, 18, 510129, -9);
INSERT INTO `dim_ip` VALUES (3778, '121.16.107.112', 2031119216, 3, 22, 510211, 100023);
INSERT INTO `dim_ip` VALUES (3779, '111.26.33.87', 1863983447, 3, 43, 510191, 100022);
INSERT INTO `dim_ip` VALUES (3780, '117.136.97.47', 1971872047, 3, 5, 510102, 100022);
INSERT INTO `dim_ip` VALUES (3781, '42.93.15.178', 710741938, 3, 39, 510301, 100019);
INSERT INTO `dim_ip` VALUES (3782, '223.74.38.231', 3746178791, 3, 6, 510152, 100022);
INSERT INTO `dim_ip` VALUES (3783, '117.136.85.196', 1971869124, 3, 21, 510154, 100022);
INSERT INTO `dim_ip` VALUES (3784, '113.129.47.202', 1904291786, 3, 12, 510114, 100019);
INSERT INTO `dim_ip` VALUES (3785, '180.143.204.214', 3029322966, 3, 30, 510283, 100019);
INSERT INTO `dim_ip` VALUES (3786, '222.215.29.49', 3738639665, 3, 2, 510248, 100019);
INSERT INTO `dim_ip` VALUES (3787, '110.228.189.126', 1860484478, 3, 22, 510136, 100023);
INSERT INTO `dim_ip` VALUES (3788, '122.96.92.230', 2053135590, 3, 11, 510111, 100023);
INSERT INTO `dim_ip` VALUES (3789, '61.158.149.132', 1033803140, 3, 16, 510257, 100023);
INSERT INTO `dim_ip` VALUES (3790, '223.104.173.55', 3748179255, 3, 25, 510192, 100022);
INSERT INTO `dim_ip` VALUES (3791, '1.207.35.155', 30352283, 3, 35, 510272, 100019);
INSERT INTO `dim_ip` VALUES (3792, '180.99.119.25', 3026417433, 3, 11, 510111, 100019);
INSERT INTO `dim_ip` VALUES (3793, '223.104.12.132', 3748138116, 3, 21, 510154, 100022);
INSERT INTO `dim_ip` VALUES (3794, '202.99.101.22', 3395511574, 3, 14, 510113, 100023);
INSERT INTO `dim_ip` VALUES (3795, '171.12.52.183', 2869703863, 3, 16, 510182, 100019);
INSERT INTO `dim_ip` VALUES (3796, '1.180.237.237', 28634605, 3, 8, 510119, 100019);
INSERT INTO `dim_ip` VALUES (3797, '113.15.30.149', 1896816277, 3, 30, 510258, 100019);
INSERT INTO `dim_ip` VALUES (3798, '61.148.243.21', 1033171733, 3, 5, 510102, 100023);
INSERT INTO `dim_ip` VALUES (3799, '117.114.138.130', 1970440834, 3, 5, 510102, -9);
INSERT INTO `dim_ip` VALUES (3800, '183.25.176.74', 3071914058, 3, 6, 510152, 100019);
INSERT INTO `dim_ip` VALUES (3801, '123.147.248.190', 2073295038, 3, 33, 510164, 100023);
INSERT INTO `dim_ip` VALUES (3802, '119.4.255.58', 1996816186, 3, 2, 510101, 100023);
INSERT INTO `dim_ip` VALUES (3803, '117.24.46.190', 1964519102, 3, 18, 510202, 100019);
INSERT INTO `dim_ip` VALUES (3804, '220.176.142.1', 3702558209, 3, 32, 510302, 100019);
INSERT INTO `dim_ip` VALUES (3805, '42.234.163.194', 720020418, 3, 16, 510303, 100023);
INSERT INTO `dim_ip` VALUES (3806, '58.42.166.67', 975873603, 3, 35, 510203, 100019);
INSERT INTO `dim_ip` VALUES (3807, '106.117.71.32', 1786070816, 3, 22, 510136, 100019);
INSERT INTO `dim_ip` VALUES (3808, '223.104.248.14', 3748198414, 3, 33, 510164, 100022);
INSERT INTO `dim_ip` VALUES (3809, '171.221.144.106', 2883424362, 3, 2, 510101, 100019);
INSERT INTO `dim_ip` VALUES (3810, '123.134.104.117', 2072406133, 3, 12, 510159, 100023);
INSERT INTO `dim_ip` VALUES (3811, '223.96.237.83', 3747671379, 3, 12, 510123, 100022);
INSERT INTO `dim_ip` VALUES (3812, '223.104.3.195', 3748135875, 3, 5, 510102, 100022);
INSERT INTO `dim_ip` VALUES (3813, '220.170.50.10', 3702141450, 3, 20, 510197, 100019);
INSERT INTO `dim_ip` VALUES (3814, '171.81.91.114', 2874235762, 3, 15, 510251, 100019);
INSERT INTO `dim_ip` VALUES (3815, '114.249.252.146', 1928985746, 3, 5, 510102, 100023);
INSERT INTO `dim_ip` VALUES (3816, '223.104.15.200', 3748138952, 3, 8, 510119, 100022);
INSERT INTO `dim_ip` VALUES (3817, '36.48.111.104', 607154024, 3, 43, 510189, 100019);
INSERT INTO `dim_ip` VALUES (3818, '180.127.34.110', 3028230766, 3, 11, 510157, 100019);
INSERT INTO `dim_ip` VALUES (3819, '182.144.37.34', 3062900002, 3, 2, 510101, 100019);
INSERT INTO `dim_ip` VALUES (3820, '27.200.52.26', 466105370, 3, 12, 510304, 100023);
INSERT INTO `dim_ip` VALUES (3821, '219.134.183.222', 3683039198, 3, 6, 510125, 100019);
INSERT INTO `dim_ip` VALUES (3822, '211.142.86.201', 3549320905, 3, 25, 510264, 100022);
INSERT INTO `dim_ip` VALUES (3823, '119.4.255.254', 1996816382, 3, 2, 510101, 100023);
INSERT INTO `dim_ip` VALUES (3824, '183.204.43.252', 3083611132, 3, 16, 510305, 100022);
INSERT INTO `dim_ip` VALUES (3825, '58.217.250.251', 987364091, 3, 11, 510111, 100019);
INSERT INTO `dim_ip` VALUES (3826, '117.25.122.249', 1964604153, 3, 18, 510120, 100019);
INSERT INTO `dim_ip` VALUES (3827, '119.4.174.215', 1996795607, 3, 2, 510101, 100023);
INSERT INTO `dim_ip` VALUES (3828, '223.104.34.18', 3748143634, 3, 34, 510168, 100022);
INSERT INTO `dim_ip` VALUES (3829, '119.4.255.220', 1996816348, 3, 2, 510101, 100023);
INSERT INTO `dim_ip` VALUES (3830, '61.158.149.186', 1033803194, 3, 16, 510257, 100023);
INSERT INTO `dim_ip` VALUES (3831, '61.148.242.85', 1033171541, 3, 5, 510102, 100023);
INSERT INTO `dim_ip` VALUES (3832, '183.60.194.4', 3074212356, 3, 6, 510201, 100019);
INSERT INTO `dim_ip` VALUES (3833, '112.17.241.51', 1880224051, 3, 13, 510110, 100022);
INSERT INTO `dim_ip` VALUES (3834, '223.104.176.9', 3748179977, 3, 17, 510204, 100022);
INSERT INTO `dim_ip` VALUES (3835, '222.180.44.167', 3736349863, 3, 33, 510164, 100019);
INSERT INTO `dim_ip` VALUES (3836, '111.51.249.124', 1865677180, 3, 37, 510174, 100022);
INSERT INTO `dim_ip` VALUES (3837, '125.74.225.74', 2102059338, 3, 39, 510183, 100019);
INSERT INTO `dim_ip` VALUES (3838, '113.234.221.255', 1911217663, 3, 17, 510204, 100023);
INSERT INTO `dim_ip` VALUES (3839, '221.192.180.38', 3720393766, 3, 22, 510136, 100023);
INSERT INTO `dim_ip` VALUES (3840, '106.61.61.220', 1782398428, 3, 21, 510154, 100019);
INSERT INTO `dim_ip` VALUES (3841, '223.104.94.245', 3748159221, 3, 35, 510171, 100022);
INSERT INTO `dim_ip` VALUES (3842, '112.235.69.89', 1894466905, 3, 12, 510127, 100023);
INSERT INTO `dim_ip` VALUES (3843, '117.187.12.126', 1975192702, 3, 35, 510171, 100022);
INSERT INTO `dim_ip` VALUES (3844, '171.115.145.95', 2876477791, 3, 15, 510306, 100019);
INSERT INTO `dim_ip` VALUES (3845, '117.136.27.49', 1971854129, 3, 39, 510183, 100022);
INSERT INTO `dim_ip` VALUES (3846, '122.96.41.206', 2053122510, 3, 11, 510111, 100023);
INSERT INTO `dim_ip` VALUES (3847, '43.242.154.94', 737319518, 3, 41, 510187, 100023);
INSERT INTO `dim_ip` VALUES (3848, '106.57.126.204', 1782152908, 3, 21, 510154, 100019);
INSERT INTO `dim_ip` VALUES (3849, '14.30.92.43', 236870699, 3, 6, 510140, 100019);
INSERT INTO `dim_ip` VALUES (3850, '223.104.27.36', 3748141860, 3, 39, 510183, 100022);
INSERT INTO `dim_ip` VALUES (3851, '111.26.34.143', 1863983759, 3, 43, 510191, 100022);
INSERT INTO `dim_ip` VALUES (3852, '218.58.111.207', 3661262799, 3, 12, 510167, 100023);
INSERT INTO `dim_ip` VALUES (3853, '112.97.57.176', 1885419952, 3, 6, 510125, 100023);
INSERT INTO `dim_ip` VALUES (3854, '221.181.11.6', 3719629574, 3, 41, 510187, 100022);
INSERT INTO `dim_ip` VALUES (3855, '218.29.107.14', 3659361038, 3, 16, 510199, 100023);
INSERT INTO `dim_ip` VALUES (3856, '139.213.185.220', 2346039772, 3, 43, 510307, 100023);
INSERT INTO `dim_ip` VALUES (3857, '116.53.113.195', 1949659587, 3, 21, 510308, 100019);
INSERT INTO `dim_ip` VALUES (3858, '117.136.7.203', 1971849163, 3, 19, 510124, 100022);
INSERT INTO `dim_ip` VALUES (3859, '223.104.185.181', 3748182453, 3, 12, 510159, 100022);
INSERT INTO `dim_ip` VALUES (3860, '124.160.213.132', 2090915204, 3, 13, 510110, 100023);
INSERT INTO `dim_ip` VALUES (3861, '221.13.1.74', 3708617034, 3, 35, 510171, 100023);
INSERT INTO `dim_ip` VALUES (3862, '182.245.77.124', 3069529468, 3, 21, 510154, 100019);
INSERT INTO `dim_ip` VALUES (3863, '112.193.144.255', 1891733759, 3, 2, 510101, 100023);
INSERT INTO `dim_ip` VALUES (3864, '223.104.12.155', 3748138139, 3, 21, 510154, 100022);
INSERT INTO `dim_ip` VALUES (3865, '223.104.105.114', 3748161906, 3, 5, 510102, 100022);
INSERT INTO `dim_ip` VALUES (3866, '223.104.1.200', 3748135368, 3, 6, 510140, 100022);
INSERT INTO `dim_ip` VALUES (3867, '183.64.247.26', 3074488090, 3, 33, 510164, 100019);
INSERT INTO `dim_ip` VALUES (3868, '223.104.19.182', 3748139958, 3, 16, 510199, 100022);
INSERT INTO `dim_ip` VALUES (3869, '117.10.152.112', 1963628656, 3, 14, 510113, 100023);
INSERT INTO `dim_ip` VALUES (3870, '39.187.91.85', 666590037, 3, 13, 510309, 100022);
INSERT INTO `dim_ip` VALUES (3871, '119.180.98.60', 2008310332, 3, 12, 510246, 100023);
INSERT INTO `dim_ip` VALUES (3872, '223.104.3.149', 3748135829, 3, 5, 510102, 100022);
INSERT INTO `dim_ip` VALUES (3873, '223.104.3.170', 3748135850, 3, 5, 510102, 100022);
INSERT INTO `dim_ip` VALUES (3874, '117.136.84.243', 1971868915, 3, 21, 510154, 100022);
INSERT INTO `dim_ip` VALUES (3875, '223.104.19.199', 3748139975, 3, 16, 510199, 100022);
INSERT INTO `dim_ip` VALUES (3876, '223.104.17.201', 3748139465, 3, 19, 510124, 100022);
INSERT INTO `dim_ip` VALUES (3877, '125.32.96.150', 2099273878, 3, 43, 510189, 100023);
INSERT INTO `dim_ip` VALUES (3878, '223.104.11.172', 3748137900, 3, 9, 510106, 100022);
INSERT INTO `dim_ip` VALUES (3879, '106.108.80.100', 1785483364, 3, 6, 510140, 100019);
INSERT INTO `dim_ip` VALUES (3880, '112.96.115.3', 1885369091, 3, 6, 510140, 100023);
INSERT INTO `dim_ip` VALUES (3881, '61.186.21.20', 1035605268, 3, 29, 510146, 100019);
INSERT INTO `dim_ip` VALUES (3882, '117.136.8.231', 1971849447, 3, 7, 510104, 100022);
INSERT INTO `dim_ip` VALUES (3883, '114.249.242.47', 1928983087, 3, 5, 510102, 100023);
INSERT INTO `dim_ip` VALUES (3884, '123.147.246.70', 2073294406, 3, 33, 510164, 100023);
INSERT INTO `dim_ip` VALUES (3885, '36.100.132.214', 610567382, 3, 13, 510110, 100019);
INSERT INTO `dim_ip` VALUES (3886, '106.40.244.202', 1781069002, 3, 8, 510310, 100019);
INSERT INTO `dim_ip` VALUES (3887, '110.152.162.65', 1855496769, 3, 41, 510187, 100019);
INSERT INTO `dim_ip` VALUES (3888, '117.136.81.190', 1971868094, 3, 15, 510115, 100022);
INSERT INTO `dim_ip` VALUES (3889, '118.72.48.102', 1984442470, 3, 25, 510311, 100023);
INSERT INTO `dim_ip` VALUES (3890, '106.17.200.114', 1779550322, 3, 20, 510126, 100019);
INSERT INTO `dim_ip` VALUES (3891, '219.156.215.69', 3684489029, 3, 16, 510156, 100023);
INSERT INTO `dim_ip` VALUES (3892, '112.12.139.56', 1879870264, 3, 13, 510312, 100022);
INSERT INTO `dim_ip` VALUES (3893, '125.65.92.226', 2101435618, 3, 2, 510190, 100019);
INSERT INTO `dim_ip` VALUES (3894, '223.104.186.177', 3748182705, 3, 12, 510313, 100022);
INSERT INTO `dim_ip` VALUES (3895, '223.96.156.223', 3747650783, 3, 12, 510122, 100022);
INSERT INTO `dim_ip` VALUES (3896, '116.231.86.39', 1961317927, 3, 7, 510104, 100019);
INSERT INTO `dim_ip` VALUES (3897, '223.104.25.2', 3748141314, 3, 33, 510164, 100022);
INSERT INTO `dim_ip` VALUES (3898, '218.95.124.35', 3663690787, 3, 32, 510302, 100019);
INSERT INTO `dim_ip` VALUES (3899, '119.4.255.135', 1996816263, 3, 2, 510101, 100023);
INSERT INTO `dim_ip` VALUES (3900, '58.57.157.42', 976854314, 3, 12, 510298, 100019);
INSERT INTO `dim_ip` VALUES (3901, '223.104.13.174', 3748138414, 3, 22, 510136, 100022);
INSERT INTO `dim_ip` VALUES (3902, '220.163.82.70', 3701690950, 3, 21, 510154, 100019);
INSERT INTO `dim_ip` VALUES (3903, '116.253.40.7', 1962747911, 3, 30, 510212, 100019);
INSERT INTO `dim_ip` VALUES (3904, '117.135.232.8', 1971841032, 3, 35, 510203, 100022);
INSERT INTO `dim_ip` VALUES (3905, '183.25.134.34', 3071903266, 3, 6, 510152, 100019);
INSERT INTO `dim_ip` VALUES (3906, '36.108.68.115', 611075187, 3, 41, 510314, 100019);
INSERT INTO `dim_ip` VALUES (3907, '112.12.142.89', 1879871065, 3, 13, 510312, 100022);
INSERT INTO `dim_ip` VALUES (3908, '117.36.175.48', 1965338416, 3, 9, 510289, 100019);
INSERT INTO `dim_ip` VALUES (3909, '36.106.240.163', 610988195, 3, 14, 510113, 100019);
INSERT INTO `dim_ip` VALUES (3910, '112.17.235.12', 1880222476, 3, 13, 510110, 100022);
INSERT INTO `dim_ip` VALUES (3911, '59.53.67.227', 993346531, 3, 32, 510169, 100019);
INSERT INTO `dim_ip` VALUES (3912, '117.174.29.82', 1974345042, 3, 2, 510101, 100022);
INSERT INTO `dim_ip` VALUES (3913, '183.197.150.38', 3083179558, 3, 22, 510142, 100022);
INSERT INTO `dim_ip` VALUES (3914, '117.136.86.201', 1971869385, 3, 9, 510106, 100022);
INSERT INTO `dim_ip` VALUES (3915, '14.110.23.142', 242096014, 3, 33, 510164, 100019);
INSERT INTO `dim_ip` VALUES (3916, '182.144.173.51', 3062934835, 3, 2, 510101, 100019);
INSERT INTO `dim_ip` VALUES (3917, '119.248.143.172', 2012778412, 3, 22, 510136, 100023);
INSERT INTO `dim_ip` VALUES (3918, '120.203.219.158', 2026625950, 3, 32, 510169, 100022);
INSERT INTO `dim_ip` VALUES (3919, '117.136.66.162', 1971864226, 3, 11, 510315, 100022);
INSERT INTO `dim_ip` VALUES (3920, '117.136.28.209', 1971854545, 3, 37, 510174, 100022);
INSERT INTO `dim_ip` VALUES (3921, '110.252.132.33', 1862042657, 3, 22, 510211, 100023);
INSERT INTO `dim_ip` VALUES (3922, '117.136.16.142', 1971851406, 3, 21, 510154, 100022);
INSERT INTO `dim_ip` VALUES (3923, '42.102.249.250', 711391738, 3, 19, 510124, 100019);
INSERT INTO `dim_ip` VALUES (3924, '110.152.51.217', 1855468505, 3, 41, 510187, 100019);
INSERT INTO `dim_ip` VALUES (3925, '14.131.26.176', 243473072, 3, 5, 510102, 100020);
INSERT INTO `dim_ip` VALUES (3926, '119.176.92.73', 2008046665, 3, 12, 510316, 100023);
INSERT INTO `dim_ip` VALUES (3927, '140.243.104.21', 2364762133, 3, 18, 510120, 100019);
INSERT INTO `dim_ip` VALUES (3928, '111.179.254.86', 1874067030, 3, 15, 510251, 100019);
INSERT INTO `dim_ip` VALUES (3929, '110.83.170.22', 1850976790, 3, 18, 510317, 100019);
INSERT INTO `dim_ip` VALUES (3930, '49.77.227.45', 827188013, 3, 11, 510111, 100019);
INSERT INTO `dim_ip` VALUES (3931, '175.169.23.12', 2947094284, 3, 17, 510155, 100023);
INSERT INTO `dim_ip` VALUES (3932, '222.130.34.71', 3733070407, 3, 5, 510102, 100023);
INSERT INTO `dim_ip` VALUES (3933, '14.16.132.239', 235963631, 3, 6, 510140, 100019);
INSERT INTO `dim_ip` VALUES (3934, '60.170.181.57', 1017820473, 3, 34, 510318, 100019);
INSERT INTO `dim_ip` VALUES (3935, '220.164.91.212', 3701758932, 3, 21, 510267, 100019);
INSERT INTO `dim_ip` VALUES (3936, '222.213.179.28', 3738546972, 3, 2, 510300, 100019);
INSERT INTO `dim_ip` VALUES (3937, '106.58.76.113', 1782205553, 3, 21, 510319, 100019);
INSERT INTO `dim_ip` VALUES (3938, '117.173.194.187', 1974321851, 3, 2, 510320, 100022);
INSERT INTO `dim_ip` VALUES (3939, '223.116.169.79', 3748964687, 3, 41, 510321, 100022);
INSERT INTO `dim_ip` VALUES (3940, '120.68.220.117', 2017778805, 3, 41, 510314, 100019);
INSERT INTO `dim_ip` VALUES (3941, '218.26.54.191', 3659151039, 3, 25, 510137, 100023);
INSERT INTO `dim_ip` VALUES (3942, '117.136.0.176', 1971847344, 3, 5, 510102, 100022);
INSERT INTO `dim_ip` VALUES (3943, '114.106.17.188', 1919553980, 3, 34, 510249, 100019);
INSERT INTO `dim_ip` VALUES (3944, '124.117.94.176', 2088066736, 3, 41, 510187, 100019);
INSERT INTO `dim_ip` VALUES (3945, '117.136.85.225', 1971869153, 3, 21, 510154, 100022);
INSERT INTO `dim_ip` VALUES (3946, '118.116.105.10', 1987340554, 3, 2, 510101, 100019);
INSERT INTO `dim_ip` VALUES (3947, '115.85.251.63', 1935014719, 3, 39, 510183, 100023);
INSERT INTO `dim_ip` VALUES (3948, '120.68.155.186', 2017762234, 3, 41, 510322, 100019);
INSERT INTO `dim_ip` VALUES (3949, '36.23.230.165', 605546149, 3, 13, 510110, 100019);
INSERT INTO `dim_ip` VALUES (3950, '114.106.245.99', 1919612259, 3, 34, 510241, 100019);
INSERT INTO `dim_ip` VALUES (3951, '110.189.223.39', 1857937191, 3, 2, 510274, 100019);
INSERT INTO `dim_ip` VALUES (3952, '36.106.52.48', 610939952, 3, 14, 510113, 100019);
INSERT INTO `dim_ip` VALUES (3953, '119.164.183.188', 2007283644, 3, 12, 510114, 100023);
INSERT INTO `dim_ip` VALUES (3954, '42.248.60.133', 720911493, 3, 17, 510155, 100019);
INSERT INTO `dim_ip` VALUES (3955, '117.136.26.44', 1971853868, 3, 41, 510187, 100022);
INSERT INTO `dim_ip` VALUES (3956, '112.97.30.164', 1885413028, 3, 6, 510125, 100023);
INSERT INTO `dim_ip` VALUES (3957, '27.186.215.115', 465229683, 3, 22, 510147, 100019);
INSERT INTO `dim_ip` VALUES (3958, '175.169.229.195', 2947147203, 3, 17, 510155, 100023);
INSERT INTO `dim_ip` VALUES (3959, '183.42.28.204', 3072990412, 3, 6, 510140, 100019);
INSERT INTO `dim_ip` VALUES (3960, '221.204.91.129', 3721157505, 3, 25, 510137, 100023);
INSERT INTO `dim_ip` VALUES (3961, '60.22.110.44', 1008102956, 3, 17, 510323, 100023);
INSERT INTO `dim_ip` VALUES (3962, '211.97.128.190', 3546382526, 3, 18, 510129, -9);
INSERT INTO `dim_ip` VALUES (3963, '223.73.230.199', 3746162375, 3, 6, 510103, 100022);
INSERT INTO `dim_ip` VALUES (3964, '61.158.147.81', 1033802577, 3, 16, 510257, 100023);
INSERT INTO `dim_ip` VALUES (3965, '112.229.230.135', 1894114951, 3, 12, 510114, 100023);
INSERT INTO `dim_ip` VALUES (3966, '171.209.233.99', 2882660707, 3, 2, 510101, 100019);
INSERT INTO `dim_ip` VALUES (3967, '36.45.32.116', 606937204, 3, 9, 510106, 100019);
INSERT INTO `dim_ip` VALUES (3968, '117.136.81.10', 1971867914, 3, 15, 510115, 100022);
INSERT INTO `dim_ip` VALUES (3969, '58.243.250.173', 989067949, 3, 34, 510168, 100023);
INSERT INTO `dim_ip` VALUES (3970, '118.73.189.232', 1984544232, 3, 25, 510264, 100023);
INSERT INTO `dim_ip` VALUES (3971, '113.140.118.106', 1905030762, 3, 9, 510106, 100019);
INSERT INTO `dim_ip` VALUES (3972, '119.4.254.175', 1996816047, 3, 2, 510101, 100023);
INSERT INTO `dim_ip` VALUES (3973, '223.104.248.0', 3748198400, 3, 33, 510164, 100022);
INSERT INTO `dim_ip` VALUES (3974, '114.248.39.246', 1928865782, 3, 5, 510102, 100023);
INSERT INTO `dim_ip` VALUES (3975, '61.148.243.164', 1033171876, 3, 5, 510102, 100023);
INSERT INTO `dim_ip` VALUES (3976, '223.104.176.213', 3748180181, 3, 17, 510204, 100022);
INSERT INTO `dim_ip` VALUES (3977, '111.176.239.140', 1873866636, 3, 15, 510324, 100019);
INSERT INTO `dim_ip` VALUES (3978, '117.146.198.210', 1972553426, 3, 41, 510252, 100022);
INSERT INTO `dim_ip` VALUES (3979, '223.104.213.95', 3748189535, 3, 5, 510102, 100022);
INSERT INTO `dim_ip` VALUES (3980, '117.136.16.200', 1971851464, 3, 21, 510154, 100022);
INSERT INTO `dim_ip` VALUES (3981, '183.8.109.192', 3070782912, 3, 6, 510325, 100019);
INSERT INTO `dim_ip` VALUES (3982, '60.255.181.39', 1023391015, 3, 2, 510101, 100039);
INSERT INTO `dim_ip` VALUES (3983, '117.136.4.178', 1971848370, 3, 25, 510137, 100022);
INSERT INTO `dim_ip` VALUES (3984, '113.200.222.179', 1908989619, 3, 9, 510289, 100023);
INSERT INTO `dim_ip` VALUES (3985, '117.136.62.167', 1971863207, 3, 2, 510101, 100022);
INSERT INTO `dim_ip` VALUES (3986, '223.199.63.99', 3754377059, 3, 29, 510146, 100019);
INSERT INTO `dim_ip` VALUES (3987, '60.255.230.159', 1023403679, 3, 2, 510101, 100039);
INSERT INTO `dim_ip` VALUES (3988, '183.38.247.219', 3072784347, 3, 6, 510125, 100019);
INSERT INTO `dim_ip` VALUES (3989, '114.139.29.120', 1921719672, 3, 35, 510237, 100019);
INSERT INTO `dim_ip` VALUES (3990, '171.221.141.253', 2883423741, 3, 2, 510101, 100019);
INSERT INTO `dim_ip` VALUES (3991, '14.25.72.239', 236538095, 3, 6, 510140, 100019);
INSERT INTO `dim_ip` VALUES (3992, '117.136.80.176', 1971867824, 3, 21, 510154, 100022);
INSERT INTO `dim_ip` VALUES (3993, '223.104.12.185', 3748138169, 3, 21, 510154, 100022);
INSERT INTO `dim_ip` VALUES (3994, '27.227.28.190', 467868862, 3, 39, 510287, 100019);
INSERT INTO `dim_ip` VALUES (3995, '117.136.26.116', 1971853940, 3, 41, 510187, 100022);
INSERT INTO `dim_ip` VALUES (3996, '111.193.143.59', 1874956091, 3, 5, 510102, 100023);
INSERT INTO `dim_ip` VALUES (3997, '117.136.67.7', 1971864327, 3, 11, 510111, 100022);
INSERT INTO `dim_ip` VALUES (3998, '118.120.74.167', 1987594919, 3, 2, 510195, 100019);
INSERT INTO `dim_ip` VALUES (3999, '223.90.163.71', 3747259207, 3, 16, 510199, 100022);
INSERT INTO `dim_ip` VALUES (4000, '60.219.236.173', 1021045933, 3, 19, 510124, 100023);
INSERT INTO `dim_ip` VALUES (4001, '110.152.175.199', 1855500231, 3, 41, 510187, 100019);
INSERT INTO `dim_ip` VALUES (4002, '120.69.151.35', 2017826595, 3, 41, 510210, 100019);
INSERT INTO `dim_ip` VALUES (4003, '171.104.214.183', 2875774647, 3, 30, 510150, 100019);
INSERT INTO `dim_ip` VALUES (4004, '112.97.54.249', 1885419257, 3, 6, 510125, 100023);
INSERT INTO `dim_ip` VALUES (4005, '139.214.144.123', 2346094715, 3, 43, 510191, 100023);
INSERT INTO `dim_ip` VALUES (4006, '111.121.220.157', 1870257309, 3, 35, 510233, 100019);
INSERT INTO `dim_ip` VALUES (4007, '42.92.151.230', 710711270, 3, 39, 510183, 100019);
INSERT INTO `dim_ip` VALUES (4008, '223.104.249.99', 3748198755, 3, 5, 510102, 100022);
INSERT INTO `dim_ip` VALUES (4009, '222.212.228.185', 3738494137, 3, 2, 510101, 100019);
INSERT INTO `dim_ip` VALUES (4010, '1.26.198.29', 18531869, 3, 8, 510105, 100023);
INSERT INTO `dim_ip` VALUES (4011, '117.135.231.226', 1971840994, 3, 35, 510203, 100022);
INSERT INTO `dim_ip` VALUES (4012, '45.249.212.50', 771347506, 12, 48, 510326, -9);
INSERT INTO `dim_ip` VALUES (4013, '124.64.178.90', 2084614746, 3, 5, 510102, 100023);
INSERT INTO `dim_ip` VALUES (4014, '125.43.97.17', 2099994897, 3, 16, 510148, 100023);
INSERT INTO `dim_ip` VALUES (4015, '117.136.85.110', 1971869038, 3, 21, 510154, 100022);
INSERT INTO `dim_ip` VALUES (4016, '117.173.134.18', 1974306322, 3, 2, 510101, 100022);
INSERT INTO `dim_ip` VALUES (4017, '106.38.48.170', 1780887722, 3, 5, 510102, 100019);
INSERT INTO `dim_ip` VALUES (4018, '211.97.128.89', 3546382425, 3, 18, 510129, -9);
INSERT INTO `dim_ip` VALUES (4019, '183.224.124.152', 3084942488, 3, 21, 510247, 100022);
INSERT INTO `dim_ip` VALUES (4020, '120.211.144.147', 2027131027, 3, 22, 510136, 100022);
INSERT INTO `dim_ip` VALUES (4021, '117.136.39.85', 1971857237, 3, 6, 510125, 100022);
INSERT INTO `dim_ip` VALUES (4022, '117.145.18.60', 1972441660, 3, 41, 510270, 100022);
INSERT INTO `dim_ip` VALUES (4023, '140.243.34.23', 2364744215, 3, 18, 510120, 100019);
INSERT INTO `dim_ip` VALUES (4024, '112.224.21.97', 1893733729, 3, 12, 510114, 100023);
INSERT INTO `dim_ip` VALUES (4025, '106.108.102.189', 1785489085, 3, 6, 510140, 100019);
INSERT INTO `dim_ip` VALUES (4026, '119.184.123.98', 2008578914, 3, 12, 510327, 100023);
INSERT INTO `dim_ip` VALUES (4027, '171.108.78.208', 2876002000, 3, 30, 510258, 100019);
INSERT INTO `dim_ip` VALUES (4028, '14.210.71.97', 248661857, 3, 6, 510227, 100019);
INSERT INTO `dim_ip` VALUES (4029, '111.22.222.236', 1863769836, 3, 20, 510231, 100022);
INSERT INTO `dim_ip` VALUES (4030, '113.46.142.190', 1898876606, 3, 5, 510102, 100020);
INSERT INTO `dim_ip` VALUES (4031, '125.87.75.8', 2102872840, 3, 33, 510164, 100019);
INSERT INTO `dim_ip` VALUES (4032, '183.202.189.252', 3083517436, 3, 25, 510328, 100022);
INSERT INTO `dim_ip` VALUES (4033, '221.192.179.52', 3720393524, 3, 22, 510136, 100023);
INSERT INTO `dim_ip` VALUES (4034, '117.136.41.25', 1971857689, 3, 6, 510140, 100022);
INSERT INTO `dim_ip` VALUES (4035, '36.56.150.87', 607688279, 3, 34, 510241, 100019);
INSERT INTO `dim_ip` VALUES (4036, '139.214.244.233', 2346120425, 3, 43, 510191, 100023);
INSERT INTO `dim_ip` VALUES (4037, '117.136.50.138', 1971860106, 3, 9, 510106, 100022);
INSERT INTO `dim_ip` VALUES (4038, '116.116.241.98', 1953821026, 3, 8, 510294, 100023);
INSERT INTO `dim_ip` VALUES (4039, '222.33.43.50', 3726715698, 3, 17, 510155, 100029);
INSERT INTO `dim_ip` VALUES (4040, '1.30.7.176', 18745264, 3, 8, 510119, 100023);
INSERT INTO `dim_ip` VALUES (4041, '124.88.66.133', 2086158981, 3, 41, 510187, 100023);
INSERT INTO `dim_ip` VALUES (4042, '122.157.201.251', 2057161211, 3, 19, 510329, 100023);
INSERT INTO `dim_ip` VALUES (4043, '223.104.94.225', 3748159201, 3, 35, 510171, 100022);
INSERT INTO `dim_ip` VALUES (4044, '113.233.215.248', 1911150584, 3, 17, 510155, 100023);
INSERT INTO `dim_ip` VALUES (4045, '223.104.106.12', 3748162060, 3, 5, 510102, 100022);
INSERT INTO `dim_ip` VALUES (4046, '58.217.182.149', 987346581, 3, 11, 510111, 100019);
INSERT INTO `dim_ip` VALUES (4047, '123.138.127.31', 2072674079, 3, 9, 510180, 100023);
INSERT INTO `dim_ip` VALUES (4048, '221.192.178.36', 3720393252, 3, 22, 510136, 100023);
INSERT INTO `dim_ip` VALUES (4049, '106.108.39.43', 1785472811, 3, 35, 510171, 100019);
INSERT INTO `dim_ip` VALUES (4050, '36.62.88.81', 608065617, 3, 34, 510330, 100019);
INSERT INTO `dim_ip` VALUES (4051, '111.227.173.229', 1877192165, 3, 22, 510141, 100019);
INSERT INTO `dim_ip` VALUES (4052, '218.205.55.39', 3670882087, 3, 13, 510110, 100022);
INSERT INTO `dim_ip` VALUES (4053, '222.91.8.150', 3730507926, 3, 9, 510106, 100019);
INSERT INTO `dim_ip` VALUES (4054, '183.221.68.100', 3084731492, 3, 2, 510300, 100022);
INSERT INTO `dim_ip` VALUES (4055, '117.136.85.63', 1971868991, 3, 21, 510154, 100022);
INSERT INTO `dim_ip` VALUES (4056, '123.123.145.174', 2071695790, 3, 5, 510102, 100023);
INSERT INTO `dim_ip` VALUES (4057, '115.231.148.60', 1944556604, 3, 13, 510221, 100019);
INSERT INTO `dim_ip` VALUES (4058, '116.231.254.49', 1961360945, 3, 7, 510104, 100019);
INSERT INTO `dim_ip` VALUES (4059, '175.167.130.200', 2946990792, 3, 17, 510155, 100023);
INSERT INTO `dim_ip` VALUES (4060, '111.10.242.252', 1862988540, 3, 33, 510164, 100022);
INSERT INTO `dim_ip` VALUES (4061, '182.149.166.64', 3063260736, 3, 2, 510101, 100019);
INSERT INTO `dim_ip` VALUES (4062, '106.86.147.101', 1784058725, 3, 33, 510164, 100019);
INSERT INTO `dim_ip` VALUES (4063, '117.61.33.11', 1966940427, 3, 11, 510111, 100019);
INSERT INTO `dim_ip` VALUES (4064, '223.104.24.127', 3748141183, 3, 35, 510171, 100022);
INSERT INTO `dim_ip` VALUES (4065, '116.226.96.137', 1960992905, 3, 7, 510104, 100019);
INSERT INTO `dim_ip` VALUES (4066, '61.140.26.159', 1032592031, 3, 6, 510140, 100019);
INSERT INTO `dim_ip` VALUES (4067, '223.104.3.231', 3748135911, 3, 5, 510102, 100022);
INSERT INTO `dim_ip` VALUES (4068, '1.204.150.160', 30185120, 3, 35, 510171, 100019);
INSERT INTO `dim_ip` VALUES (4069, '182.147.14.240', 3063090928, 3, 2, 510331, 100019);
INSERT INTO `dim_ip` VALUES (4070, '183.198.181.140', 3083253132, 3, 22, 510149, 100022);
INSERT INTO `dim_ip` VALUES (4071, '49.77.239.212', 827191252, 3, 11, 510111, 100019);
INSERT INTO `dim_ip` VALUES (4072, '211.94.250.29', 3546216989, 3, 14, 510113, -9);
INSERT INTO `dim_ip` VALUES (4073, '61.243.119.46', 1039365934, 3, 37, 510174, 100023);
INSERT INTO `dim_ip` VALUES (4074, '117.10.159.231', 1963630567, 3, 14, 510113, 100023);
INSERT INTO `dim_ip` VALUES (4075, '117.136.62.190', 1971863230, 3, 2, 510101, 100022);
INSERT INTO `dim_ip` VALUES (4076, '125.112.224.197', 2104549573, 3, 13, 510236, 100019);
INSERT INTO `dim_ip` VALUES (4077, '223.104.14.1', 3748138497, 3, 25, 510137, 100022);
INSERT INTO `dim_ip` VALUES (4078, '182.91.123.209', 3059448785, 3, 30, 510332, 100023);
INSERT INTO `dim_ip` VALUES (4079, '221.13.63.68', 3708632900, 3, 35, 510237, 100023);
INSERT INTO `dim_ip` VALUES (4080, '223.99.15.73', 3747811145, 3, 12, 510114, 100022);
INSERT INTO `dim_ip` VALUES (4081, '119.126.30.77', 2004753997, 3, 6, 510201, 100019);
INSERT INTO `dim_ip` VALUES (4082, '42.94.201.23', 710854935, 3, 39, 510183, 100019);
INSERT INTO `dim_ip` VALUES (4083, '183.202.189.134', 3083517318, 3, 25, 510328, 100022);
INSERT INTO `dim_ip` VALUES (4084, '223.104.24.158', 3748141214, 3, 35, 510171, 100022);
INSERT INTO `dim_ip` VALUES (4085, '113.245.17.193', 1911886273, 3, 20, 510197, 100019);
INSERT INTO `dim_ip` VALUES (4086, '110.167.68.92', 1856455772, 3, 40, 510333, 100019);
INSERT INTO `dim_ip` VALUES (4087, '112.5.234.68', 1879435844, 3, 18, 510120, 100022);
INSERT INTO `dim_ip` VALUES (4088, '58.241.110.222', 988901086, 3, 11, 510265, 100023);
INSERT INTO `dim_ip` VALUES (4089, '111.19.63.15', 1863532303, 3, 9, 510106, 100022);
INSERT INTO `dim_ip` VALUES (4090, '42.102.252.214', 711392470, 3, 19, 510124, 100019);
INSERT INTO `dim_ip` VALUES (4091, '117.136.5.178', 1971848626, 3, 17, 510155, 100022);
INSERT INTO `dim_ip` VALUES (4092, '58.16.184.212', 974174420, 3, 35, 510203, 100023);
INSERT INTO `dim_ip` VALUES (4093, '163.179.209.43', 2746470699, 3, 6, 510152, 100023);
INSERT INTO `dim_ip` VALUES (4094, '36.41.85.55', 606688567, 3, 9, 510220, 100019);
INSERT INTO `dim_ip` VALUES (4095, '106.108.0.81', 1785462865, 3, 35, 510171, 100019);
INSERT INTO `dim_ip` VALUES (4096, '110.156.229.16', 1855776016, 3, 41, 510187, 100019);
INSERT INTO `dim_ip` VALUES (4097, '1.81.91.208', 22109136, 3, 9, 510238, 100019);
INSERT INTO `dim_ip` VALUES (4098, '117.181.91.164', 1974819748, 3, 30, 510269, 100022);
INSERT INTO `dim_ip` VALUES (4099, '183.197.147.249', 3083179001, 3, 22, 510142, 100022);
INSERT INTO `dim_ip` VALUES (4100, '221.192.180.248', 3720393976, 3, 22, 510136, 100023);
INSERT INTO `dim_ip` VALUES (4101, '182.36.168.114', 3055855730, 3, 12, 510298, 100019);
INSERT INTO `dim_ip` VALUES (4102, '117.136.16.163', 1971851427, 3, 21, 510154, 100022);
INSERT INTO `dim_ip` VALUES (4103, '183.249.230.53', 3086607925, 3, 13, 510334, 100022);
INSERT INTO `dim_ip` VALUES (4104, '220.202.152.39', 3704264743, 3, 20, 510126, 100023);
INSERT INTO `dim_ip` VALUES (4105, '113.137.164.22', 1904845846, 3, 9, 510289, 100019);
INSERT INTO `dim_ip` VALUES (4106, '183.15.145.33', 3071250721, 3, 6, 510125, 100019);
INSERT INTO `dim_ip` VALUES (4107, '36.109.222.56', 611180088, 3, 41, 510335, 100019);
INSERT INTO `dim_ip` VALUES (4108, '112.232.183.182', 1894299574, 3, 12, 510114, 100023);
INSERT INTO `dim_ip` VALUES (4109, '223.104.15.195', 3748138947, 3, 8, 510119, 100022);
INSERT INTO `dim_ip` VALUES (4110, '115.60.13.254', 1933315582, 3, 16, 510199, 100023);
INSERT INTO `dim_ip` VALUES (4111, '223.73.110.92', 3746131548, 3, 6, 510125, 100022);
INSERT INTO `dim_ip` VALUES (4112, '61.158.147.140', 1033802636, 3, 16, 510257, 100023);
INSERT INTO `dim_ip` VALUES (4113, '218.201.184.243', 3670653171, 3, 12, 510123, 100022);
INSERT INTO `dim_ip` VALUES (4114, '117.107.15.12', 1969950476, 3, 5, 510102, -9);
INSERT INTO `dim_ip` VALUES (4115, '106.61.62.40', 1782398504, 3, 21, 510154, 100019);
INSERT INTO `dim_ip` VALUES (4116, '106.108.34.138', 1785471626, 3, 35, 510171, 100019);
INSERT INTO `dim_ip` VALUES (4117, '211.140.212.213', 3549222101, 3, 17, 510235, 100022);
INSERT INTO `dim_ip` VALUES (4118, '120.194.228.174', 2026038446, 3, 16, 510336, 100022);
INSERT INTO `dim_ip` VALUES (4119, '111.20.138.106', 1863617130, 3, 9, 510337, 100022);
INSERT INTO `dim_ip` VALUES (4120, '60.255.32.10', 1023352842, 3, 2, 510101, 100039);
INSERT INTO `dim_ip` VALUES (4121, '171.12.48.100', 2869702756, 3, 16, 510182, 100019);
INSERT INTO `dim_ip` VALUES (4122, '123.178.36.108', 2075272300, 3, 8, 510119, 100019);
INSERT INTO `dim_ip` VALUES (4123, '112.65.48.198', 1883320518, 3, 7, 510104, 100023);
INSERT INTO `dim_ip` VALUES (4124, '117.136.84.62', 1971868734, 3, 21, 510154, 100022);
INSERT INTO `dim_ip` VALUES (4125, '183.226.184.65', 3085088833, 3, 33, 510164, 100022);
INSERT INTO `dim_ip` VALUES (4126, '43.242.180.32', 737326112, 3, 40, 510186, 100023);
INSERT INTO `dim_ip` VALUES (4127, '183.196.60.7', 3083090951, 3, 22, 510161, 100022);
INSERT INTO `dim_ip` VALUES (4128, '223.73.47.108', 3746115436, 3, 6, 510254, 100022);
INSERT INTO `dim_ip` VALUES (4129, '119.0.120.53', 1996519477, 3, 35, 510237, 100019);
INSERT INTO `dim_ip` VALUES (4130, '124.131.222.182', 2089017014, 3, 12, 510123, 100023);
INSERT INTO `dim_ip` VALUES (4131, '117.136.82.209', 1971868369, 3, 2, 510101, 100022);
INSERT INTO `dim_ip` VALUES (4132, '60.8.17.24', 1007161624, 3, 22, 510185, 100023);
INSERT INTO `dim_ip` VALUES (4133, '61.161.197.194', 1034012098, 3, 17, 510155, 100023);
INSERT INTO `dim_ip` VALUES (4134, '117.136.47.133', 1971859333, 3, 22, 510165, 100022);
INSERT INTO `dim_ip` VALUES (4135, '117.86.28.217', 1968577753, 3, 11, 510158, 100019);
INSERT INTO `dim_ip` VALUES (4136, '220.202.152.111', 3704264815, 3, 20, 510126, 100023);
INSERT INTO `dim_ip` VALUES (4137, '183.240.19.245', 3085964277, 3, 6, 510103, 100022);
INSERT INTO `dim_ip` VALUES (4138, '114.139.13.67', 1921715523, 3, 35, 510237, 100019);
INSERT INTO `dim_ip` VALUES (4139, '121.31.131.80', 2032108368, 3, 30, 510338, 100023);
INSERT INTO `dim_ip` VALUES (4140, '117.136.41.110', 1971857774, 3, 6, 510140, 100022);
INSERT INTO `dim_ip` VALUES (4141, '112.224.20.38', 1893733414, 3, 12, 510114, 100023);
INSERT INTO `dim_ip` VALUES (4142, '183.130.93.86', 3078774102, 3, 13, 510312, 100019);
INSERT INTO `dim_ip` VALUES (4143, '117.136.77.23', 1971866903, 3, 12, 510167, 100022);
INSERT INTO `dim_ip` VALUES (4144, '117.136.27.111', 1971854191, 3, 39, 510183, 100022);
INSERT INTO `dim_ip` VALUES (4145, '113.129.7.61', 1904281405, 3, 12, 510114, 100019);
INSERT INTO `dim_ip` VALUES (4146, '171.216.161.101', 2883101029, 3, 2, 510101, 100019);
INSERT INTO `dim_ip` VALUES (4147, '60.223.137.236', 1021282796, 3, 25, 510339, 100023);
INSERT INTO `dim_ip` VALUES (4148, '113.134.190.67', 1904655939, 3, 9, 510337, 100019);
INSERT INTO `dim_ip` VALUES (4149, '118.212.202.85', 1993656917, 3, 32, 510243, 100023);
INSERT INTO `dim_ip` VALUES (4150, '222.160.183.87', 3735074647, 3, 43, 510340, 100023);
INSERT INTO `dim_ip` VALUES (4151, '120.210.181.140', 2027074956, 3, 34, 510241, 100022);
INSERT INTO `dim_ip` VALUES (4152, '112.5.236.210', 1879436498, 3, 18, 510120, 100022);
INSERT INTO `dim_ip` VALUES (4153, '113.142.158.173', 1905172141, 3, 9, 510220, 100019);
INSERT INTO `dim_ip` VALUES (4154, '106.108.64.83', 1785479251, 3, 6, 510140, 100019);
INSERT INTO `dim_ip` VALUES (4155, '101.80.242.48', 1699803696, 3, 7, 510104, 100019);
INSERT INTO `dim_ip` VALUES (4156, '171.83.143.183', 2874380215, 3, 15, 510341, 100019);
INSERT INTO `dim_ip` VALUES (4157, '42.93.112.76', 710766668, 3, 39, 510250, 100019);
INSERT INTO `dim_ip` VALUES (4158, '120.11.250.194', 2014051010, 3, 22, 510211, 100023);
INSERT INTO `dim_ip` VALUES (4159, '223.104.95.219', 3748159451, 3, 5, 510102, 100022);
INSERT INTO `dim_ip` VALUES (4160, '113.140.121.244', 1905031668, 3, 9, 510106, 100019);
INSERT INTO `dim_ip` VALUES (4161, '111.2.101.100', 1862428004, 3, 13, 510236, 100022);
INSERT INTO `dim_ip` VALUES (4162, '222.217.232.40', 3738822696, 3, 30, 510258, 100019);
INSERT INTO `dim_ip` VALUES (4163, '180.109.205.159', 3027094943, 3, 11, 510111, 100019);
INSERT INTO `dim_ip` VALUES (4164, '223.10.89.4', 3741997316, 3, 25, 510219, 100019);
INSERT INTO `dim_ip` VALUES (4165, '36.23.105.126', 605514110, 3, 13, 510110, 100019);
INSERT INTO `dim_ip` VALUES (4166, '39.181.140.126', 666209406, 3, 13, 510221, 100022);
INSERT INTO `dim_ip` VALUES (4167, '117.136.39.202', 1971857354, 3, 6, 510125, 100022);
INSERT INTO `dim_ip` VALUES (4168, '139.207.128.117', 2345631861, 3, 2, 510101, 100019);
INSERT INTO `dim_ip` VALUES (4169, '223.104.95.217', 3748159449, 3, 5, 510102, 100022);
INSERT INTO `dim_ip` VALUES (4170, '115.58.66.179', 1933198003, 3, 16, 510256, 100023);
INSERT INTO `dim_ip` VALUES (4171, '14.144.194.235', 244368107, 3, 6, 510152, 100019);
INSERT INTO `dim_ip` VALUES (4172, '106.61.38.209', 1782392529, 3, 21, 510154, 100019);
INSERT INTO `dim_ip` VALUES (4173, '223.104.1.153', 3748135321, 3, 6, 510103, 100022);
INSERT INTO `dim_ip` VALUES (4174, '1.30.6.132', 18744964, 3, 8, 510119, 100023);
INSERT INTO `dim_ip` VALUES (4175, '60.255.40.225', 1023355105, 3, 2, 510101, 100039);
INSERT INTO `dim_ip` VALUES (4176, '180.138.91.162', 3028966306, 3, 30, 510150, 100019);
INSERT INTO `dim_ip` VALUES (4177, '106.115.101.126', 1785947518, 3, 22, 510165, 100019);
INSERT INTO `dim_ip` VALUES (4178, '221.223.184.189', 3722426557, 3, 5, 510102, 100023);
INSERT INTO `dim_ip` VALUES (4179, '183.192.17.164', 3082817956, 3, 7, 510104, 100022);
INSERT INTO `dim_ip` VALUES (4180, '171.93.131.245', 2875032565, 3, 2, 510179, 100019);
INSERT INTO `dim_ip` VALUES (4181, '1.206.63.34', 30293794, 3, 35, 510233, 100019);
INSERT INTO `dim_ip` VALUES (4182, '39.178.63.249', 665993209, 3, 32, 510342, 100022);
INSERT INTO `dim_ip` VALUES (4183, '122.96.29.69', 2053119301, 3, 11, 510111, 100023);
INSERT INTO `dim_ip` VALUES (4184, '202.120.79.102', 3396882278, 3, 7, 510104, 100034);
INSERT INTO `dim_ip` VALUES (4185, '101.94.97.200', 1700684232, 3, 7, 510104, 100019);
INSERT INTO `dim_ip` VALUES (4186, '58.38.3.217', 975569881, 3, 7, 510104, 100019);
INSERT INTO `dim_ip` VALUES (4187, '112.28.174.104', 1880927848, 3, 7, 510104, 100022);
INSERT INTO `dim_ip` VALUES (4188, '218.65.46.148', 3661704852, 3, 32, 510243, 100019);
INSERT INTO `dim_ip` VALUES (4189, '115.60.56.132', 1933326468, 3, 16, 510199, 100023);
INSERT INTO `dim_ip` VALUES (4190, '123.146.49.189', 2073178557, 3, 33, 510164, 100023);
INSERT INTO `dim_ip` VALUES (4191, '39.183.152.59', 666343483, 3, 13, 510236, 100022);
INSERT INTO `dim_ip` VALUES (4192, '61.158.149.117', 1033803125, 3, 16, 510257, 100023);
INSERT INTO `dim_ip` VALUES (4193, '220.170.127.62', 3702161214, 3, 20, 510231, 100019);
INSERT INTO `dim_ip` VALUES (4194, '223.104.15.31', 3748138783, 3, 8, 510119, 100022);
INSERT INTO `dim_ip` VALUES (4195, '112.224.17.61', 1893732669, 3, 12, 510114, 100023);
INSERT INTO `dim_ip` VALUES (4196, '182.135.183.120', 3062347640, 3, 2, 510286, 100019);
INSERT INTO `dim_ip` VALUES (4197, '117.148.96.16', 1972658192, 3, 13, 510133, 100022);
INSERT INTO `dim_ip` VALUES (4198, '139.226.189.78', 2346892622, 3, 7, 510104, 100023);
INSERT INTO `dim_ip` VALUES (4199, '39.168.136.178', 665356466, 3, 32, 510342, 100022);
INSERT INTO `dim_ip` VALUES (4200, '171.114.151.40', 2876413736, 3, 15, 510213, 100019);
INSERT INTO `dim_ip` VALUES (4201, '123.178.44.165', 2075274405, 3, 8, 510119, 100019);
INSERT INTO `dim_ip` VALUES (4202, '223.104.95.101', 3748159333, 3, 5, 510102, 100022);
INSERT INTO `dim_ip` VALUES (4203, '36.1.201.245', 604097013, 3, 29, 510200, 100019);
INSERT INTO `dim_ip` VALUES (4204, '117.136.26.207', 1971854031, 3, 41, 510187, 100022);
INSERT INTO `dim_ip` VALUES (4205, '106.119.44.96', 1786195040, 3, 22, 510161, 100019);
INSERT INTO `dim_ip` VALUES (4206, '113.16.175.77', 1896918861, 3, 30, 510150, 100019);
INSERT INTO `dim_ip` VALUES (4207, '117.136.45.152', 1971858840, 3, 11, 510111, 100022);
INSERT INTO `dim_ip` VALUES (4208, '220.189.220.65', 3703430209, 3, 13, 510309, 100019);
INSERT INTO `dim_ip` VALUES (4209, '117.136.3.180', 1971848116, 3, 8, 510119, 100022);
INSERT INTO `dim_ip` VALUES (4210, '103.251.98.26', 1744527898, 3, 30, 510150, 100023);
INSERT INTO `dim_ip` VALUES (4211, '175.167.138.192', 2946992832, 3, 17, 510155, 100023);
INSERT INTO `dim_ip` VALUES (4212, '14.24.112.183', 236482743, 3, 6, 510140, 100019);
INSERT INTO `dim_ip` VALUES (4213, '117.136.16.54', 1971851318, 3, 21, 510154, 100022);
INSERT INTO `dim_ip` VALUES (4214, '114.80.11.229', 1917848549, 3, 7, 510104, 100019);
INSERT INTO `dim_ip` VALUES (4215, '111.22.201.255', 1863764479, 3, 20, 510296, 100022);
INSERT INTO `dim_ip` VALUES (4216, '111.180.153.151', 1874106775, 3, 15, 510262, 100019);
INSERT INTO `dim_ip` VALUES (4217, '219.148.65.58', 3683926330, 3, 22, 510161, 100019);
INSERT INTO `dim_ip` VALUES (4218, '58.16.228.142', 974185614, 3, 35, 510171, 100023);
INSERT INTO `dim_ip` VALUES (4219, '222.83.92.239', 3730005231, 3, 41, 510343, 100019);
INSERT INTO `dim_ip` VALUES (4220, '120.197.197.61', 2026227005, 3, 6, 510201, 100022);
INSERT INTO `dim_ip` VALUES (4221, '223.90.66.90', 3747234394, 3, 16, 510156, 100022);
INSERT INTO `dim_ip` VALUES (4222, '59.63.249.249', 994048505, 3, 32, 510169, 100019);
INSERT INTO `dim_ip` VALUES (4223, '223.104.15.225', 3748138977, 3, 8, 510119, 100022);
INSERT INTO `dim_ip` VALUES (4224, '14.16.14.126', 235933310, 3, 6, 510140, 100019);
INSERT INTO `dim_ip` VALUES (4225, '218.76.89.117', 3662436725, 3, 20, 510344, 100019);
INSERT INTO `dim_ip` VALUES (4226, '117.93.79.187', 1969049531, 3, 11, 510345, 100019);
INSERT INTO `dim_ip` VALUES (4227, '113.88.163.169', 1901634473, 3, 6, 510125, 100019);
INSERT INTO `dim_ip` VALUES (4228, '183.167.200.136', 3081226376, 3, 34, 510223, 100019);
INSERT INTO `dim_ip` VALUES (4229, '115.150.172.16', 1939254288, 3, 32, 510302, 100019);
INSERT INTO `dim_ip` VALUES (4230, '124.89.63.14', 2086223630, 3, 9, 510289, 100023);
INSERT INTO `dim_ip` VALUES (4231, '117.136.8.245', 1971849461, 3, 7, 510104, 100022);
INSERT INTO `dim_ip` VALUES (4232, '27.227.121.91', 467892571, 3, 39, 510250, 100019);
INSERT INTO `dim_ip` VALUES (4233, '118.212.217.89', 1993660761, 3, 32, 510169, 100023);
INSERT INTO `dim_ip` VALUES (4234, '218.13.54.38', 3658298918, 3, 6, 510346, 100019);
INSERT INTO `dim_ip` VALUES (4235, '112.17.241.165', 1880224165, 3, 13, 510110, 100022);
INSERT INTO `dim_ip` VALUES (4236, '122.136.134.42', 2055767594, 3, 43, 510277, 100023);
INSERT INTO `dim_ip` VALUES (4237, '117.136.80.179', 1971867827, 3, 21, 510154, 100022);
INSERT INTO `dim_ip` VALUES (4238, '60.218.74.18', 1020938770, 3, 19, 510229, 100023);
INSERT INTO `dim_ip` VALUES (4239, '180.95.195.212', 3026174932, 3, 39, 510287, 100023);
INSERT INTO `dim_ip` VALUES (4240, '223.87.204.199', 3747073223, 3, 2, 510101, 100022);
INSERT INTO `dim_ip` VALUES (4241, '117.136.92.34', 1971870754, 3, 12, 510109, 100022);
INSERT INTO `dim_ip` VALUES (4242, '183.197.149.178', 3083179442, 3, 22, 510142, 100022);
INSERT INTO `dim_ip` VALUES (4243, '223.104.29.164', 3748142500, 3, 37, 510174, 100022);
INSERT INTO `dim_ip` VALUES (4244, '120.6.129.157', 2013692317, 3, 22, 510141, 100023);
INSERT INTO `dim_ip` VALUES (4245, '14.117.26.6', 242555398, 3, 6, 510143, 100019);
INSERT INTO `dim_ip` VALUES (4246, '101.94.254.156', 1700724380, 3, 7, 510104, 100019);
INSERT INTO `dim_ip` VALUES (4247, '122.242.207.30', 2062733086, 3, 13, 510236, 100019);
INSERT INTO `dim_ip` VALUES (4248, '101.224.53.50', 1709192498, 3, 7, 510104, 100019);
INSERT INTO `dim_ip` VALUES (4249, '36.105.180.95', 610907231, 3, 13, 510110, 100019);
INSERT INTO `dim_ip` VALUES (4250, '113.244.52.70', 1911829574, 3, 20, 510231, 100019);
INSERT INTO `dim_ip` VALUES (4251, '106.121.18.207', 1786319567, 3, 5, 510102, 100019);
INSERT INTO `dim_ip` VALUES (4252, '139.207.172.192', 2345643200, 3, 2, 510101, 100019);
INSERT INTO `dim_ip` VALUES (4253, '60.161.45.17', 1017195793, 3, 21, 510205, 100019);
INSERT INTO `dim_ip` VALUES (4254, '222.139.156.101', 3733691493, 3, 16, 510347, 100023);
INSERT INTO `dim_ip` VALUES (4255, '110.152.89.126', 1855478142, 3, 41, 510187, 100019);
INSERT INTO `dim_ip` VALUES (4256, '124.152.132.128', 2090370176, 3, 39, 510287, 100023);
INSERT INTO `dim_ip` VALUES (4257, '223.104.22.178', 3748140722, 3, 30, 510150, 100022);
INSERT INTO `dim_ip` VALUES (4258, '175.154.126.139', 2946137739, 3, 2, 510348, 100023);
INSERT INTO `dim_ip` VALUES (4259, '117.136.85.150', 1971869078, 3, 21, 510154, 100022);
INSERT INTO `dim_ip` VALUES (4260, '140.243.29.26', 2364742938, 3, 18, 510120, 100019);
INSERT INTO `dim_ip` VALUES (4261, '117.136.85.197', 1971869125, 3, 21, 510154, 100022);
INSERT INTO `dim_ip` VALUES (4262, '123.181.31.151', 2075467671, 3, 22, 510165, 100019);
INSERT INTO `dim_ip` VALUES (4263, '223.98.212.242', 3747796210, 3, 12, 510279, 100022);
INSERT INTO `dim_ip` VALUES (4264, '106.121.57.226', 1786329570, 3, 5, 510102, 100019);
INSERT INTO `dim_ip` VALUES (4265, '117.136.66.208', 1971864272, 3, 11, 510157, 100022);
INSERT INTO `dim_ip` VALUES (4266, '183.197.62.20', 3083157012, 3, 22, 510161, 100022);
INSERT INTO `dim_ip` VALUES (4267, '218.202.173.18', 3670715666, 3, 41, 510343, 100022);
INSERT INTO `dim_ip` VALUES (4268, '1.204.116.10', 30176266, 3, 35, 510171, 100019);
INSERT INTO `dim_ip` VALUES (4269, '114.242.250.203', 1928526539, 3, 5, 510102, 100023);
INSERT INTO `dim_ip` VALUES (4270, '180.127.70.188', 3028240060, 3, 11, 510157, 100019);
INSERT INTO `dim_ip` VALUES (4271, '14.16.210.144', 235983504, 3, 6, 510140, 100019);
INSERT INTO `dim_ip` VALUES (4272, '61.158.149.107', 1033803115, 3, 16, 510257, 100023);
INSERT INTO `dim_ip` VALUES (4273, '1.30.6.89', 18744921, 3, 8, 510119, 100023);
INSERT INTO `dim_ip` VALUES (4274, '223.104.130.60', 3748168252, 3, 5, 510102, 100022);
INSERT INTO `dim_ip` VALUES (4275, '117.136.32.101', 1971855461, 3, 6, 510140, 100022);
INSERT INTO `dim_ip` VALUES (4276, '222.188.0.233', 3736862953, 3, 11, 510345, 100019);
INSERT INTO `dim_ip` VALUES (4277, '113.140.106.89', 1905027673, 3, 9, 510106, 100019);
INSERT INTO `dim_ip` VALUES (4278, '223.104.24.5', 3748141061, 3, 35, 510171, 100022);
INSERT INTO `dim_ip` VALUES (4279, '223.87.231.233', 3747080169, 3, 2, 510101, 100022);
INSERT INTO `dim_ip` VALUES (4280, '220.167.95.174', 3701956526, 3, 2, 510331, 100019);
INSERT INTO `dim_ip` VALUES (4281, '120.239.7.46', 2028930862, 3, 6, 510227, 100022);
INSERT INTO `dim_ip` VALUES (4282, '223.104.17.84', 3748139348, 3, 19, 510124, 100022);
INSERT INTO `dim_ip` VALUES (4283, '211.140.209.17', 3549221137, 3, 17, 510235, 100022);
INSERT INTO `dim_ip` VALUES (4284, '106.61.12.207', 1782385871, 3, 21, 510154, 100019);
INSERT INTO `dim_ip` VALUES (4285, '42.232.172.232', 719891688, 3, 16, 510182, 100023);
INSERT INTO `dim_ip` VALUES (4286, '124.160.219.242', 2090916850, 3, 13, 510110, 100023);
INSERT INTO `dim_ip` VALUES (4287, '113.97.42.154', 1902193306, 3, 6, 510125, 100019);
INSERT INTO `dim_ip` VALUES (4288, '27.152.215.155', 463001499, 3, 18, 510202, 100019);
INSERT INTO `dim_ip` VALUES (4289, '183.162.161.169', 3080888745, 3, 34, 510349, 100019);
INSERT INTO `dim_ip` VALUES (4290, '36.104.40.182', 610805942, 3, 13, 510110, 100019);
INSERT INTO `dim_ip` VALUES (4291, '182.97.89.35', 3059833123, 3, 32, 510169, 100019);
INSERT INTO `dim_ip` VALUES (4292, '223.104.101.105', 3748160873, 3, 5, 510102, 100022);
INSERT INTO `dim_ip` VALUES (4293, '175.8.211.146', 2936591250, 3, 20, 510126, 100019);
INSERT INTO `dim_ip` VALUES (4294, '124.228.155.220', 2095356892, 3, 20, 510350, 100019);
INSERT INTO `dim_ip` VALUES (4295, '117.136.86.214', 1971869398, 3, 9, 510106, 100022);
INSERT INTO `dim_ip` VALUES (4296, '117.136.101.57', 1971873081, 3, 34, 510168, 100022);
INSERT INTO `dim_ip` VALUES (4297, '223.104.23.30', 3748140830, 3, 29, 510200, 100022);
INSERT INTO `dim_ip` VALUES (4298, '182.240.102.89', 3069208153, 3, 21, 510263, 100019);
INSERT INTO `dim_ip` VALUES (4299, '27.151.124.17', 462912529, 3, 18, 510120, 100019);
INSERT INTO `dim_ip` VALUES (4300, '113.63.157.200', 1899994568, 3, 46, 510351, 100019);
INSERT INTO `dim_ip` VALUES (4301, '222.209.119.117', 3738269557, 3, 2, 510101, 100019);
INSERT INTO `dim_ip` VALUES (4302, '112.224.19.170', 1893733290, 3, 12, 510114, 100023);
INSERT INTO `dim_ip` VALUES (4303, '223.104.24.145', 3748141201, 3, 35, 510171, 100022);
INSERT INTO `dim_ip` VALUES (4304, '112.224.20.118', 1893733494, 3, 12, 510114, 100023);
INSERT INTO `dim_ip` VALUES (4305, '182.144.54.11', 3062904331, 3, 2, 510101, 100019);
INSERT INTO `dim_ip` VALUES (4306, '1.86.140.169', 22449321, 3, 9, 510106, 100019);
INSERT INTO `dim_ip` VALUES (4307, '113.118.186.176', 1903606448, 3, 6, 510125, 100019);
INSERT INTO `dim_ip` VALUES (4308, '106.8.4.96', 1778910304, 3, 22, 510141, 100019);
INSERT INTO `dim_ip` VALUES (4309, '183.214.50.153', 3084268185, 3, 20, 510352, 100022);
INSERT INTO `dim_ip` VALUES (4310, '119.249.3.164', 2012808100, 3, 22, 510147, 100023);
INSERT INTO `dim_ip` VALUES (4311, '223.104.3.247', 3748135927, 3, 5, 510102, 100022);
INSERT INTO `dim_ip` VALUES (4312, '111.112.85.148', 1869632916, 3, 37, 510174, 100019);
INSERT INTO `dim_ip` VALUES (4313, '180.98.105.43', 3026348331, 3, 11, 510111, 100019);
INSERT INTO `dim_ip` VALUES (4314, '221.192.180.191', 3720393919, 3, 22, 510136, 100023);
INSERT INTO `dim_ip` VALUES (4315, '222.141.225.159', 3733840287, 3, 16, 510151, 100023);
INSERT INTO `dim_ip` VALUES (4316, '27.128.27.55', 461380407, 3, 22, 510136, 100019);
INSERT INTO `dim_ip` VALUES (4317, '124.88.227.101', 2086200165, 3, 41, 510335, 100023);
INSERT INTO `dim_ip` VALUES (4318, '125.43.233.156', 2100029852, 3, 16, 510218, 100023);
INSERT INTO `dim_ip` VALUES (4319, '117.136.3.107', 1971848043, 3, 8, 510119, 100022);
INSERT INTO `dim_ip` VALUES (4320, '223.86.158.11', 3746995723, 3, 2, 510194, 100022);
INSERT INTO `dim_ip` VALUES (4321, '125.79.133.153', 2102363545, 3, 18, 510215, 100019);
INSERT INTO `dim_ip` VALUES (4322, '61.158.149.35', 1033803043, 3, 16, 510257, 100023);
INSERT INTO `dim_ip` VALUES (4323, '182.148.107.169', 3063180201, 3, 2, 510101, 100019);
INSERT INTO `dim_ip` VALUES (4324, '106.61.10.168', 1782385320, 3, 21, 510154, 100019);
INSERT INTO `dim_ip` VALUES (4325, '113.8.218.78', 1896405582, 3, 19, 510353, 100023);
INSERT INTO `dim_ip` VALUES (4326, '36.56.189.102', 607698278, 3, 34, 510354, 100019);
INSERT INTO `dim_ip` VALUES (4327, '117.136.70.136', 1971865224, 3, 2, 510101, 100022);
INSERT INTO `dim_ip` VALUES (4328, '59.63.248.139', 994048139, 3, 32, 510169, 100019);
INSERT INTO `dim_ip` VALUES (4329, '183.240.19.247', 3085964279, 3, 6, 510103, 100022);
INSERT INTO `dim_ip` VALUES (4330, '117.136.70.187', 1971865275, 3, 2, 510101, 100022);
INSERT INTO `dim_ip` VALUES (4331, '223.104.13.197', 3748138437, 3, 22, 510136, 100022);
INSERT INTO `dim_ip` VALUES (4332, '117.136.53.59', 1971860795, 3, 15, 510115, 100022);
INSERT INTO `dim_ip` VALUES (4333, '223.104.3.179', 3748135859, 3, 5, 510102, 100022);
INSERT INTO `dim_ip` VALUES (4334, '117.136.73.214', 1971866070, 3, 21, 510154, 100022);
INSERT INTO `dim_ip` VALUES (4335, '1.180.237.250', 28634618, 3, 8, 510119, 100019);
INSERT INTO `dim_ip` VALUES (4336, '223.104.11.179', 3748137907, 3, 9, 510106, 100022);
INSERT INTO `dim_ip` VALUES (4337, '112.224.1.156', 1893728668, 3, 12, 510114, 100023);
INSERT INTO `dim_ip` VALUES (4338, '124.119.156.27', 2088213531, 3, 41, 510210, 100019);
INSERT INTO `dim_ip` VALUES (4339, '182.88.119.213', 3059251157, 3, 30, 510150, 100023);
INSERT INTO `dim_ip` VALUES (4340, '110.152.247.88', 1855518552, 3, 41, 510187, 100019);
INSERT INTO `dim_ip` VALUES (4341, '223.104.25.226', 3748141538, 3, 33, 510164, 100022);
INSERT INTO `dim_ip` VALUES (4342, '218.64.80.94', 3661647966, 3, 32, 510302, 100019);
INSERT INTO `dim_ip` VALUES (4343, '118.81.190.194', 1985068738, 3, 25, 510137, 100023);
INSERT INTO `dim_ip` VALUES (4344, '42.5.9.153', 704973209, 3, 17, 510155, 100023);
INSERT INTO `dim_ip` VALUES (4345, '221.13.15.96', 3708620640, 3, 35, 510171, 100023);
INSERT INTO `dim_ip` VALUES (4346, '112.96.97.222', 1885364702, 3, 6, 510140, 100023);
INSERT INTO `dim_ip` VALUES (4347, '119.0.203.166', 1996540838, 3, 35, 510233, 100019);
INSERT INTO `dim_ip` VALUES (4348, '39.183.153.111', 666343791, 3, 13, 510236, 100022);
INSERT INTO `dim_ip` VALUES (4349, '117.157.160.238', 1973264622, 3, 5, 510102, 100022);
INSERT INTO `dim_ip` VALUES (4350, '119.50.31.43', 1999773483, 3, 43, 510277, 100023);
INSERT INTO `dim_ip` VALUES (4351, '1.48.173.47', 19967279, 3, 35, 510355, 100019);
INSERT INTO `dim_ip` VALUES (4352, '223.10.138.252', 3742010108, 3, 25, 510356, 100019);
INSERT INTO `dim_ip` VALUES (4353, '110.82.72.59', 1850886203, 3, 18, 510357, 100019);
INSERT INTO `dim_ip` VALUES (4354, '218.30.116.4', 3659428868, 3, 5, 510102, 100019);
INSERT INTO `dim_ip` VALUES (4355, '39.79.109.99', 659516771, 3, 12, 510298, 100023);
INSERT INTO `dim_ip` VALUES (4356, '122.230.37.182', 2061903286, 3, 13, 510133, 100019);
INSERT INTO `dim_ip` VALUES (4357, '123.178.40.85', 2075273301, 3, 8, 510119, 100019);
INSERT INTO `dim_ip` VALUES (4358, '218.26.54.166', 3659151014, 3, 25, 510137, 100023);
INSERT INTO `dim_ip` VALUES (4359, '175.167.152.163', 2946996387, 3, 17, 510155, 100023);
INSERT INTO `dim_ip` VALUES (4360, '124.67.72.74', 2084784202, 3, 8, 510268, 100023);
INSERT INTO `dim_ip` VALUES (4361, '112.36.203.191', 1881459647, 3, 12, 510114, 100022);
INSERT INTO `dim_ip` VALUES (4362, '117.136.72.5', 1971865605, 3, 21, 510154, 100022);
INSERT INTO `dim_ip` VALUES (4363, '180.142.1.67', 3029205315, 3, 30, 510358, 100019);
INSERT INTO `dim_ip` VALUES (4364, '14.106.85.27', 241849627, 3, 33, 510164, 100019);
INSERT INTO `dim_ip` VALUES (4365, '182.85.188.201', 3059072201, 3, 32, 510169, 100019);
INSERT INTO `dim_ip` VALUES (4366, '223.104.25.254', 3748141566, 3, 33, 510164, 100022);
INSERT INTO `dim_ip` VALUES (4367, '39.128.81.24', 662720792, 3, 21, 510359, 100022);
INSERT INTO `dim_ip` VALUES (4368, '203.93.165.58', 3411911994, 3, 5, 510102, 100023);
INSERT INTO `dim_ip` VALUES (4369, '113.5.2.11', 1896153611, 3, 19, 510124, 100023);
INSERT INTO `dim_ip` VALUES (4370, '103.251.98.32', 1744527904, 3, 30, 510150, 100023);
INSERT INTO `dim_ip` VALUES (4371, '119.134.97.140', 2005295500, 3, 6, 510173, 100019);
INSERT INTO `dim_ip` VALUES (4372, '39.69.93.171', 658857387, 3, 12, 510316, 100023);
INSERT INTO `dim_ip` VALUES (4373, '139.226.68.86', 2346861654, 3, 7, 510104, 100023);
INSERT INTO `dim_ip` VALUES (4374, '117.136.69.27', 1971864859, 3, 2, 510101, 100022);
INSERT INTO `dim_ip` VALUES (4375, '14.159.205.3', 245353731, 3, 6, 510346, 100019);
INSERT INTO `dim_ip` VALUES (4376, '222.182.227.129', 3736527745, 3, 33, 510164, 100019);
INSERT INTO `dim_ip` VALUES (4377, '42.238.53.142', 720254350, 3, 16, 510156, 100023);
INSERT INTO `dim_ip` VALUES (4378, '1.181.254.188', 28704444, 3, 8, 510178, 100019);
INSERT INTO `dim_ip` VALUES (4379, '122.192.12.133', 2059406469, 3, 11, 510111, 100023);
INSERT INTO `dim_ip` VALUES (4380, '115.148.89.128', 1939102080, 3, 32, 510243, 100019);
INSERT INTO `dim_ip` VALUES (4381, '222.179.151.250', 3736311802, 3, 33, 510164, 100019);
INSERT INTO `dim_ip` VALUES (4382, '175.167.128.166', 2946990246, 3, 17, 510155, 100023);
INSERT INTO `dim_ip` VALUES (4383, '171.10.161.217', 2869600729, 3, 16, 510199, 100019);
INSERT INTO `dim_ip` VALUES (4384, '39.84.124.59', 659848251, 3, 12, 510279, 100023);
INSERT INTO `dim_ip` VALUES (4385, '220.164.184.22', 3701782550, 3, 21, 510263, 100019);
INSERT INTO `dim_ip` VALUES (4386, '113.129.154.155', 1904319131, 3, 12, 510114, 100019);
INSERT INTO `dim_ip` VALUES (4387, '119.115.37.236', 2004035052, 3, 17, 510323, 100023);
INSERT INTO `dim_ip` VALUES (4388, '39.151.193.152', 664256920, 3, 16, 510199, 100022);
INSERT INTO `dim_ip` VALUES (4389, '223.104.13.250', 3748138490, 3, 22, 510136, 100022);
INSERT INTO `dim_ip` VALUES (4390, '182.144.53.34', 3062904098, 3, 2, 510101, 100019);
INSERT INTO `dim_ip` VALUES (4391, '112.194.93.114', 1891786098, 3, 2, 510360, 100023);
INSERT INTO `dim_ip` VALUES (4392, '58.220.226.62', 987554366, 3, 11, 510112, 100019);
INSERT INTO `dim_ip` VALUES (4393, '223.104.187.58', 3748182842, 3, 5, 510102, 100022);
INSERT INTO `dim_ip` VALUES (4394, '120.193.177.55', 2025959735, 3, 8, 510310, 100022);
INSERT INTO `dim_ip` VALUES (4395, '111.15.42.62', 1863264830, 3, 12, 510316, 100022);
INSERT INTO `dim_ip` VALUES (4396, '27.222.159.62', 467574590, 3, 12, 510114, 100023);
INSERT INTO `dim_ip` VALUES (4397, '223.104.248.4', 3748198404, 3, 33, 510164, 100022);
INSERT INTO `dim_ip` VALUES (4398, '175.167.128.195', 2946990275, 3, 17, 510155, 100023);
INSERT INTO `dim_ip` VALUES (4399, '117.29.103.224', 1964861408, 3, 18, 510120, 100019);
INSERT INTO `dim_ip` VALUES (4400, '223.104.25.66', 3748141378, 3, 33, 510164, 100022);
INSERT INTO `dim_ip` VALUES (4401, '120.210.168.11', 2027071499, 3, 34, 510330, 100022);
INSERT INTO `dim_ip` VALUES (4402, '113.248.191.207', 1912127439, 3, 33, 510164, 100019);
INSERT INTO `dim_ip` VALUES (4403, '182.245.35.131', 3069518723, 3, 21, 510154, 100019);
INSERT INTO `dim_ip` VALUES (4404, '223.104.177.1', 3748180225, 3, 17, 510204, 100022);
INSERT INTO `dim_ip` VALUES (4405, '223.104.107.137', 3748162441, 3, 25, 510192, 100022);
INSERT INTO `dim_ip` VALUES (4406, '14.106.93.57', 241851705, 3, 33, 510164, 100019);
INSERT INTO `dim_ip` VALUES (4407, '1.196.116.216', 29652184, 3, 16, 510257, 100019);
INSERT INTO `dim_ip` VALUES (4408, '180.175.23.181', 3031373749, 3, 7, 510104, 100019);
INSERT INTO `dim_ip` VALUES (4409, '112.38.40.228', 1881549028, 3, 12, 510284, 100022);
INSERT INTO `dim_ip` VALUES (4410, '1.30.6.97', 18744929, 3, 8, 510119, 100023);
INSERT INTO `dim_ip` VALUES (4411, '117.136.89.191', 1971870143, 3, 20, 510361, 100022);
INSERT INTO `dim_ip` VALUES (4412, '119.251.253.149', 2013003157, 3, 22, 510211, 100023);
INSERT INTO `dim_ip` VALUES (4413, '43.242.152.175', 737319087, 3, 41, 510187, 100023);
INSERT INTO `dim_ip` VALUES (4414, '171.215.3.141', 2882995085, 3, 2, 510170, 100019);
INSERT INTO `dim_ip` VALUES (4415, '122.194.3.63', 2059535167, 3, 11, 510111, 100023);
INSERT INTO `dim_ip` VALUES (4416, '117.136.73.239', 1971866095, 3, 21, 510154, 100022);
INSERT INTO `dim_ip` VALUES (4417, '223.104.186.84', 3748182612, 3, 12, 510313, 100022);
INSERT INTO `dim_ip` VALUES (4418, '221.192.180.162', 3720393890, 3, 22, 510136, 100023);
INSERT INTO `dim_ip` VALUES (4419, '115.58.154.86', 1933220438, 3, 16, 510305, 100023);
INSERT INTO `dim_ip` VALUES (4420, '121.207.222.201', 2043666121, 3, 18, 510120, 100019);
INSERT INTO `dim_ip` VALUES (4421, '114.241.7.41', 1928398633, 3, 5, 510102, 100023);
INSERT INTO `dim_ip` VALUES (4422, '1.68.58.91', 21248603, 3, 25, 510137, 100019);
INSERT INTO `dim_ip` VALUES (4423, '117.136.85.212', 1971869140, 3, 21, 510154, 100022);
INSERT INTO `dim_ip` VALUES (4424, '111.76.96.96', 1867276384, 3, 32, 510362, 100019);
INSERT INTO `dim_ip` VALUES (4425, '112.17.245.14', 1880225038, 3, 13, 510309, 100022);
INSERT INTO `dim_ip` VALUES (4426, '120.239.94.31', 2028953119, 3, 6, 510140, 100022);
INSERT INTO `dim_ip` VALUES (4427, '117.136.94.24', 1971871256, 3, 12, 510114, 100022);
INSERT INTO `dim_ip` VALUES (4428, '117.136.103.61', 1971873597, 3, 34, 510168, 100022);
INSERT INTO `dim_ip` VALUES (4429, '110.153.32.213', 1855529173, 3, 41, 510363, 100019);
INSERT INTO `dim_ip` VALUES (4430, '183.240.20.24', 3085964312, 3, 6, 510103, 100022);
INSERT INTO `dim_ip` VALUES (4431, '220.170.187.171', 3702176683, 3, 20, 510197, 100019);
INSERT INTO `dim_ip` VALUES (4432, '111.113.188.40', 1869724712, 3, 37, 510174, 100019);
INSERT INTO `dim_ip` VALUES (4433, '106.57.126.230', 1782152934, 3, 21, 510154, 100019);
INSERT INTO `dim_ip` VALUES (4434, '112.17.237.239', 1880223215, 3, 13, 510110, 100022);
INSERT INTO `dim_ip` VALUES (4435, '121.224.221.251', 2044780027, 3, 11, 510108, 100019);
INSERT INTO `dim_ip` VALUES (4436, '117.136.63.190', 1971863486, 3, 2, 510101, 100022);
INSERT INTO `dim_ip` VALUES (4437, '42.95.88.239', 710891759, 3, 39, 510183, 100019);
INSERT INTO `dim_ip` VALUES (4438, '111.19.63.93', 1863532381, 3, 9, 510106, 100022);
INSERT INTO `dim_ip` VALUES (4439, '117.136.16.130', 1971851394, 3, 21, 510154, 100022);
INSERT INTO `dim_ip` VALUES (4440, '221.211.135.102', 3721627494, 3, 19, 510261, 100023);
INSERT INTO `dim_ip` VALUES (4441, '113.129.143.77', 1904316237, 3, 12, 510114, 100019);
INSERT INTO `dim_ip` VALUES (4442, '223.104.95.96', 3748159328, 3, 5, 510102, 100022);
INSERT INTO `dim_ip` VALUES (4443, '111.176.170.174', 1873849006, 3, 15, 510324, 100019);
INSERT INTO `dim_ip` VALUES (4444, '110.228.77.9', 1860455689, 3, 22, 510136, 100023);
INSERT INTO `dim_ip` VALUES (4445, '42.93.33.9', 710746377, 3, 39, 510301, 100019);
INSERT INTO `dim_ip` VALUES (4446, '218.84.235.166', 3662998438, 3, 41, 510314, 100019);
INSERT INTO `dim_ip` VALUES (4447, '113.65.39.153', 1900095385, 3, 6, 510140, 100019);
INSERT INTO `dim_ip` VALUES (4448, '60.219.123.177', 1021017009, 3, 19, 510364, 100023);
INSERT INTO `dim_ip` VALUES (4449, '101.19.167.41', 1695786793, 3, 22, 510147, 100023);
INSERT INTO `dim_ip` VALUES (4450, '123.147.246.179', 2073294515, 3, 33, 510164, 100023);
INSERT INTO `dim_ip` VALUES (4451, '123.178.69.202', 2075280842, 3, 8, 510178, 100019);
INSERT INTO `dim_ip` VALUES (4452, '101.64.179.197', 1698739141, 3, 13, 510133, 100023);
INSERT INTO `dim_ip` VALUES (4453, '106.32.251.26', 1780546330, 3, 35, 510237, 100019);
INSERT INTO `dim_ip` VALUES (4454, '60.219.108.116', 1021013108, 3, 19, 510364, 100023);
INSERT INTO `dim_ip` VALUES (4455, '60.5.149.238', 1006999022, 3, 22, 510165, 100023);
INSERT INTO `dim_ip` VALUES (4456, '60.182.107.191', 1018588095, 3, 13, 510236, 100019);
INSERT INTO `dim_ip` VALUES (4457, '221.218.92.59', 3722075195, 3, 5, 510102, 100023);
INSERT INTO `dim_ip` VALUES (4458, '113.251.24.226', 1912281314, 3, 33, 510164, 100019);
INSERT INTO `dim_ip` VALUES (4459, '121.238.163.187', 2045682619, 3, 11, 510108, 100019);
INSERT INTO `dim_ip` VALUES (4460, '111.23.33.99', 1863786851, 3, 20, 510126, 100022);
INSERT INTO `dim_ip` VALUES (4461, '111.113.164.207', 1869718735, 3, 37, 510174, 100019);
INSERT INTO `dim_ip` VALUES (4462, '221.13.63.186', 3708633018, 3, 35, 510237, 100023);
INSERT INTO `dim_ip` VALUES (4463, '171.10.226.179', 2869617331, 3, 16, 510199, 100019);
INSERT INTO `dim_ip` VALUES (4464, '36.102.238.180', 610725556, 3, 13, 510110, 100019);
INSERT INTO `dim_ip` VALUES (4465, '124.160.154.41', 2090900009, 3, 13, 510110, 100023);
INSERT INTO `dim_ip` VALUES (4466, '223.104.24.33', 3748141089, 3, 35, 510171, 100022);
INSERT INTO `dim_ip` VALUES (4467, '14.111.62.241', 242171633, 3, 33, 510164, 100019);
INSERT INTO `dim_ip` VALUES (4468, '114.231.221.122', 1927798138, 3, 11, 510158, 100019);
INSERT INTO `dim_ip` VALUES (4469, '183.5.197.8', 3070608648, 3, 6, 510140, 100019);
INSERT INTO `dim_ip` VALUES (4470, '1.27.156.225', 18586849, 3, 8, 510294, 100023);
INSERT INTO `dim_ip` VALUES (4471, '222.138.46.145', 3733597841, 3, 16, 510196, 100023);
INSERT INTO `dim_ip` VALUES (4472, '223.104.248.7', 3748198407, 3, 33, 510164, 100022);
INSERT INTO `dim_ip` VALUES (4473, '106.57.100.93', 1782146141, 3, 21, 510154, 100019);
INSERT INTO `dim_ip` VALUES (4474, '117.136.103.206', 1971873742, 3, 34, 510168, 100022);
INSERT INTO `dim_ip` VALUES (4475, '61.51.156.104', 1026792552, 3, 5, 510102, 100023);
INSERT INTO `dim_ip` VALUES (4476, '61.158.149.173', 1033803181, 3, 16, 510257, 100023);
INSERT INTO `dim_ip` VALUES (4477, '182.144.85.151', 3062912407, 3, 2, 510101, 100019);
INSERT INTO `dim_ip` VALUES (4478, '117.136.73.136', 1971865992, 3, 21, 510154, 100022);
INSERT INTO `dim_ip` VALUES (4479, '61.150.114.221', 1033269981, 3, 9, 510289, 100019);
INSERT INTO `dim_ip` VALUES (4480, '223.104.186.130', 3748182658, 3, 12, 510313, 100022);
INSERT INTO `dim_ip` VALUES (4481, '119.187.7.38', 2008745766, 3, 12, 510123, 100023);
INSERT INTO `dim_ip` VALUES (4482, '117.36.174.72', 1965338184, 3, 9, 510289, 100019);
INSERT INTO `dim_ip` VALUES (4483, '106.61.12.45', 1782385709, 3, 21, 510154, 100019);
INSERT INTO `dim_ip` VALUES (4484, '175.167.146.182', 2946994870, 3, 17, 510155, 100023);
INSERT INTO `dim_ip` VALUES (4485, '36.45.28.254', 606936318, 3, 9, 510106, 100019);
INSERT INTO `dim_ip` VALUES (4486, '106.8.243.149', 1778971541, 3, 22, 510211, 100019);
INSERT INTO `dim_ip` VALUES (4487, '117.136.99.60', 1971872572, 3, 5, 510102, 100022);
INSERT INTO `dim_ip` VALUES (4488, '101.30.57.233', 1696479721, 3, 22, 510131, 100023);
INSERT INTO `dim_ip` VALUES (4489, '117.136.45.103', 1971858791, 3, 11, 510111, 100022);
INSERT INTO `dim_ip` VALUES (4490, '101.248.201.64', 1710803264, 3, 46, 510365, 100019);
INSERT INTO `dim_ip` VALUES (4491, '223.104.90.30', 3748157982, 3, 30, 510338, 100022);
INSERT INTO `dim_ip` VALUES (4492, '116.247.95.170', 1962368938, 3, 7, 510104, 100019);
INSERT INTO `dim_ip` VALUES (4493, '117.174.94.67', 1974361667, 3, 2, 510101, 100022);
INSERT INTO `dim_ip` VALUES (4494, '60.220.126.77', 1021083213, 3, 25, 510328, 100023);
INSERT INTO `dim_ip` VALUES (4495, '220.181.38.110', 3702859374, 3, 5, 510102, 100019);
INSERT INTO `dim_ip` VALUES (4496, '117.136.64.56', 1971863608, 3, 2, 510101, 100022);
INSERT INTO `dim_ip` VALUES (4497, '183.225.228.195', 3085034691, 3, 21, 510128, 100022);
INSERT INTO `dim_ip` VALUES (4498, '111.19.121.27', 1863547163, 3, 9, 510366, 100022);
INSERT INTO `dim_ip` VALUES (4499, '122.226.185.112', 2061678960, 3, 13, 510221, 100019);
INSERT INTO `dim_ip` VALUES (4500, '117.136.63.145', 1971863441, 3, 2, 510101, 100022);
INSERT INTO `dim_ip` VALUES (4501, '113.251.52.185', 1912288441, 3, 33, 510164, 100019);
INSERT INTO `dim_ip` VALUES (4502, '116.226.29.213', 1960975829, 3, 7, 510104, 100019);
INSERT INTO `dim_ip` VALUES (4503, '121.15.36.125', 2031035517, 3, 6, 510125, 100019);
INSERT INTO `dim_ip` VALUES (4504, '106.91.49.212', 1784361428, 3, 33, 510164, 100019);
INSERT INTO `dim_ip` VALUES (4505, '123.146.162.57', 2073207353, 3, 33, 510164, 100023);
INSERT INTO `dim_ip` VALUES (4506, '36.5.54.80', 604321360, 3, 34, 510168, 100019);
INSERT INTO `dim_ip` VALUES (4507, '117.136.62.188', 1971863228, 3, 2, 510101, 100022);
INSERT INTO `dim_ip` VALUES (4508, '111.194.46.210', 1874996946, 3, 5, 510102, 100023);
INSERT INTO `dim_ip` VALUES (4509, '183.131.162.151', 3078857367, 3, 13, 510133, 100019);
INSERT INTO `dim_ip` VALUES (4510, '110.156.209.246', 1855771126, 3, 41, 510187, 100019);
INSERT INTO `dim_ip` VALUES (4511, '114.242.249.97', 1928526177, 3, 5, 510102, 100023);
INSERT INTO `dim_ip` VALUES (4512, '120.68.21.18', 2017727762, 3, 41, 510210, 100019);
INSERT INTO `dim_ip` VALUES (4513, '183.2.90.42', 3070384682, 3, 6, 510217, 100019);
INSERT INTO `dim_ip` VALUES (4514, '117.136.25.206', 1971853774, 3, 9, 510106, 100022);
INSERT INTO `dim_ip` VALUES (4515, '117.136.38.62', 1971856958, 3, 5, 510102, 100022);
INSERT INTO `dim_ip` VALUES (4516, '120.229.230.110', 2028332654, 3, 5, 510102, 100022);
INSERT INTO `dim_ip` VALUES (4517, '183.197.139.242', 3083176946, 3, 22, 510185, 100022);
INSERT INTO `dim_ip` VALUES (4518, '112.8.215.125', 1879627645, 3, 12, 510116, 100022);
INSERT INTO `dim_ip` VALUES (4519, '218.88.127.108', 3663232876, 3, 2, 510101, 100019);
INSERT INTO `dim_ip` VALUES (4520, '110.184.65.217', 1857569241, 3, 2, 510101, 100019);
INSERT INTO `dim_ip` VALUES (4521, '14.120.102.188', 242771644, 3, 6, 510103, 100019);
INSERT INTO `dim_ip` VALUES (4522, '114.249.141.129', 1928957313, 3, 5, 510102, 100023);
INSERT INTO `dim_ip` VALUES (4523, '117.61.162.180', 1966973620, 3, 11, 510111, 100019);
INSERT INTO `dim_ip` VALUES (4524, '111.41.148.176', 1864996016, 3, 19, 510124, 100022);
INSERT INTO `dim_ip` VALUES (4525, '116.1.6.41', 1946224169, 3, 30, 510332, 100019);
INSERT INTO `dim_ip` VALUES (4526, '223.104.12.134', 3748138118, 3, 21, 510154, 100022);
INSERT INTO `dim_ip` VALUES (4527, '223.104.3.208', 3748135888, 3, 5, 510102, 100022);
INSERT INTO `dim_ip` VALUES (4528, '124.114.234.174', 2087905966, 3, 9, 510106, 100019);
INSERT INTO `dim_ip` VALUES (4529, '171.44.82.29', 2871808541, 3, 15, 510262, 100019);
INSERT INTO `dim_ip` VALUES (4530, '182.109.167.195', 3060639683, 3, 32, 510302, 100019);
INSERT INTO `dim_ip` VALUES (4531, '119.117.27.94', 2004163422, 3, 17, 510367, 100023);
INSERT INTO `dim_ip` VALUES (4532, '43.250.201.28', 737855772, 3, 20, 510126, 100023);
INSERT INTO `dim_ip` VALUES (4533, '61.158.147.32', 1033802528, 3, 16, 510257, 100023);
INSERT INTO `dim_ip` VALUES (4534, '116.54.110.213', 1949724373, 3, 21, 510154, 100019);
INSERT INTO `dim_ip` VALUES (4535, '111.199.188.7', 1875360775, 3, 5, 510102, 100023);
INSERT INTO `dim_ip` VALUES (4536, '119.4.254.17', 1996815889, 3, 2, 510101, 100023);
INSERT INTO `dim_ip` VALUES (4537, '27.18.227.120', 454222712, 3, 15, 510115, 100019);
INSERT INTO `dim_ip` VALUES (4538, '117.136.4.174', 1971848366, 3, 25, 510137, 100022);
INSERT INTO `dim_ip` VALUES (4539, '221.223.199.219', 3722430427, 3, 5, 510102, 100023);
INSERT INTO `dim_ip` VALUES (4540, '171.217.44.71', 2883136583, 3, 2, 510101, 100019);
INSERT INTO `dim_ip` VALUES (4541, '123.115.137.56', 2071169336, 3, 5, 510102, 100023);
INSERT INTO `dim_ip` VALUES (4542, '223.72.71.224', 3746056160, 3, 5, 510102, 100022);
INSERT INTO `dim_ip` VALUES (4543, '111.58.49.123', 1866084731, 3, 30, 510258, 100022);
INSERT INTO `dim_ip` VALUES (4544, '223.104.105.16', 3748161808, 3, 5, 510102, 100022);
INSERT INTO `dim_ip` VALUES (4545, '223.104.210.217', 3748188889, 3, 5, 510102, 100022);
INSERT INTO `dim_ip` VALUES (4546, '171.212.208.174', 2882850990, 3, 2, 510101, 100019);
INSERT INTO `dim_ip` VALUES (4547, '171.217.59.195', 2883140547, 3, 2, 510101, 100019);
INSERT INTO `dim_ip` VALUES (4548, '106.108.2.238', 1785463534, 3, 35, 510171, 100019);
INSERT INTO `dim_ip` VALUES (4549, '112.51.59.162', 1882405794, 3, 13, 510110, 100022);
INSERT INTO `dim_ip` VALUES (4550, '223.72.97.140', 3746062732, 3, 5, 510102, 100022);
INSERT INTO `dim_ip` VALUES (4551, '182.149.164.217', 3063260377, 3, 2, 510101, 100019);
INSERT INTO `dim_ip` VALUES (4552, '42.100.12.243', 711199987, 3, 19, 510124, 100019);
INSERT INTO `dim_ip` VALUES (4553, '115.171.63.33', 1940602657, 3, 5, 510102, 100019);
INSERT INTO `dim_ip` VALUES (4554, '27.154.27.61', 463084349, 3, 18, 510129, 100019);
INSERT INTO `dim_ip` VALUES (4555, '182.88.44.15', 3059231759, 3, 30, 510150, 100023);
INSERT INTO `dim_ip` VALUES (4556, '222.209.158.119', 3738279543, 3, 2, 510101, 100019);
INSERT INTO `dim_ip` VALUES (4557, '115.171.61.160', 1940602272, 3, 5, 510102, 100019);
INSERT INTO `dim_ip` VALUES (4558, '117.174.86.107', 1974359659, 3, 2, 510101, 100022);
INSERT INTO `dim_ip` VALUES (4559, '49.71.243.128', 826798976, 3, 11, 510368, 100019);
INSERT INTO `dim_ip` VALUES (4560, '171.11.3.166', 2869625766, 3, 16, 510199, 100019);
INSERT INTO `dim_ip` VALUES (4561, '117.136.16.34', 1971851298, 3, 21, 510154, 100022);
INSERT INTO `dim_ip` VALUES (4562, '171.221.144.68', 2883424324, 3, 2, 510101, 100019);
INSERT INTO `dim_ip` VALUES (4563, '117.172.8.138', 1974208650, 3, 2, 510101, 100022);
INSERT INTO `dim_ip` VALUES (4564, '61.50.98.182', 1026712246, 3, 5, 510102, 100023);
INSERT INTO `dim_ip` VALUES (4565, '223.104.19.47', 3748139823, 3, 16, 510199, 100022);
INSERT INTO `dim_ip` VALUES (4566, '121.58.13.62', 2033847614, 3, 29, 510146, 100019);
INSERT INTO `dim_ip` VALUES (4567, '117.136.83.37', 1971868453, 3, 5, 510102, 100022);
INSERT INTO `dim_ip` VALUES (4568, '36.102.212.219', 610718939, 3, 13, 510110, 100019);
INSERT INTO `dim_ip` VALUES (4569, '42.90.132.67', 710575171, 3, 39, 510250, 100019);
INSERT INTO `dim_ip` VALUES (4570, '180.130.10.216', 3028421336, 3, 21, 510154, 100023);
INSERT INTO `dim_ip` VALUES (4571, '36.149.131.138', 613778314, 3, 5, 510102, 100022);
INSERT INTO `dim_ip` VALUES (4572, '42.90.134.229', 710575845, 3, 39, 510250, 100019);
INSERT INTO `dim_ip` VALUES (4573, '210.22.82.231', 3524678375, 3, 7, 510104, 100023);
INSERT INTO `dim_ip` VALUES (4574, '111.194.48.120', 1874997368, 3, 5, 510102, 100023);
INSERT INTO `dim_ip` VALUES (4575, '218.59.237.224', 3661360608, 3, 12, 510122, 100023);
INSERT INTO `dim_ip` VALUES (4576, '182.130.215.187', 3062028219, 3, 2, 510194, 100019);
INSERT INTO `dim_ip` VALUES (4577, '111.10.98.103', 1862951527, 3, 33, 510164, 100022);
INSERT INTO `dim_ip` VALUES (4578, '113.249.242.90', 1912205914, 3, 33, 510164, 100019);
INSERT INTO `dim_ip` VALUES (4579, '58.221.131.94', 987595614, 3, 11, 510158, 100019);
INSERT INTO `dim_ip` VALUES (4580, '1.204.230.74', 30205514, 3, 35, 510171, 100019);
INSERT INTO `dim_ip` VALUES (4581, '182.149.165.173', 3063260589, 3, 2, 510101, 100019);
INSERT INTO `dim_ip` VALUES (4582, '182.149.156.203', 3063258315, 3, 2, 510101, 100019);
INSERT INTO `dim_ip` VALUES (4583, '140.206.89.54', 2362333494, 3, 7, 510104, 100023);
INSERT INTO `dim_ip` VALUES (4584, '39.158.203.168', 664718248, 3, 32, 510243, 100022);
INSERT INTO `dim_ip` VALUES (4585, '218.63.205.251', 3661614587, 3, 21, 510263, 100019);
INSERT INTO `dim_ip` VALUES (4586, '218.26.54.87', 3659150935, 3, 25, 510137, 100023);
INSERT INTO `dim_ip` VALUES (4587, '113.15.142.149', 1896844949, 3, 30, 510269, 100019);
INSERT INTO `dim_ip` VALUES (4588, '113.57.247.8', 1899624200, 3, 15, 510115, 100023);
INSERT INTO `dim_ip` VALUES (4589, '110.184.40.229', 1857562853, 3, 2, 510101, 100019);
INSERT INTO `dim_ip` VALUES (4590, '223.150.145.231', 3751186919, 3, 20, 510361, 100019);
INSERT INTO `dim_ip` VALUES (4591, '110.167.197.170', 1856488874, 3, 40, 510186, 100019);
INSERT INTO `dim_ip` VALUES (4592, '218.94.43.98', 3663604578, 3, 11, 510111, 100019);
INSERT INTO `dim_ip` VALUES (4593, '117.136.95.216', 1971871704, 3, 12, 510109, 100022);
INSERT INTO `dim_ip` VALUES (4594, '117.136.0.148', 1971847316, 3, 5, 510102, 100022);
INSERT INTO `dim_ip` VALUES (4595, '153.37.196.154', 2569389210, 3, 11, 510111, 100023);
INSERT INTO `dim_ip` VALUES (4596, '218.17.86.254', 3658569470, 3, 6, 510125, 100019);
INSERT INTO `dim_ip` VALUES (4597, '106.121.6.174', 1786316462, 3, 5, 510102, 100019);
INSERT INTO `dim_ip` VALUES (4598, '223.104.3.135', 3748135815, 3, 5, 510102, 100022);
INSERT INTO `dim_ip` VALUES (4599, '49.119.243.152', 829944728, 3, 41, 510210, 100019);
INSERT INTO `dim_ip` VALUES (4600, '36.110.10.246', 611191542, 3, 5, 510102, 100019);
INSERT INTO `dim_ip` VALUES (4601, '171.221.146.87', 2883424855, 3, 2, 510101, 100019);
INSERT INTO `dim_ip` VALUES (4602, '117.139.10.237', 1972046573, 3, 2, 510101, 100022);
INSERT INTO `dim_ip` VALUES (4603, '223.85.218.138', 3746945674, 3, 2, 510101, 100022);
INSERT INTO `dim_ip` VALUES (4604, '113.44.90.17', 1898732049, 3, 5, 510102, 100020);
INSERT INTO `dim_ip` VALUES (4605, '181.188.208.147', 3049050259, 13, 49, 510369, -9);
INSERT INTO `dim_ip` VALUES (4606, '125.118.102.173', 2104911533, 3, 13, 510110, 100019);
INSERT INTO `dim_ip` VALUES (4607, '140.243.52.205', 2364749005, 3, 18, 510120, 100019);
INSERT INTO `dim_ip` VALUES (4608, '117.136.40.218', 1971857626, 3, 6, 510125, 100022);
INSERT INTO `dim_ip` VALUES (4609, '117.139.10.214', 1972046550, 3, 2, 510101, 100022);
INSERT INTO `dim_ip` VALUES (4610, '171.210.186.90', 2882714202, 3, 2, 510101, 100019);
INSERT INTO `dim_ip` VALUES (4611, '121.57.223.89', 2033835865, 3, 8, 510294, 100019);
INSERT INTO `dim_ip` VALUES (4612, '223.255.127.161', 3758063521, 3, 5, 510102, 100020);
INSERT INTO `dim_ip` VALUES (4613, '220.197.208.206', 3703951566, 3, 35, 510171, 100023);
INSERT INTO `dim_ip` VALUES (4614, '223.87.245.224', 3747083744, 3, 2, 510101, 100022);
INSERT INTO `dim_ip` VALUES (4615, '106.61.41.185', 1782393273, 3, 21, 510154, 100019);
INSERT INTO `dim_ip` VALUES (4616, '45.32.43.224', 757083104, 4, 24, 510135, -9);
INSERT INTO `dim_ip` VALUES (4617, '119.4.253.49', 1996815665, 3, 2, 510101, 100023);
INSERT INTO `dim_ip` VALUES (4618, '223.104.24.43', 3748141099, 3, 35, 510171, 100022);
INSERT INTO `dim_ip` VALUES (4619, '171.9.46.178', 2869505714, 3, 16, 510196, 100019);
INSERT INTO `dim_ip` VALUES (4620, '171.221.138.38', 2883422758, 3, 2, 510101, 100019);
INSERT INTO `dim_ip` VALUES (4621, '61.148.244.146', 1033172114, 3, 5, 510102, 100023);
INSERT INTO `dim_ip` VALUES (4622, '118.247.184.71', 1995946055, 3, 5, 510102, 100020);
INSERT INTO `dim_ip` VALUES (4623, '111.29.137.163', 1864206755, 3, 5, 510102, 100022);
INSERT INTO `dim_ip` VALUES (4624, '221.222.120.13', 3722344461, 3, 5, 510102, 100023);
INSERT INTO `dim_ip` VALUES (4625, '36.186.139.104', 616205160, 3, 5, 510102, 100022);
INSERT INTO `dim_ip` VALUES (4626, '42.90.193.215', 710590935, 3, 39, 510293, 100019);
INSERT INTO `dim_ip` VALUES (4627, '183.224.16.163', 3084914851, 3, 21, 510154, 100022);
INSERT INTO `dim_ip` VALUES (4628, '117.136.67.201', 1971864521, 3, 11, 510108, 100022);
INSERT INTO `dim_ip` VALUES (4629, '117.136.56.250', 1971861754, 3, 19, 510370, 100022);
INSERT INTO `dim_ip` VALUES (4630, '113.45.44.159', 1898785951, 3, 5, 510102, 100020);
INSERT INTO `dim_ip` VALUES (4631, '124.65.158.242', 2084675314, 3, 5, 510102, 100023);
INSERT INTO `dim_ip` VALUES (4632, '61.149.20.206', 1033180366, 3, 5, 510102, 100023);
INSERT INTO `dim_ip` VALUES (4633, '36.110.36.82', 611198034, 3, 5, 510102, 100019);
INSERT INTO `dim_ip` VALUES (4634, '115.231.149.196', 1944556996, 3, 13, 510221, 100019);
INSERT INTO `dim_ip` VALUES (4635, '117.164.114.144', 1973711504, 3, 32, 510169, 100022);
INSERT INTO `dim_ip` VALUES (4636, '211.100.230.50', 3546605106, 3, 5, 510102, 100020);
INSERT INTO `dim_ip` VALUES (4637, '223.104.186.147', 3748182675, 3, 12, 510313, 100022);
INSERT INTO `dim_ip` VALUES (4638, '54.241.6.180', 921765556, 5, 26, 510138, -9);
INSERT INTO `dim_ip` VALUES (4639, '1.80.144.242', 22057202, 3, 9, 510106, 100019);
INSERT INTO `dim_ip` VALUES (4640, '223.104.3.150', 3748135830, 3, 5, 510102, 100022);
INSERT INTO `dim_ip` VALUES (4641, '223.104.3.250', 3748135930, 3, 5, 510102, 100022);
INSERT INTO `dim_ip` VALUES (4642, '114.242.248.18', 1928525842, 3, 5, 510102, 100023);
INSERT INTO `dim_ip` VALUES (4643, '113.140.59.72', 1905015624, 3, 9, 510180, 100019);
INSERT INTO `dim_ip` VALUES (4644, '61.49.108.103', 1026649191, 3, 5, 510102, 100023);
INSERT INTO `dim_ip` VALUES (4645, '113.128.76.62', 1904233534, 3, 12, 510114, 100019);
INSERT INTO `dim_ip` VALUES (4646, '180.152.179.87', 3029906263, 3, 7, 510104, 100019);
INSERT INTO `dim_ip` VALUES (4647, '183.45.172.71', 3073223751, 3, 6, 510371, 100019);
INSERT INTO `dim_ip` VALUES (4648, '175.19.141.162', 2937294242, 3, 43, 510189, 100023);
INSERT INTO `dim_ip` VALUES (4649, '114.242.250.31', 1928526367, 3, 5, 510102, 100023);
INSERT INTO `dim_ip` VALUES (4650, '113.129.229.214', 1904338390, 3, 12, 510114, 100019);
INSERT INTO `dim_ip` VALUES (4651, '117.136.2.143', 1971847823, 3, 22, 510147, 100022);
INSERT INTO `dim_ip` VALUES (4652, '117.136.24.151', 1971853463, 3, 20, 510126, 100022);
INSERT INTO `dim_ip` VALUES (4653, '117.136.0.194', 1971847362, 3, 5, 510102, 100022);
INSERT INTO `dim_ip` VALUES (4654, '61.133.217.12', 1032182028, 3, 37, 510174, 100019);
INSERT INTO `dim_ip` VALUES (4655, '171.210.233.61', 2882726205, 3, 2, 510101, 100019);
INSERT INTO `dim_ip` VALUES (4656, '111.194.51.18', 1874998034, 3, 5, 510102, 100023);
INSERT INTO `dim_ip` VALUES (4657, '117.36.175.83', 1965338451, 3, 9, 510289, 100019);
INSERT INTO `dim_ip` VALUES (4658, '223.104.95.112', 3748159344, 3, 5, 510102, 100022);
INSERT INTO `dim_ip` VALUES (4659, '36.101.196.55', 610649143, 3, 29, 510146, 100019);
INSERT INTO `dim_ip` VALUES (4660, '221.199.90.2', 3720829442, 3, 37, 510174, 100023);
INSERT INTO `dim_ip` VALUES (4661, '117.136.4.113', 1971848305, 3, 25, 510137, 100022);
INSERT INTO `dim_ip` VALUES (4662, '223.91.10.182', 3747285686, 3, 16, 510148, 100022);
INSERT INTO `dim_ip` VALUES (4663, '1.183.93.43', 28794155, 3, 8, 510178, 100019);
INSERT INTO `dim_ip` VALUES (4664, '223.72.81.212', 3746058708, 3, 5, 510102, 100022);
INSERT INTO `dim_ip` VALUES (4665, '183.198.255.69', 3083272005, 3, 22, 510136, 100022);
INSERT INTO `dim_ip` VALUES (4666, '111.196.212.147', 1875170451, 3, 5, 510102, 100023);
INSERT INTO `dim_ip` VALUES (4667, '139.207.149.133', 2345637253, 3, 2, 510101, 100019);
INSERT INTO `dim_ip` VALUES (4668, '171.221.141.146', 2883423634, 3, 2, 510101, 100019);
INSERT INTO `dim_ip` VALUES (4669, '14.131.18.111', 243470959, 3, 5, 510102, 100020);
INSERT INTO `dim_ip` VALUES (4670, '221.216.174.129', 3721965185, 3, 5, 510102, 100023);
INSERT INTO `dim_ip` VALUES (4671, '123.97.25.73', 2069961033, 3, 13, 510221, 100019);
INSERT INTO `dim_ip` VALUES (4672, '223.104.20.232', 3748140264, 3, 15, 510115, 100022);
INSERT INTO `dim_ip` VALUES (4673, '112.96.115.213', 1885369301, 3, 6, 510140, 100023);
INSERT INTO `dim_ip` VALUES (4674, '182.97.242.114', 3059872370, 3, 32, 510169, 100019);
INSERT INTO `dim_ip` VALUES (4675, '171.220.189.149', 2883370389, 3, 2, 510292, 100019);
INSERT INTO `dim_ip` VALUES (4676, '220.187.64.116', 3703259252, 3, 13, 510133, 100019);
INSERT INTO `dim_ip` VALUES (4677, '139.207.59.240', 2345614320, 3, 2, 510101, 100019);
INSERT INTO `dim_ip` VALUES (4678, '223.90.74.68', 3747236420, 3, 16, 510156, 100022);
INSERT INTO `dim_ip` VALUES (4679, '118.116.19.141', 1987318669, 3, 2, 510101, 100019);
INSERT INTO `dim_ip` VALUES (4680, '182.97.212.186', 3059864762, 3, 32, 510169, 100019);
INSERT INTO `dim_ip` VALUES (4681, '118.247.239.240', 1995960304, 3, 5, 510102, 100020);
INSERT INTO `dim_ip` VALUES (4682, '113.44.86.210', 1898731218, 3, 5, 510102, 100020);
INSERT INTO `dim_ip` VALUES (4683, '110.152.186.13', 1855502861, 3, 41, 510187, 100019);
INSERT INTO `dim_ip` VALUES (4684, '171.210.18.77', 2882671181, 3, 2, 510101, 100019);
INSERT INTO `dim_ip` VALUES (4685, '223.91.199.55', 3747333943, 3, 16, 510303, 100022);
INSERT INTO `dim_ip` VALUES (4686, '221.219.249.3', 3722180867, 3, 5, 510102, 100023);
INSERT INTO `dim_ip` VALUES (4687, '1.183.25.43', 28776747, 3, 8, 510119, 100019);
INSERT INTO `dim_ip` VALUES (4688, '61.148.244.240', 1033172208, 3, 5, 510102, 100023);
INSERT INTO `dim_ip` VALUES (4689, '117.191.163.157', 1975493533, 3, 41, 510230, 100022);
INSERT INTO `dim_ip` VALUES (4690, '61.148.243.184', 1033171896, 3, 5, 510102, 100023);
INSERT INTO `dim_ip` VALUES (4691, '124.204.199.7', 2093795079, 3, 5, 510102, 100020);
INSERT INTO `dim_ip` VALUES (4692, '117.136.63.169', 1971863465, 3, 2, 510101, 100022);
INSERT INTO `dim_ip` VALUES (4693, '117.136.0.244', 1971847412, 3, 5, 510102, 100022);
INSERT INTO `dim_ip` VALUES (4694, '49.118.135.255', 829851647, 3, 41, 510187, 100019);
INSERT INTO `dim_ip` VALUES (4695, '223.104.3.224', 3748135904, 3, 5, 510102, 100022);
INSERT INTO `dim_ip` VALUES (4696, '183.197.139.180', 3083176884, 3, 22, 510185, 100022);
INSERT INTO `dim_ip` VALUES (4697, '110.190.139.78', 1857981262, 3, 2, 510226, 100019);
INSERT INTO `dim_ip` VALUES (4698, '106.121.69.187', 1786332603, 3, 5, 510102, 100019);
INSERT INTO `dim_ip` VALUES (4699, '223.85.219.98', 3746945890, 3, 2, 510101, 100022);
INSERT INTO `dim_ip` VALUES (4700, '223.104.108.39', 3748162599, 3, 25, 510192, 100022);
INSERT INTO `dim_ip` VALUES (4701, '42.202.155.62', 717921086, 3, 17, 510204, 100019);
INSERT INTO `dim_ip` VALUES (4702, '39.189.50.34', 666710562, 3, 13, 510309, 100022);
INSERT INTO `dim_ip` VALUES (4703, '110.156.211.60', 1855771452, 3, 41, 510187, 100019);
INSERT INTO `dim_ip` VALUES (4704, '1.82.229.24', 22209816, 3, 9, 510180, 100019);
INSERT INTO `dim_ip` VALUES (4705, '125.69.123.49', 2101705521, 3, 2, 510101, 100019);
INSERT INTO `dim_ip` VALUES (4706, '182.144.174.34', 3062935074, 3, 2, 510101, 100019);
INSERT INTO `dim_ip` VALUES (4707, '117.136.66.22', 1971864086, 3, 11, 510158, 100022);
INSERT INTO `dim_ip` VALUES (4708, '119.57.70.226', 2000242402, 3, 5, 510102, 100031);
INSERT INTO `dim_ip` VALUES (4709, '110.6.158.197', 1845927621, 3, 8, 510105, 100023);
INSERT INTO `dim_ip` VALUES (4710, '117.135.227.61', 1971839805, 3, 35, 510272, 100022);
INSERT INTO `dim_ip` VALUES (4711, '112.66.10.210', 1883376338, 3, 29, 510200, 100019);
INSERT INTO `dim_ip` VALUES (4712, '119.5.33.113', 1996824945, 3, 2, 510348, 100023);
INSERT INTO `dim_ip` VALUES (4713, '125.69.40.125', 2101684349, 3, 2, 510101, 100019);
INSERT INTO `dim_ip` VALUES (4714, '101.206.167.135', 1708042119, 3, 2, 510101, 100023);
INSERT INTO `dim_ip` VALUES (4715, '223.85.219.171', 3746945963, 3, 2, 510101, 100022);
INSERT INTO `dim_ip` VALUES (4716, '171.217.47.137', 2883137417, 3, 2, 510101, 100019);
INSERT INTO `dim_ip` VALUES (4717, '171.210.32.6', 2882674694, 3, 2, 510101, 100019);
INSERT INTO `dim_ip` VALUES (4718, '171.215.67.220', 2883011548, 3, 2, 510139, 100019);
INSERT INTO `dim_ip` VALUES (4719, '221.217.55.11', 3722000139, 3, 5, 510102, 100023);
INSERT INTO `dim_ip` VALUES (4720, '121.227.59.22', 2044934934, 3, 11, 510108, 100019);
INSERT INTO `dim_ip` VALUES (4721, '222.129.33.222', 3733004766, 3, 5, 510102, 100023);
INSERT INTO `dim_ip` VALUES (4722, '117.136.46.69', 1971859013, 3, 11, 510111, 100022);
INSERT INTO `dim_ip` VALUES (4723, '61.49.231.120', 1026680696, 3, 5, 510102, 100023);
INSERT INTO `dim_ip` VALUES (4724, '118.72.240.225', 1984491745, 3, 25, 510311, 100023);
INSERT INTO `dim_ip` VALUES (4725, '113.2.34.128', 1895965312, 3, 19, 510329, 100023);
INSERT INTO `dim_ip` VALUES (4726, '116.114.23.35', 1953634083, 3, 8, 510119, 100023);
INSERT INTO `dim_ip` VALUES (4727, '47.74.35.42', 793387818, 5, 26, 510138, -9);
INSERT INTO `dim_ip` VALUES (4728, '61.148.243.124', 1033171836, 3, 5, 510102, 100023);
INSERT INTO `dim_ip` VALUES (4729, '112.116.105.14', 1886677262, 3, 21, 510205, 100019);
INSERT INTO `dim_ip` VALUES (4730, '121.35.181.60', 2032383292, 3, 6, 510125, 100019);
INSERT INTO `dim_ip` VALUES (4731, '218.26.55.120', 3659151224, 3, 25, 510216, 100023);
INSERT INTO `dim_ip` VALUES (4732, '117.136.0.227', 1971847395, 3, 5, 510102, 100022);
INSERT INTO `dim_ip` VALUES (4733, '221.178.239.219', 3719491547, 3, 11, 510242, 100022);
INSERT INTO `dim_ip` VALUES (4734, '171.210.216.182', 2882721974, 3, 2, 510101, 100019);
INSERT INTO `dim_ip` VALUES (4735, '111.26.33.210', 1863983570, 3, 43, 510191, 100022);
INSERT INTO `dim_ip` VALUES (4736, '42.102.192.230', 711377126, 3, 19, 510261, 100019);
INSERT INTO `dim_ip` VALUES (4737, '110.184.67.72', 1857569608, 3, 2, 510101, 100019);
INSERT INTO `dim_ip` VALUES (4738, '218.88.125.245', 3663232501, 3, 2, 510101, 100019);
INSERT INTO `dim_ip` VALUES (4739, '171.221.133.72', 2883421512, 3, 2, 510101, 100019);
INSERT INTO `dim_ip` VALUES (4740, '171.212.138.173', 2882833069, 3, 2, 510101, 100019);
INSERT INTO `dim_ip` VALUES (4741, '119.4.253.235', 1996815851, 3, 2, 510101, 100023);
INSERT INTO `dim_ip` VALUES (4742, '117.136.14.224', 1971850976, 3, 30, 510332, 100022);
INSERT INTO `dim_ip` VALUES (4743, '115.62.29.31', 1933450527, 3, 16, 510151, 100023);
INSERT INTO `dim_ip` VALUES (4744, '113.247.77.23', 1912032535, 3, 20, 510126, 100019);
INSERT INTO `dim_ip` VALUES (4745, '117.136.79.174', 1971867566, 3, 6, 510140, 100022);
INSERT INTO `dim_ip` VALUES (4746, '221.13.63.62', 3708632894, 3, 35, 510237, 100023);
INSERT INTO `dim_ip` VALUES (4747, '112.2.52.254', 1879192830, 3, 11, 510345, 100022);
INSERT INTO `dim_ip` VALUES (4748, '223.104.3.206', 3748135886, 3, 5, 510102, 100022);
INSERT INTO `dim_ip` VALUES (4749, '139.207.150.82', 2345637458, 3, 2, 510101, 100019);
INSERT INTO `dim_ip` VALUES (4750, '223.104.24.105', 3748141161, 3, 35, 510171, 100022);
INSERT INTO `dim_ip` VALUES (4751, '223.85.219.176', 3746945968, 3, 2, 510101, 100022);
INSERT INTO `dim_ip` VALUES (4752, '223.90.161.208', 3747258832, 3, 16, 510199, 100022);
INSERT INTO `dim_ip` VALUES (4753, '113.45.127.194', 1898807234, 3, 5, 510102, 100020);
INSERT INTO `dim_ip` VALUES (4754, '210.35.171.78', 3525552974, 3, 32, 510169, 100034);
INSERT INTO `dim_ip` VALUES (4755, '115.171.61.226', 1940602338, 3, 5, 510102, 100019);
INSERT INTO `dim_ip` VALUES (4756, '1.31.126.208', 18841296, 3, 8, 510178, 100023);
INSERT INTO `dim_ip` VALUES (4757, '112.41.159.40', 1881775912, 3, 7, 510104, 100022);
INSERT INTO `dim_ip` VALUES (4758, '118.247.154.83', 1995938387, 3, 5, 510102, 100020);
INSERT INTO `dim_ip` VALUES (4759, '117.157.56.91', 1973237851, 3, 5, 510102, 100022);
INSERT INTO `dim_ip` VALUES (4760, '223.104.105.240', 3748162032, 3, 5, 510102, 100022);
INSERT INTO `dim_ip` VALUES (4761, '47.74.35.58', 793387834, 5, 26, 510138, -9);
INSERT INTO `dim_ip` VALUES (4762, '171.214.213.144', 2882983312, 3, 2, 510101, 100019);
INSERT INTO `dim_ip` VALUES (4763, '171.217.63.226', 2883141602, 3, 2, 510101, 100019);
INSERT INTO `dim_ip` VALUES (4764, '59.37.12.140', 992283788, 3, 6, 510125, 100019);
INSERT INTO `dim_ip` VALUES (4765, '139.214.144.54', 2346094646, 3, 43, 510191, 100023);
INSERT INTO `dim_ip` VALUES (4766, '43.224.53.42', 736113962, 3, 41, 510252, 100023);
INSERT INTO `dim_ip` VALUES (4767, '223.96.89.230', 3747633638, 3, 12, 510167, 100022);
INSERT INTO `dim_ip` VALUES (4768, '139.207.82.90', 2345620058, 3, 2, 510101, 100019);
INSERT INTO `dim_ip` VALUES (4769, '223.66.216.217', 3745700057, 3, 11, 510158, 100022);
INSERT INTO `dim_ip` VALUES (4770, '117.136.71.225', 1971865569, 3, 21, 510154, 100022);
INSERT INTO `dim_ip` VALUES (4771, '112.66.165.66', 1883415874, 3, 29, 510200, 100019);
INSERT INTO `dim_ip` VALUES (4772, '223.104.23.114', 3748140914, 3, 29, 510200, 100022);
INSERT INTO `dim_ip` VALUES (4773, '117.89.211.177', 1968821169, 3, 11, 510111, 100019);
INSERT INTO `dim_ip` VALUES (4774, '183.228.113.195', 3085201859, 3, 33, 510164, 100022);
INSERT INTO `dim_ip` VALUES (4775, '223.104.56.51', 3748149299, 3, 5, 510102, 100022);
INSERT INTO `dim_ip` VALUES (4776, '101.90.254.44', 1700462124, 3, 7, 510104, 100019);
INSERT INTO `dim_ip` VALUES (4777, '112.17.243.231', 1880224743, 3, 13, 510110, 100022);
INSERT INTO `dim_ip` VALUES (4778, '117.164.239.60', 1973743420, 3, 32, 510291, 100022);
INSERT INTO `dim_ip` VALUES (4779, '223.104.186.16', 3748182544, 3, 12, 510313, 100022);
INSERT INTO `dim_ip` VALUES (4780, '117.136.98.248', 1971872504, 3, 30, 510372, 100022);
INSERT INTO `dim_ip` VALUES (4781, '220.202.152.108', 3704264812, 3, 20, 510126, 100023);
INSERT INTO `dim_ip` VALUES (4782, '117.173.212.187', 1974326459, 3, 2, 510101, 100022);
INSERT INTO `dim_ip` VALUES (4783, '182.149.166.57', 3063260729, 3, 2, 510101, 100019);
INSERT INTO `dim_ip` VALUES (4784, '223.99.217.26', 3747862810, 3, 12, 510109, 100022);
INSERT INTO `dim_ip` VALUES (4785, '124.160.213.45', 2090915117, 3, 13, 510110, 100023);
INSERT INTO `dim_ip` VALUES (4786, '111.193.67.198', 1874936774, 3, 5, 510102, 100023);
INSERT INTO `dim_ip` VALUES (4787, '110.184.70.212', 1857570516, 3, 2, 510101, 100019);
INSERT INTO `dim_ip` VALUES (4788, '113.129.193.42', 1904329002, 3, 12, 510114, 100019);
INSERT INTO `dim_ip` VALUES (4789, '223.255.127.167', 3758063527, 3, 5, 510102, 100020);
INSERT INTO `dim_ip` VALUES (4790, '124.126.93.88', 2088656216, 3, 5, 510102, 100019);
INSERT INTO `dim_ip` VALUES (4791, '117.136.64.124', 1971863676, 3, 2, 510101, 100022);
INSERT INTO `dim_ip` VALUES (4792, '106.92.86.161', 1784436385, 3, 33, 510164, 100019);
INSERT INTO `dim_ip` VALUES (4793, '171.221.138.74', 2883422794, 3, 2, 510101, 100019);
INSERT INTO `dim_ip` VALUES (4794, '117.37.57.193', 1965373889, 3, 9, 510220, 100019);
INSERT INTO `dim_ip` VALUES (4795, '223.104.3.191', 3748135871, 3, 5, 510102, 100022);
INSERT INTO `dim_ip` VALUES (4796, '117.135.227.115', 1971839859, 3, 35, 510272, 100022);
INSERT INTO `dim_ip` VALUES (4797, '59.63.249.19', 994048275, 3, 32, 510169, 100019);
INSERT INTO `dim_ip` VALUES (4798, '124.167.233.198', 2091379142, 3, 25, 510373, 100023);
INSERT INTO `dim_ip` VALUES (4799, '117.139.179.25', 1972089625, 3, 2, 510101, 100022);
INSERT INTO `dim_ip` VALUES (4800, '113.47.59.224', 1898920928, 3, 5, 510102, 100020);
INSERT INTO `dim_ip` VALUES (4801, '119.123.197.52', 2004600116, 3, 6, 510125, 100019);
INSERT INTO `dim_ip` VALUES (4802, '61.148.245.252', 1033172476, 3, 5, 510102, 100023);
INSERT INTO `dim_ip` VALUES (4803, '182.125.76.0', 3061664768, 3, 16, 510347, 100023);
INSERT INTO `dim_ip` VALUES (4804, '111.192.33.225', 1874862561, 3, 5, 510102, 100023);
INSERT INTO `dim_ip` VALUES (4805, '140.243.137.62', 2364770622, 3, 18, 510120, 100019);
INSERT INTO `dim_ip` VALUES (4806, '117.139.14.112', 1972047472, 3, 2, 510101, 100022);
INSERT INTO `dim_ip` VALUES (4807, '223.104.94.8', 3748158984, 3, 35, 510171, 100022);
INSERT INTO `dim_ip` VALUES (4808, '124.89.70.137', 2086225545, 3, 9, 510289, 100023);
INSERT INTO `dim_ip` VALUES (4809, '61.148.245.219', 1033172443, 3, 5, 510102, 100023);
INSERT INTO `dim_ip` VALUES (4810, '119.4.255.150', 1996816278, 3, 2, 510101, 100023);
INSERT INTO `dim_ip` VALUES (4811, '175.167.154.29', 2946996765, 3, 17, 510155, 100023);
INSERT INTO `dim_ip` VALUES (4812, '218.6.164.177', 3657868465, 3, 2, 510274, 100019);
INSERT INTO `dim_ip` VALUES (4813, '112.5.234.216', 1879435992, 3, 18, 510120, 100022);
INSERT INTO `dim_ip` VALUES (4814, '171.217.44.227', 2883136739, 3, 2, 510101, 100019);
INSERT INTO `dim_ip` VALUES (4815, '124.89.86.191', 2086229695, 3, 9, 510106, 100023);
INSERT INTO `dim_ip` VALUES (4816, '115.231.149.203', 1944557003, 3, 13, 510221, 100019);
INSERT INTO `dim_ip` VALUES (4817, '112.96.37.170', 1885349290, 3, 6, 510140, 100023);
INSERT INTO `dim_ip` VALUES (4818, '14.222.183.23', 249476887, 3, 6, 510103, 100019);
INSERT INTO `dim_ip` VALUES (4819, '101.81.253.231', 1699872231, 3, 7, 510104, 100019);
INSERT INTO `dim_ip` VALUES (4820, '183.62.146.81', 3074331217, 3, 6, 510125, 100019);
INSERT INTO `dim_ip` VALUES (4821, '61.140.26.254', 1032592126, 3, 6, 510140, 100019);
INSERT INTO `dim_ip` VALUES (4822, '117.136.38.33', 1971856929, 3, 5, 510102, 100022);
INSERT INTO `dim_ip` VALUES (4823, '106.121.65.31', 1786331423, 3, 5, 510102, 100019);
INSERT INTO `dim_ip` VALUES (4824, '198.13.37.89', 3322750297, 5, 26, 510138, -9);
INSERT INTO `dim_ip` VALUES (4825, '114.242.249.76', 1928526156, 3, 5, 510102, 100023);
INSERT INTO `dim_ip` VALUES (4826, '221.192.180.230', 3720393958, 3, 22, 510136, 100023);
INSERT INTO `dim_ip` VALUES (4827, '117.136.41.55', 1971857719, 3, 6, 510140, 100022);
INSERT INTO `dim_ip` VALUES (4828, '139.207.169.27', 2345642267, 3, 2, 510101, 100019);
INSERT INTO `dim_ip` VALUES (4829, '221.2.102.218', 3707922138, 3, 12, 510279, 100023);
INSERT INTO `dim_ip` VALUES (4830, '117.136.41.70', 1971857734, 3, 6, 510140, 100022);
INSERT INTO `dim_ip` VALUES (4831, '153.99.39.19', 2573412115, 3, 11, 510290, 100023);
INSERT INTO `dim_ip` VALUES (4832, '112.96.179.135', 1885385607, 3, 6, 510140, 100023);
INSERT INTO `dim_ip` VALUES (4833, '36.98.101.40', 610428200, 3, 13, 510110, 100019);
INSERT INTO `dim_ip` VALUES (4834, '61.148.245.75', 1033172299, 3, 5, 510102, 100023);
INSERT INTO `dim_ip` VALUES (4835, '119.4.252.170', 1996815530, 3, 2, 510101, 100023);
INSERT INTO `dim_ip` VALUES (4836, '112.12.207.140', 1879887756, 3, 13, 510312, 100022);
INSERT INTO `dim_ip` VALUES (4837, '117.174.86.214', 1974359766, 3, 2, 510101, 100022);
INSERT INTO `dim_ip` VALUES (4838, '221.217.48.39', 3721998375, 3, 5, 510102, 100023);
INSERT INTO `dim_ip` VALUES (4839, '183.197.126.55', 3083173431, 3, 22, 510165, 100022);
INSERT INTO `dim_ip` VALUES (4840, '223.104.27.15', 3748141839, 3, 39, 510183, 100022);
INSERT INTO `dim_ip` VALUES (4841, '123.118.206.10', 2071383562, 3, 5, 510102, 100023);
INSERT INTO `dim_ip` VALUES (4842, '110.184.205.194', 1857605058, 3, 2, 510101, 100019);
INSERT INTO `dim_ip` VALUES (4843, '117.152.62.242', 1972911858, 3, 15, 510374, 100022);
INSERT INTO `dim_ip` VALUES (4844, '112.224.65.202', 1893745098, 3, 12, 510114, 100023);
INSERT INTO `dim_ip` VALUES (4845, '61.185.219.122', 1035590522, 3, 9, 510106, 100019);
INSERT INTO `dim_ip` VALUES (4846, '116.7.99.196', 1946641348, 3, 6, 510125, 100019);
INSERT INTO `dim_ip` VALUES (4847, '117.146.27.246', 1972509686, 3, 41, 510375, 100022);
INSERT INTO `dim_ip` VALUES (4848, '117.136.71.154', 1971865498, 3, 21, 510154, 100022);
INSERT INTO `dim_ip` VALUES (4849, '182.132.203.251', 3062156283, 3, 2, 510226, 100019);
INSERT INTO `dim_ip` VALUES (4850, '106.38.134.18', 1780909586, 3, 5, 510102, 100019);
INSERT INTO `dim_ip` VALUES (4851, '61.148.244.250', 1033172218, 3, 5, 510102, 100023);
INSERT INTO `dim_ip` VALUES (4852, '61.148.243.170', 1033171882, 3, 5, 510102, 100023);
INSERT INTO `dim_ip` VALUES (4853, '117.172.55.53', 1974220597, 3, 2, 510101, 100022);
INSERT INTO `dim_ip` VALUES (4854, '223.104.3.240', 3748135920, 3, 5, 510102, 100022);
INSERT INTO `dim_ip` VALUES (4855, '125.70.177.231', 2101785063, 3, 2, 510101, 100019);
INSERT INTO `dim_ip` VALUES (4856, '223.104.26.20', 3748141588, 3, 46, 510376, 100022);
INSERT INTO `dim_ip` VALUES (4857, '106.121.69.238', 1786332654, 3, 5, 510102, 100019);
INSERT INTO `dim_ip` VALUES (4858, '60.173.139.44', 1018006316, 3, 34, 510354, 100019);
INSERT INTO `dim_ip` VALUES (4859, '112.224.21.54', 1893733686, 3, 12, 510114, 100023);
INSERT INTO `dim_ip` VALUES (4860, '171.12.16.96', 2869694560, 3, 16, 510199, 100019);
INSERT INTO `dim_ip` VALUES (4861, '171.117.16.100', 2876575844, 3, 25, 510137, 100023);
INSERT INTO `dim_ip` VALUES (4862, '183.228.231.72', 3085231944, 3, 33, 510164, 100022);
INSERT INTO `dim_ip` VALUES (4863, '113.110.231.211', 1903093715, 3, 6, 510125, 100019);
INSERT INTO `dim_ip` VALUES (4864, '222.209.158.204', 3738279628, 3, 2, 510101, 100019);
INSERT INTO `dim_ip` VALUES (4865, '106.124.40.197', 1786521797, 3, 6, 510140, 100019);
INSERT INTO `dim_ip` VALUES (4866, '118.114.107.147', 1987210131, 3, 2, 510101, 100019);
INSERT INTO `dim_ip` VALUES (4867, '111.198.224.224', 1875304672, 3, 5, 510102, 100023);
INSERT INTO `dim_ip` VALUES (4868, '125.70.79.70', 2101759814, 3, 2, 510101, 100019);
INSERT INTO `dim_ip` VALUES (4869, '58.57.167.113', 976856945, 3, 12, 510284, 100019);
INSERT INTO `dim_ip` VALUES (4870, '111.194.50.201', 1874997961, 3, 5, 510102, 100023);
INSERT INTO `dim_ip` VALUES (4871, '61.158.148.48', 1033802800, 3, 16, 510257, 100023);
INSERT INTO `dim_ip` VALUES (4872, '101.254.138.162', 1711180450, 3, 5, 510102, -9);
INSERT INTO `dim_ip` VALUES (4873, '114.242.249.24', 1928526104, 3, 5, 510102, 100023);
INSERT INTO `dim_ip` VALUES (4874, '14.127.251.196', 243268548, 3, 6, 510125, 100019);
INSERT INTO `dim_ip` VALUES (4875, '171.119.28.175', 2876710063, 3, 25, 510311, 100023);
INSERT INTO `dim_ip` VALUES (4876, '183.198.28.72', 3083213896, 3, 22, 510131, 100022);
INSERT INTO `dim_ip` VALUES (4877, '117.136.67.216', 1971864536, 3, 11, 510108, 100022);
INSERT INTO `dim_ip` VALUES (4878, '114.242.250.113', 1928526449, 3, 5, 510102, 100023);
INSERT INTO `dim_ip` VALUES (4879, '223.104.3.241', 3748135921, 3, 5, 510102, 100022);
INSERT INTO `dim_ip` VALUES (4880, '115.62.28.131', 1933450371, 3, 16, 510151, 100023);
INSERT INTO `dim_ip` VALUES (4881, '110.191.134.124', 1858045564, 3, 2, 510348, 100019);
INSERT INTO `dim_ip` VALUES (4882, '1.86.146.183', 22450871, 3, 9, 510106, 100019);
INSERT INTO `dim_ip` VALUES (4883, '122.190.211.60', 2059326268, 3, 15, 510132, 100023);
INSERT INTO `dim_ip` VALUES (4884, '61.148.245.150', 1033172374, 3, 5, 510102, 100023);
INSERT INTO `dim_ip` VALUES (4885, '140.243.124.76', 2364767308, 3, 18, 510120, 100019);
INSERT INTO `dim_ip` VALUES (4886, '36.102.208.94', 610717790, 3, 13, 510110, 100019);
INSERT INTO `dim_ip` VALUES (4887, '113.143.29.170', 1905204650, 3, 9, 510180, 100019);
INSERT INTO `dim_ip` VALUES (4888, '119.132.36.66', 2005148738, 3, 6, 510143, 100019);
INSERT INTO `dim_ip` VALUES (4889, '111.197.151.38', 1875220262, 3, 5, 510102, 100023);
INSERT INTO `dim_ip` VALUES (4890, '223.104.64.38', 3748151334, 3, 25, 510192, 100022);
INSERT INTO `dim_ip` VALUES (4891, '223.104.95.119', 3748159351, 3, 5, 510102, 100022);
INSERT INTO `dim_ip` VALUES (4892, '106.121.71.125', 1786333053, 3, 5, 510102, 100019);
INSERT INTO `dim_ip` VALUES (4893, '101.231.118.75', 1709667915, 3, 7, 510104, 100019);
INSERT INTO `dim_ip` VALUES (4894, '49.90.151.54', 828020534, 3, 11, 510111, 100019);
INSERT INTO `dim_ip` VALUES (4895, '122.242.172.45', 2062724141, 3, 13, 510236, 100019);
INSERT INTO `dim_ip` VALUES (4896, '120.229.67.78', 2028290894, 3, 5, 510102, 100022);
INSERT INTO `dim_ip` VALUES (4897, '223.104.3.203', 3748135883, 3, 5, 510102, 100022);
INSERT INTO `dim_ip` VALUES (4898, '171.221.136.81', 2883422289, 3, 2, 510101, 100019);
INSERT INTO `dim_ip` VALUES (4899, '139.207.171.53', 2345642805, 3, 2, 510101, 100019);
INSERT INTO `dim_ip` VALUES (4900, '202.120.40.72', 3396872264, 3, 7, 510104, 100034);
INSERT INTO `dim_ip` VALUES (4901, '60.173.146.196', 1018008260, 3, 34, 510354, 100019);
INSERT INTO `dim_ip` VALUES (4902, '223.86.224.99', 3747012707, 3, 2, 510274, 100022);
INSERT INTO `dim_ip` VALUES (4903, '119.35.17.202', 1998787018, 3, 6, 510140, -9);
INSERT INTO `dim_ip` VALUES (4904, '60.167.68.174', 1017595054, 3, 34, 510377, 100019);
INSERT INTO `dim_ip` VALUES (4905, '222.209.156.71', 3738278983, 3, 2, 510101, 100019);
INSERT INTO `dim_ip` VALUES (4906, '114.250.114.116', 1929015924, 3, 5, 510102, 100023);
INSERT INTO `dim_ip` VALUES (4907, '58.34.99.52', 975332148, 3, 7, 510104, 100019);
INSERT INTO `dim_ip` VALUES (4908, '171.11.3.210', 2869625810, 3, 16, 510199, 100019);
INSERT INTO `dim_ip` VALUES (4909, '114.236.91.101', 1928092517, 3, 11, 510345, 100019);
INSERT INTO `dim_ip` VALUES (4910, '182.133.230.177', 3062228657, 3, 2, 510179, 100019);
INSERT INTO `dim_ip` VALUES (4911, '183.192.36.193', 3082822849, 3, 7, 510104, 100022);
INSERT INTO `dim_ip` VALUES (4912, '180.172.240.57', 3031232569, 3, 7, 510104, 100019);
INSERT INTO `dim_ip` VALUES (4913, '42.226.114.77', 719483469, 3, 16, 510347, 100023);
INSERT INTO `dim_ip` VALUES (4914, '171.221.137.34', 2883422498, 3, 2, 510101, 100019);
INSERT INTO `dim_ip` VALUES (4915, '114.249.252.36', 1928985636, 3, 5, 510102, 100023);
INSERT INTO `dim_ip` VALUES (4916, '111.15.43.53', 1863265077, 3, 12, 510316, 100022);
INSERT INTO `dim_ip` VALUES (4917, '117.136.41.79', 1971857743, 3, 6, 510140, 100022);
INSERT INTO `dim_ip` VALUES (4918, '223.104.178.238', 3748180718, 3, 8, 510378, 100022);
INSERT INTO `dim_ip` VALUES (4919, '115.55.141.91', 1933020507, 3, 16, 510257, 100023);
INSERT INTO `dim_ip` VALUES (4920, '121.35.248.251', 2032400635, 3, 6, 510125, 100019);
INSERT INTO `dim_ip` VALUES (4921, '117.136.40.54', 1971857462, 3, 6, 510125, 100022);
INSERT INTO `dim_ip` VALUES (4922, '115.231.149.206', 1944557006, 3, 13, 510221, 100019);
INSERT INTO `dim_ip` VALUES (4923, '171.212.208.173', 2882850989, 3, 2, 510101, 100019);
INSERT INTO `dim_ip` VALUES (4924, '27.186.150.88', 465213016, 3, 22, 510147, 100019);
INSERT INTO `dim_ip` VALUES (4925, '222.129.27.104', 3733003112, 3, 5, 510102, 100023);
INSERT INTO `dim_ip` VALUES (4926, '117.136.39.118', 1971857270, 3, 6, 510125, 100022);
INSERT INTO `dim_ip` VALUES (4927, '61.158.149.104', 1033803112, 3, 16, 510257, 100023);
INSERT INTO `dim_ip` VALUES (4928, '14.25.234.195', 236579523, 3, 6, 510140, 100019);
INSERT INTO `dim_ip` VALUES (4929, '180.164.203.59', 3030698811, 3, 7, 510104, 100019);
INSERT INTO `dim_ip` VALUES (4930, '101.20.139.159', 1695845279, 3, 22, 510131, 100023);
INSERT INTO `dim_ip` VALUES (4931, '61.158.148.61', 1033802813, 3, 16, 510257, 100023);
INSERT INTO `dim_ip` VALUES (4932, '117.136.8.65', 1971849281, 3, 7, 510104, 100022);
INSERT INTO `dim_ip` VALUES (4933, '117.142.100.231', 1972266215, 3, 5, 510102, 100022);
INSERT INTO `dim_ip` VALUES (4934, '43.224.53.66', 736113986, 3, 41, 510252, 100023);
INSERT INTO `dim_ip` VALUES (4935, '117.175.132.81', 1974436945, 3, 2, 510101, 100022);
INSERT INTO `dim_ip` VALUES (4936, '123.147.246.63', 2073294399, 3, 33, 510164, 100023);
INSERT INTO `dim_ip` VALUES (4937, '121.227.104.40', 2044946472, 3, 11, 510108, 100019);
INSERT INTO `dim_ip` VALUES (4938, '117.136.72.218', 1971865818, 3, 21, 510154, 100022);
INSERT INTO `dim_ip` VALUES (4939, '221.222.125.195', 3722345923, 3, 5, 510102, 100023);
INSERT INTO `dim_ip` VALUES (4940, '113.45.37.231', 1898784231, 3, 5, 510102, 100020);
INSERT INTO `dim_ip` VALUES (4941, '223.104.22.230', 3748140774, 3, 30, 510150, 100022);
INSERT INTO `dim_ip` VALUES (4942, '61.140.24.183', 1032591543, 3, 6, 510140, 100019);
INSERT INTO `dim_ip` VALUES (4943, '60.213.94.225', 1020616417, 3, 12, 510279, 100023);
INSERT INTO `dim_ip` VALUES (4944, '117.136.16.93', 1971851357, 3, 21, 510154, 100022);
INSERT INTO `dim_ip` VALUES (4945, '139.207.149.9', 2345637129, 3, 2, 510101, 100019);
INSERT INTO `dim_ip` VALUES (4946, '58.16.228.112', 974185584, 3, 35, 510171, 100023);
INSERT INTO `dim_ip` VALUES (4947, '222.38.250.117', 3727096437, 3, 22, 510211, 100029);
INSERT INTO `dim_ip` VALUES (4948, '110.157.39.237', 1855793133, 3, 41, 510210, 100019);
INSERT INTO `dim_ip` VALUES (4949, '218.205.245.71', 3670930759, 3, 2, 510101, 100022);
INSERT INTO `dim_ip` VALUES (4950, '119.62.124.28', 2000583708, 3, 21, 510154, 100023);
INSERT INTO `dim_ip` VALUES (4951, '223.104.3.238', 3748135918, 3, 5, 510102, 100022);
INSERT INTO `dim_ip` VALUES (4952, '117.136.62.67', 1971863107, 3, 2, 510101, 100022);
INSERT INTO `dim_ip` VALUES (4953, '106.61.37.237', 1782392301, 3, 21, 510154, 100019);
INSERT INTO `dim_ip` VALUES (4954, '117.172.214.131', 1974261379, 3, 2, 510226, 100022);
INSERT INTO `dim_ip` VALUES (4955, '139.207.177.46', 2345644334, 3, 2, 510101, 100019);
INSERT INTO `dim_ip` VALUES (4956, '54.177.108.168', 917597352, 5, 26, 510138, -9);
INSERT INTO `dim_ip` VALUES (4957, '118.73.130.155', 1984529051, 3, 25, 510264, 100023);
INSERT INTO `dim_ip` VALUES (4958, '106.38.129.254', 1780908542, 3, 5, 510102, 100019);
INSERT INTO `dim_ip` VALUES (4959, '61.148.244.115', 1033172083, 3, 5, 510102, 100023);
INSERT INTO `dim_ip` VALUES (4960, '183.197.126.140', 3083173516, 3, 22, 510165, 100022);
INSERT INTO `dim_ip` VALUES (4961, '223.72.93.192', 3746061760, 3, 5, 510102, 100022);
INSERT INTO `dim_ip` VALUES (4962, '110.184.71.208', 1857570768, 3, 2, 510101, 100019);
INSERT INTO `dim_ip` VALUES (4963, '111.194.50.204', 1874997964, 3, 5, 510102, 100023);
INSERT INTO `dim_ip` VALUES (4964, '117.173.212.111', 1974326383, 3, 2, 510101, 100022);
INSERT INTO `dim_ip` VALUES (4965, '42.87.181.210', 710391250, 3, 17, 510255, 100023);
INSERT INTO `dim_ip` VALUES (4966, '223.104.101.158', 3748160926, 3, 5, 510102, 100022);
INSERT INTO `dim_ip` VALUES (4967, '112.96.176.85', 1885384789, 3, 6, 510140, 100023);
INSERT INTO `dim_ip` VALUES (4968, '182.144.36.18', 3062899730, 3, 2, 510101, 100019);
INSERT INTO `dim_ip` VALUES (4969, '117.158.178.138', 1973334666, 3, 16, 510182, 100022);
INSERT INTO `dim_ip` VALUES (4970, '61.162.241.62', 1034088766, 3, 12, 510159, 100023);
INSERT INTO `dim_ip` VALUES (4971, '119.98.214.131', 2002966147, 3, 15, 510115, 100019);
INSERT INTO `dim_ip` VALUES (4972, '113.119.186.254', 1903672062, 3, 6, 510140, 100019);
INSERT INTO `dim_ip` VALUES (4973, '125.70.178.249', 2101785337, 3, 2, 510101, 100019);
INSERT INTO `dim_ip` VALUES (4974, '182.54.41.244', 3057002996, 3, 37, 510379, 100023);
INSERT INTO `dim_ip` VALUES (4975, '112.224.67.111', 1893745519, 3, 12, 510114, 100023);
INSERT INTO `dim_ip` VALUES (4976, '14.223.167.198', 249538502, 3, 6, 510201, 100019);
INSERT INTO `dim_ip` VALUES (4977, '117.136.0.162', 1971847330, 3, 5, 510102, 100022);
INSERT INTO `dim_ip` VALUES (4978, '139.207.76.98', 2345618530, 3, 2, 510101, 100019);
INSERT INTO `dim_ip` VALUES (4979, '117.136.79.80', 1971867472, 3, 6, 510140, 100022);
INSERT INTO `dim_ip` VALUES (4980, '113.57.183.144', 1899607952, 3, 15, 510115, 100023);
INSERT INTO `dim_ip` VALUES (4981, '58.251.19.52', 989532980, 3, 6, 510125, 100023);
INSERT INTO `dim_ip` VALUES (4982, '111.199.191.21', 1875361557, 3, 5, 510102, 100023);
INSERT INTO `dim_ip` VALUES (4983, '61.148.245.60', 1033172284, 3, 5, 510102, 100023);
INSERT INTO `dim_ip` VALUES (4984, '61.148.245.84', 1033172308, 3, 5, 510102, 100023);
INSERT INTO `dim_ip` VALUES (4985, '171.217.40.99', 2883135587, 3, 2, 510101, 100019);
INSERT INTO `dim_ip` VALUES (4986, '223.104.3.201', 3748135881, 3, 5, 510102, 100022);
INSERT INTO `dim_ip` VALUES (4987, '117.174.95.164', 1974362020, 3, 2, 510101, 100022);
INSERT INTO `dim_ip` VALUES (4988, '112.44.105.30', 1881958686, 3, 2, 510101, 100022);
INSERT INTO `dim_ip` VALUES (4989, '221.219.238.57', 3722178105, 3, 5, 510102, 100023);
INSERT INTO `dim_ip` VALUES (4990, '223.72.97.189', 3746062781, 3, 5, 510102, 100022);
INSERT INTO `dim_ip` VALUES (4991, '223.86.232.126', 3747014782, 3, 2, 510274, 100022);
INSERT INTO `dim_ip` VALUES (4992, '111.194.44.130', 1874996354, 3, 5, 510102, 100023);
INSERT INTO `dim_ip` VALUES (4993, '114.139.223.106', 1921769322, 3, 35, 510203, 100019);
INSERT INTO `dim_ip` VALUES (4994, '112.224.20.218', 1893733594, 3, 12, 510114, 100023);
INSERT INTO `dim_ip` VALUES (4995, '47.74.0.82', 793378898, 4, 24, 510135, -9);
INSERT INTO `dim_ip` VALUES (4996, '61.148.245.126', 1033172350, 3, 5, 510102, 100023);
INSERT INTO `dim_ip` VALUES (4997, '183.252.48.192', 3086758080, 3, 18, 510380, 100022);
INSERT INTO `dim_ip` VALUES (4998, '114.236.12.1', 1928072193, 3, 11, 510345, 100019);
INSERT INTO `dim_ip` VALUES (4999, '171.92.22.51', 2874938931, 3, 2, 510184, 100019);
INSERT INTO `dim_ip` VALUES (5000, '59.34.61.180', 992099764, 3, 6, 510381, 100019);
INSERT INTO `dim_ip` VALUES (5001, '113.200.205.8', 1908985096, 3, 9, 510106, 100023);
INSERT INTO `dim_ip` VALUES (5002, '223.104.3.130', 3748135810, 3, 5, 510102, 100022);
INSERT INTO `dim_ip` VALUES (5003, '125.80.134.82', 2102429266, 3, 33, 510164, 100019);
INSERT INTO `dim_ip` VALUES (5004, '14.131.0.46', 243466286, 3, 5, 510102, 100020);
INSERT INTO `dim_ip` VALUES (5005, '220.195.65.110', 3703783790, 3, 13, 510110, 100023);
INSERT INTO `dim_ip` VALUES (5006, '171.210.219.172', 2882722732, 3, 2, 510101, 100019);
INSERT INTO `dim_ip` VALUES (5007, '117.177.78.214', 1974554326, 3, 2, 510170, 100022);
INSERT INTO `dim_ip` VALUES (5008, '117.136.67.31', 1971864351, 3, 11, 510242, 100022);
INSERT INTO `dim_ip` VALUES (5009, '218.26.54.112', 3659150960, 3, 25, 510137, 100023);
INSERT INTO `dim_ip` VALUES (5010, '171.221.143.128', 2883424128, 3, 2, 510101, 100019);
INSERT INTO `dim_ip` VALUES (5011, '223.104.3.153', 3748135833, 3, 5, 510102, 100022);
INSERT INTO `dim_ip` VALUES (5012, '114.252.245.21', 1929180437, 3, 5, 510102, 100023);
INSERT INTO `dim_ip` VALUES (5013, '171.11.3.4', 2869625604, 3, 16, 510199, 100019);
INSERT INTO `dim_ip` VALUES (5014, '218.98.53.37', 3663869221, 3, 12, 510114, -9);
INSERT INTO `dim_ip` VALUES (5015, '112.45.128.4', 1882030084, 3, 2, 510170, 100022);
INSERT INTO `dim_ip` VALUES (5016, '110.184.68.21', 1857569813, 3, 2, 510101, 100019);
INSERT INTO `dim_ip` VALUES (5017, '123.122.200.163', 2071644323, 3, 5, 510102, 100023);
INSERT INTO `dim_ip` VALUES (5018, '125.69.42.180', 2101684916, 3, 2, 510101, 100019);
INSERT INTO `dim_ip` VALUES (5019, '115.171.62.80', 1940602448, 3, 5, 510102, 100019);
INSERT INTO `dim_ip` VALUES (5020, '117.136.89.215', 1971870167, 3, 20, 510361, 100022);
INSERT INTO `dim_ip` VALUES (5021, '117.136.81.160', 1971868064, 3, 15, 510115, 100022);
INSERT INTO `dim_ip` VALUES (5022, '183.196.206.227', 3083128547, 3, 22, 510141, 100022);
INSERT INTO `dim_ip` VALUES (5023, '117.190.167.251', 1975429115, 3, 41, 510363, 100022);
INSERT INTO `dim_ip` VALUES (5024, '111.194.48.71', 1874997319, 3, 5, 510102, 100023);
INSERT INTO `dim_ip` VALUES (5025, '117.136.38.49', 1971856945, 3, 5, 510102, 100022);
INSERT INTO `dim_ip` VALUES (5026, '116.116.185.211', 1953806803, 3, 8, 510382, 100023);
INSERT INTO `dim_ip` VALUES (5027, '106.43.209.30', 1781256478, 3, 35, 510171, 100019);
INSERT INTO `dim_ip` VALUES (5028, '14.145.37.9', 244393225, 3, 6, 510140, 100019);
INSERT INTO `dim_ip` VALUES (5029, '61.158.152.121', 1033803897, 3, 16, 510199, 100023);
INSERT INTO `dim_ip` VALUES (5030, '112.53.72.167', 1882540199, 3, 12, 510116, 100022);
INSERT INTO `dim_ip` VALUES (5031, '139.207.178.80', 2345644624, 3, 2, 510101, 100019);
INSERT INTO `dim_ip` VALUES (5032, '110.7.242.171', 1846014635, 3, 8, 510273, 100023);
INSERT INTO `dim_ip` VALUES (5033, '112.64.189.188', 1883291068, 3, 7, 510104, 100023);
INSERT INTO `dim_ip` VALUES (5034, '1.95.155.47', 23042863, 3, 5, 510102, 100020);
INSERT INTO `dim_ip` VALUES (5035, '223.104.94.91', 3748159067, 3, 35, 510171, 100022);
INSERT INTO `dim_ip` VALUES (5036, '117.136.12.115', 1971850355, 3, 6, 510140, 100022);
INSERT INTO `dim_ip` VALUES (5037, '223.85.218.108', 3746945644, 3, 2, 510101, 100022);
INSERT INTO `dim_ip` VALUES (5038, '139.207.102.235', 2345625323, 3, 2, 510101, 100019);
INSERT INTO `dim_ip` VALUES (5039, '112.12.243.204', 1879897036, 3, 13, 510312, 100022);
INSERT INTO `dim_ip` VALUES (5040, '123.174.58.206', 2075015886, 3, 25, 510271, 100019);
INSERT INTO `dim_ip` VALUES (5041, '223.87.36.70', 3747030086, 3, 2, 510274, 100022);
INSERT INTO `dim_ip` VALUES (5042, '111.9.243.26', 1862923034, 3, 2, 510292, 100022);
INSERT INTO `dim_ip` VALUES (5043, '117.174.28.80', 1974344784, 3, 2, 510101, 100022);
INSERT INTO `dim_ip` VALUES (5044, '45.249.212.49', 771347505, 12, 48, 510326, -9);
INSERT INTO `dim_ip` VALUES (5045, '182.149.167.226', 3063261154, 3, 2, 510101, 100019);
INSERT INTO `dim_ip` VALUES (5046, '218.69.6.30', 3661956638, 3, 14, 510113, 100023);
INSERT INTO `dim_ip` VALUES (5047, '123.115.73.164', 2071153060, 3, 5, 510102, 100023);
INSERT INTO `dim_ip` VALUES (5048, '171.10.238.13', 2869620237, 3, 16, 510199, 100019);
INSERT INTO `dim_ip` VALUES (5049, '49.67.117.162', 826504610, 3, 11, 510158, 100019);
INSERT INTO `dim_ip` VALUES (5050, '223.104.3.234', 3748135914, 3, 5, 510102, 100022);
INSERT INTO `dim_ip` VALUES (5051, '113.200.162.10', 1908974090, 3, 9, 510180, 100023);
INSERT INTO `dim_ip` VALUES (5052, '171.210.195.226', 2882716642, 3, 2, 510101, 100019);
INSERT INTO `dim_ip` VALUES (5053, '117.136.82.3', 1971868163, 3, 2, 510101, 100022);
INSERT INTO `dim_ip` VALUES (5054, '61.148.243.101', 1033171813, 3, 5, 510102, 100023);
INSERT INTO `dim_ip` VALUES (5055, '47.74.39.70', 793388870, 5, 26, 510138, -9);
INSERT INTO `dim_ip` VALUES (5056, '117.136.26.75', 1971853899, 3, 41, 510187, 100022);
INSERT INTO `dim_ip` VALUES (5057, '111.199.190.243', 1875361523, 3, 5, 510102, 100023);
INSERT INTO `dim_ip` VALUES (5058, '210.21.228.211', 3524650195, 3, 6, 510125, 100023);
INSERT INTO `dim_ip` VALUES (5059, '112.224.67.171', 1893745579, 3, 12, 510114, 100023);
INSERT INTO `dim_ip` VALUES (5060, '61.148.243.103', 1033171815, 3, 5, 510102, 100023);
INSERT INTO `dim_ip` VALUES (5061, '182.90.217.132', 3059407236, 3, 30, 510150, 100023);
INSERT INTO `dim_ip` VALUES (5062, '117.136.64.70', 1971863622, 3, 2, 510101, 100022);
INSERT INTO `dim_ip` VALUES (5063, '218.205.55.244', 3670882292, 3, 13, 510110, 100022);
INSERT INTO `dim_ip` VALUES (5064, '61.148.243.56', 1033171768, 3, 5, 510102, 100023);
INSERT INTO `dim_ip` VALUES (5065, '61.148.243.178', 1033171890, 3, 5, 510102, 100023);
INSERT INTO `dim_ip` VALUES (5066, '192.168.100.183', 3232261303, -9, -9, -9, -9);
INSERT INTO `dim_ip` VALUES (5067, '192.168.11.39', 3232238375, -9, -9, -9, -9);
INSERT INTO `dim_ip` VALUES (5068, '171.213.56.213', 2882877653, 3, 2, 510101, 100019);
INSERT INTO `dim_ip` VALUES (5069, '118.112.89.17', 1987074321, 3, 2, 510101, 100019);
INSERT INTO `dim_ip` VALUES (5070, '222.211.246.171', 3738433195, 3, 2, 510101, 100019);
INSERT INTO `dim_ip` VALUES (5071, '118.113.0.35', 1987117091, 3, 2, 510101, 100019);
INSERT INTO `dim_ip` VALUES (5072, '218.26.54.16', 3659150864, 3, 25, 510137, 100023);
INSERT INTO `dim_ip` VALUES (5073, '171.216.69.137', 2883077513, 3, 2, 510101, 100019);
INSERT INTO `dim_ip` VALUES (5074, '222.215.15.220', 3738636252, 3, 2, 510248, 100019);
INSERT INTO `dim_ip` VALUES (5075, '113.13.216.164', 1896732836, 3, 30, 510383, 100019);
INSERT INTO `dim_ip` VALUES (5076, '61.158.148.111', 1033802863, 3, 16, 510257, 100023);
INSERT INTO `dim_ip` VALUES (5077, '117.136.75.69', 1971866437, 3, 18, 510120, 100022);
INSERT INTO `dim_ip` VALUES (5078, '114.249.255.136', 1928986504, 3, 5, 510102, 100023);
INSERT INTO `dim_ip` VALUES (5079, '183.192.26.184', 3082820280, 3, 7, 510104, 100022);
INSERT INTO `dim_ip` VALUES (5080, '182.148.56.122', 3063167098, 3, 2, 510101, 100019);
INSERT INTO `dim_ip` VALUES (5081, '111.196.212.8', 1875170312, 3, 5, 510102, 100023);
INSERT INTO `dim_ip` VALUES (5082, '111.196.208.77', 1875169357, 3, 5, 510102, 100023);
INSERT INTO `dim_ip` VALUES (5083, '124.78.144.153', 2085523609, 3, 7, 510104, 100019);
INSERT INTO `dim_ip` VALUES (5084, '182.108.242.233', 3060593385, 3, 32, 510362, 100019);
INSERT INTO `dim_ip` VALUES (5085, '125.69.43.48', 2101685040, 3, 2, 510101, 100019);
INSERT INTO `dim_ip` VALUES (5086, '111.199.191.6', 1875361542, 3, 5, 510102, 100023);
INSERT INTO `dim_ip` VALUES (5087, '101.20.207.57', 1695862585, 3, 22, 510131, 100023);
INSERT INTO `dim_ip` VALUES (5088, '118.114.204.215', 1987235031, 3, 2, 510101, 100019);
INSERT INTO `dim_ip` VALUES (5089, '42.100.0.231', 711196903, 3, 19, 510124, 100019);
INSERT INTO `dim_ip` VALUES (5090, '118.119.81.249', 1987531257, 3, 2, 510286, 100019);
INSERT INTO `dim_ip` VALUES (5091, '61.158.149.88', 1033803096, 3, 16, 510257, 100023);
INSERT INTO `dim_ip` VALUES (5092, '106.8.176.85', 1778954325, 3, 22, 510149, 100019);
INSERT INTO `dim_ip` VALUES (5093, '106.127.100.60', 1786733628, 3, 30, 510338, 100019);
INSERT INTO `dim_ip` VALUES (5094, '183.67.63.72', 3074637640, 3, 33, 510164, 100019);
INSERT INTO `dim_ip` VALUES (5095, '171.210.31.171', 2882674603, 3, 2, 510101, 100019);
INSERT INTO `dim_ip` VALUES (5096, '117.136.79.222', 1971867614, 3, 6, 510201, 100022);
INSERT INTO `dim_ip` VALUES (5097, '110.184.67.37', 1857569573, 3, 2, 510101, 100019);
INSERT INTO `dim_ip` VALUES (5098, '125.34.218.46', 2099436078, 3, 5, 510102, 100023);
INSERT INTO `dim_ip` VALUES (5099, '180.164.135.52', 3030681396, 3, 7, 510104, 100019);
INSERT INTO `dim_ip` VALUES (5100, '1.94.133.14', 22971662, 3, 5, 510102, 100020);
INSERT INTO `dim_ip` VALUES (5101, '175.146.183.96', 2945628000, 3, 17, 510384, 100023);
INSERT INTO `dim_ip` VALUES (5102, '117.172.26.95', 1974213215, 3, 2, 510101, 100022);
INSERT INTO `dim_ip` VALUES (5103, '39.158.218.208', 664722128, 3, 32, 510243, 100022);
INSERT INTO `dim_ip` VALUES (5104, '115.171.62.173', 1940602541, 3, 5, 510102, 100019);
INSERT INTO `dim_ip` VALUES (5105, '121.34.34.208', 2032280272, 3, 6, 510125, 100019);
INSERT INTO `dim_ip` VALUES (5106, '114.242.248.228', 1928526052, 3, 5, 510102, 100023);
INSERT INTO `dim_ip` VALUES (5107, '114.242.249.164', 1928526244, 3, 5, 510102, 100023);
INSERT INTO `dim_ip` VALUES (5108, '112.17.242.40', 1880224296, 3, 13, 510110, 100022);
INSERT INTO `dim_ip` VALUES (5109, '114.242.249.83', 1928526163, 3, 5, 510102, 100023);
INSERT INTO `dim_ip` VALUES (5110, '120.209.105.217', 2026990041, 3, 34, 510249, 100022);
INSERT INTO `dim_ip` VALUES (5111, '223.104.176.114', 3748180082, 3, 17, 510204, 100022);
INSERT INTO `dim_ip` VALUES (5112, '112.224.19.111', 1893733231, 3, 12, 510114, 100023);
INSERT INTO `dim_ip` VALUES (5113, '223.104.212.179', 3748189363, 3, 5, 510102, 100022);
INSERT INTO `dim_ip` VALUES (5114, '114.242.248.50', 1928525874, 3, 5, 510102, 100023);
INSERT INTO `dim_ip` VALUES (5115, '119.4.254.227', 1996816099, 3, 2, 510101, 100023);
INSERT INTO `dim_ip` VALUES (5116, '113.44.67.106', 1898726250, 3, 5, 510102, 100020);
INSERT INTO `dim_ip` VALUES (5117, '114.242.248.104', 1928525928, 3, 5, 510102, 100023);
INSERT INTO `dim_ip` VALUES (5118, '106.9.66.159', 1778991775, 3, 22, 510136, 100019);
INSERT INTO `dim_ip` VALUES (5119, '106.113.210.96', 1785844320, 3, 22, 510136, 100019);
INSERT INTO `dim_ip` VALUES (5120, '119.4.255.7', 1996816135, 3, 2, 510101, 100023);
INSERT INTO `dim_ip` VALUES (5121, '218.26.54.59', 3659150907, 3, 25, 510137, 100023);
INSERT INTO `dim_ip` VALUES (5122, '111.27.38.77', 1864050253, 3, 43, 510189, 100022);
INSERT INTO `dim_ip` VALUES (5123, '113.45.47.94', 1898786654, 3, 5, 510102, 100020);
INSERT INTO `dim_ip` VALUES (5124, '118.247.133.57', 1995932985, 3, 5, 510102, 100020);
INSERT INTO `dim_ip` VALUES (5125, '113.57.182.31', 1899607583, 3, 15, 510115, 100023);
INSERT INTO `dim_ip` VALUES (5126, '221.220.174.129', 3722227329, 3, 5, 510102, 100023);
INSERT INTO `dim_ip` VALUES (5127, '125.46.111.130', 2100195202, 3, 16, 510156, 100023);
INSERT INTO `dim_ip` VALUES (5128, '171.210.207.114', 2882719602, 3, 2, 510101, 100019);
INSERT INTO `dim_ip` VALUES (5129, '39.68.237.23', 658828567, 3, 12, 510127, 100023);
INSERT INTO `dim_ip` VALUES (5130, '110.184.71.78', 1857570638, 3, 2, 510101, 100019);
INSERT INTO `dim_ip` VALUES (5131, '114.242.250.54', 1928526390, 3, 5, 510102, 100023);
INSERT INTO `dim_ip` VALUES (5132, '47.74.22.195', 793384643, 5, 26, 510138, -9);
INSERT INTO `dim_ip` VALUES (5133, '113.201.175.154', 1909043098, 3, 9, 510180, 100023);
INSERT INTO `dim_ip` VALUES (5134, '42.90.144.244', 710578420, 3, 39, 510259, 100019);
INSERT INTO `dim_ip` VALUES (5135, '36.4.43.118', 604253046, 3, 34, 510168, 100019);
INSERT INTO `dim_ip` VALUES (5136, '61.148.243.140', 1033171852, 3, 5, 510102, 100023);
INSERT INTO `dim_ip` VALUES (5137, '117.136.46.56', 1971859000, 3, 11, 510111, 100022);
INSERT INTO `dim_ip` VALUES (5138, '117.136.4.143', 1971848335, 3, 25, 510137, 100022);
INSERT INTO `dim_ip` VALUES (5139, '117.91.247.190', 1968961470, 3, 11, 510112, 100019);
INSERT INTO `dim_ip` VALUES (5140, '198.13.47.77', 3322752845, 5, 26, 510138, -9);
INSERT INTO `dim_ip` VALUES (5141, '119.145.89.98', 2006014306, 3, 6, 510140, 100019);
INSERT INTO `dim_ip` VALUES (5142, '114.242.248.223', 1928526047, 3, 5, 510102, 100023);
INSERT INTO `dim_ip` VALUES (5143, '106.38.128.247', 1780908279, 3, 5, 510102, 100019);
INSERT INTO `dim_ip` VALUES (5144, '61.148.245.35', 1033172259, 3, 5, 510102, 100023);
INSERT INTO `dim_ip` VALUES (5145, '117.136.0.160', 1971847328, 3, 5, 510102, 100022);
INSERT INTO `dim_ip` VALUES (5146, '117.136.6.87', 1971848791, 3, 43, 510189, 100022);
INSERT INTO `dim_ip` VALUES (5147, '43.242.153.227', 737319395, 3, 41, 510187, 100023);
INSERT INTO `dim_ip` VALUES (5148, '58.23.36.226', 974595298, 3, 18, 510129, 100023);
INSERT INTO `dim_ip` VALUES (5149, '223.104.10.62', 3748137534, 3, 32, 510169, 100022);
INSERT INTO `dim_ip` VALUES (5150, '36.102.222.244', 610721524, 3, 13, 510110, 100019);
INSERT INTO `dim_ip` VALUES (5151, '223.104.3.237', 3748135917, 3, 5, 510102, 100022);
INSERT INTO `dim_ip` VALUES (5152, '117.175.130.210', 1974436562, 3, 2, 510101, 100022);
INSERT INTO `dim_ip` VALUES (5153, '117.136.3.98', 1971848034, 3, 8, 510119, 100022);
INSERT INTO `dim_ip` VALUES (5154, '114.250.124.168', 1929018536, 3, 5, 510102, 100023);
INSERT INTO `dim_ip` VALUES (5155, '112.67.195.170', 1883489194, 3, 29, 510200, 100019);
INSERT INTO `dim_ip` VALUES (5156, '113.200.106.188', 1908959932, 3, 9, 510106, 100023);
INSERT INTO `dim_ip` VALUES (5157, '112.28.148.111', 1880921199, 3, 7, 510104, 100022);
INSERT INTO `dim_ip` VALUES (5158, '183.186.203.163', 3082472355, 3, 25, 510219, 100023);
INSERT INTO `dim_ip` VALUES (5159, '210.12.122.133', 3524033157, 3, 5, 510102, 100023);
INSERT INTO `dim_ip` VALUES (5160, '223.104.9.179', 3748137395, 3, 2, 510101, 100022);
INSERT INTO `dim_ip` VALUES (5161, '113.141.114.149', 1905095317, 3, 9, 510366, 100019);
INSERT INTO `dim_ip` VALUES (5162, '117.136.62.24', 1971863064, 3, 2, 510101, 100022);
INSERT INTO `dim_ip` VALUES (5163, '114.242.249.172', 1928526252, 3, 5, 510102, 100023);
INSERT INTO `dim_ip` VALUES (5164, '171.210.202.51', 2882718259, 3, 2, 510101, 100019);
INSERT INTO `dim_ip` VALUES (5165, '117.136.53.135', 1971860871, 3, 15, 510115, 100022);
INSERT INTO `dim_ip` VALUES (5166, '125.70.176.170', 2101784746, 3, 2, 510101, 100019);
INSERT INTO `dim_ip` VALUES (5167, '223.104.3.196', 3748135876, 3, 5, 510102, 100022);
INSERT INTO `dim_ip` VALUES (5168, '223.104.3.165', 3748135845, 3, 5, 510102, 100022);
INSERT INTO `dim_ip` VALUES (5169, '171.216.68.247', 2883077367, 3, 2, 510101, 100019);
INSERT INTO `dim_ip` VALUES (5170, '182.149.167.251', 3063261179, 3, 2, 510101, 100019);
INSERT INTO `dim_ip` VALUES (5171, '182.149.157.184', 3063258552, 3, 2, 510101, 100019);
INSERT INTO `dim_ip` VALUES (5172, '125.85.255.126', 2102787966, 3, 33, 510164, 100019);
INSERT INTO `dim_ip` VALUES (5173, '221.217.54.24', 3721999896, 3, 5, 510102, 100023);
INSERT INTO `dim_ip` VALUES (5174, '117.145.142.109', 1972473453, 3, 41, 510385, 100022);
INSERT INTO `dim_ip` VALUES (5175, '115.231.149.205', 1944557005, 3, 13, 510221, 100019);
INSERT INTO `dim_ip` VALUES (5176, '112.224.67.125', 1893745533, 3, 12, 510114, 100023);
INSERT INTO `dim_ip` VALUES (5177, '222.85.133.124', 3730146684, 3, 35, 510171, 100019);
INSERT INTO `dim_ip` VALUES (5178, '1.81.249.12', 22149388, 3, 9, 510366, 100019);
INSERT INTO `dim_ip` VALUES (5179, '180.130.2.1', 3028419073, 3, 21, 510154, 100023);
INSERT INTO `dim_ip` VALUES (5180, '61.148.245.59', 1033172283, 3, 5, 510102, 100023);
INSERT INTO `dim_ip` VALUES (5181, '117.136.53.195', 1971860931, 3, 15, 510115, 100022);
INSERT INTO `dim_ip` VALUES (5182, '119.4.252.100', 1996815460, 3, 2, 510101, 100023);
INSERT INTO `dim_ip` VALUES (5183, '171.209.82.188', 2882622140, 3, 2, 510101, 100019);
INSERT INTO `dim_ip` VALUES (5184, '117.136.63.9', 1971863305, 3, 2, 510101, 100022);
INSERT INTO `dim_ip` VALUES (5185, '223.104.12.100', 3748138084, 3, 21, 510154, 100022);
INSERT INTO `dim_ip` VALUES (5186, '1.86.145.231', 22450663, 3, 9, 510106, 100019);
INSERT INTO `dim_ip` VALUES (5187, '223.72.97.169', 3746062761, 3, 5, 510102, 100022);
INSERT INTO `dim_ip` VALUES (5188, '125.32.196.7', 2099299335, 3, 43, 510191, 100023);
INSERT INTO `dim_ip` VALUES (5189, '27.11.0.220', 453705948, 3, 33, 510164, 100023);
INSERT INTO `dim_ip` VALUES (5190, '119.163.169.90', 2007214426, 3, 12, 510114, 100023);
INSERT INTO `dim_ip` VALUES (5191, '117.136.98.212', 1971872468, 3, 30, 510372, 100022);
INSERT INTO `dim_ip` VALUES (5192, '123.156.40.36', 2073831460, 3, 13, 510236, 100023);
INSERT INTO `dim_ip` VALUES (5193, '60.4.162.250', 1006936826, 3, 22, 510147, 100023);
INSERT INTO `dim_ip` VALUES (5194, '182.148.33.224', 3063161312, 3, 2, 510101, 100019);
INSERT INTO `dim_ip` VALUES (5195, '113.57.247.164', 1899624356, 3, 15, 510115, 100023);
INSERT INTO `dim_ip` VALUES (5196, '111.9.8.155', 1862863003, 3, 2, 510101, 100022);
INSERT INTO `dim_ip` VALUES (5197, '210.21.228.212', 3524650196, 3, 6, 510125, 100023);
INSERT INTO `dim_ip` VALUES (5198, '110.191.137.15', 1858046223, 3, 2, 510348, 100019);
INSERT INTO `dim_ip` VALUES (5199, '175.167.136.40', 2946992168, 3, 17, 510155, 100023);
INSERT INTO `dim_ip` VALUES (5200, '171.40.219.38', 2871581478, 3, 15, 510374, 100019);
INSERT INTO `dim_ip` VALUES (5201, '101.81.152.137', 1699846281, 3, 7, 510104, 100019);
INSERT INTO `dim_ip` VALUES (5202, '122.194.178.50', 2059579954, 3, 11, 510242, 100023);
INSERT INTO `dim_ip` VALUES (5203, '183.197.60.117', 3083156597, 3, 22, 510161, 100022);
INSERT INTO `dim_ip` VALUES (5204, '175.167.128.164', 2946990244, 3, 17, 510155, 100023);
INSERT INTO `dim_ip` VALUES (5205, '61.158.147.232', 1033802728, 3, 16, 510257, 100023);
INSERT INTO `dim_ip` VALUES (5206, '183.225.46.13', 3084987917, 3, 21, 510154, 100022);
INSERT INTO `dim_ip` VALUES (5207, '61.185.30.141', 1035542157, 3, 9, 510220, 100019);
INSERT INTO `dim_ip` VALUES (5208, '110.155.233.129', 1855711617, 3, 41, 510335, 100019);
INSERT INTO `dim_ip` VALUES (5209, '221.13.63.76', 3708632908, 3, 35, 510237, 100023);
INSERT INTO `dim_ip` VALUES (5210, '182.245.171.199', 3069553607, 3, 21, 510154, 100019);
INSERT INTO `dim_ip` VALUES (5211, '117.136.97.109', 1971872109, 3, 5, 510102, 100022);
INSERT INTO `dim_ip` VALUES (5212, '112.28.179.188', 1880929212, 3, 7, 510104, 100022);
INSERT INTO `dim_ip` VALUES (5213, '27.47.232.148', 456124564, 3, 6, 510140, 100023);
INSERT INTO `dim_ip` VALUES (5214, '223.104.90.70', 3748158022, 3, 30, 510150, 100022);
INSERT INTO `dim_ip` VALUES (5215, '113.200.107.102', 1908960102, 3, 9, 510106, 100023);
INSERT INTO `dim_ip` VALUES (5216, '49.112.60.208', 829439184, 3, 41, 510210, 100019);
INSERT INTO `dim_ip` VALUES (5217, '111.167.140.199', 1873251527, 3, 14, 510113, 100023);
INSERT INTO `dim_ip` VALUES (5218, '120.197.198.140', 2026227340, 3, 6, 510201, 100022);
INSERT INTO `dim_ip` VALUES (5219, '1.84.62.130', 22298242, 3, 9, 510366, 100019);
INSERT INTO `dim_ip` VALUES (5220, '117.136.16.128', 1971851392, 3, 21, 510154, 100022);
INSERT INTO `dim_ip` VALUES (5221, '171.217.122.24', 2883156504, 3, 2, 510101, 100019);
INSERT INTO `dim_ip` VALUES (5222, '117.136.85.254', 1971869182, 3, 21, 510154, 100022);
INSERT INTO `dim_ip` VALUES (5223, '171.210.232.146', 2882726034, 3, 2, 510101, 100019);
INSERT INTO `dim_ip` VALUES (5224, '61.158.147.239', 1033802735, 3, 16, 510257, 100023);
INSERT INTO `dim_ip` VALUES (5225, '182.107.36.40', 3060474920, 3, 32, 510342, 100019);
INSERT INTO `dim_ip` VALUES (5226, '101.81.255.201', 1699872713, 3, 7, 510104, 100019);
INSERT INTO `dim_ip` VALUES (5227, '14.16.238.237', 235990765, 3, 6, 510140, 100019);
INSERT INTO `dim_ip` VALUES (5228, '61.148.243.122', 1033171834, 3, 5, 510102, 100023);
INSERT INTO `dim_ip` VALUES (5229, '124.65.168.26', 2084677658, 3, 5, 510102, 100023);
INSERT INTO `dim_ip` VALUES (5230, '123.178.50.11', 2075275787, 3, 8, 510119, 100019);
INSERT INTO `dim_ip` VALUES (5231, '124.207.174.242', 2093985522, 3, 5, 510102, 100020);
INSERT INTO `dim_ip` VALUES (5232, '61.148.243.244', 1033171956, 3, 5, 510102, 100023);
INSERT INTO `dim_ip` VALUES (5233, '117.136.47.183', 1971859383, 3, 22, 510165, 100022);
INSERT INTO `dim_ip` VALUES (5234, '106.108.66.154', 1785479834, 3, 6, 510140, 100019);
INSERT INTO `dim_ip` VALUES (5235, '106.9.81.151', 1778995607, 3, 22, 510136, 100019);
INSERT INTO `dim_ip` VALUES (5236, '183.93.160.243', 3076366579, 3, 15, 510132, 100023);
INSERT INTO `dim_ip` VALUES (5237, '113.57.246.204', 1899624140, 3, 15, 510115, 100023);
INSERT INTO `dim_ip` VALUES (5238, '110.181.132.127', 1857389695, 3, 25, 510311, 100019);
INSERT INTO `dim_ip` VALUES (5239, '59.175.231.214', 1001383894, 3, 15, 510115, 100019);
INSERT INTO `dim_ip` VALUES (5240, '218.201.21.200', 3670611400, 3, 33, 510164, 100022);
INSERT INTO `dim_ip` VALUES (5241, '111.196.212.163', 1875170467, 3, 5, 510102, 100023);
INSERT INTO `dim_ip` VALUES (5242, '125.70.77.40', 2101759272, 3, 2, 510101, 100019);
INSERT INTO `dim_ip` VALUES (5243, '117.136.63.168', 1971863464, 3, 2, 510101, 100022);
INSERT INTO `dim_ip` VALUES (5244, '117.136.103.80', 1971873616, 3, 34, 510168, 100022);
INSERT INTO `dim_ip` VALUES (5245, '110.184.65.65', 1857569089, 3, 2, 510101, 100019);
INSERT INTO `dim_ip` VALUES (5246, '171.221.142.79', 2883423823, 3, 2, 510101, 100019);
INSERT INTO `dim_ip` VALUES (5247, '14.110.223.145', 242147217, 3, 33, 510164, 100019);
INSERT INTO `dim_ip` VALUES (5248, '171.217.56.130', 2883139714, 3, 2, 510101, 100019);
INSERT INTO `dim_ip` VALUES (5249, '183.160.23.155', 3080722331, 3, 34, 510168, 100019);
INSERT INTO `dim_ip` VALUES (5250, '221.13.1.244', 3708617204, 3, 35, 510171, 100023);
INSERT INTO `dim_ip` VALUES (5251, '60.31.190.138', 1008713354, 3, 8, 510105, 100023);
INSERT INTO `dim_ip` VALUES (5252, '101.249.123.230', 1710848998, 3, 46, 510365, 100019);
INSERT INTO `dim_ip` VALUES (5253, '171.37.32.37', 2871336997, 3, 30, 510150, 100023);
INSERT INTO `dim_ip` VALUES (5254, '122.189.11.68', 2059209540, 3, 15, 510306, 100023);
INSERT INTO `dim_ip` VALUES (5255, '60.220.119.191', 1021081535, 3, 25, 510328, 100023);
INSERT INTO `dim_ip` VALUES (5256, '113.233.173.173', 1911139757, 3, 17, 510155, 100023);
INSERT INTO `dim_ip` VALUES (5257, '223.91.192.55', 3747332151, 3, 16, 510303, 100022);
INSERT INTO `dim_ip` VALUES (5258, '61.51.92.251', 1026776315, 3, 5, 510102, 100023);
INSERT INTO `dim_ip` VALUES (5259, '114.237.115.233', 1928164329, 3, 11, 510157, 100019);
INSERT INTO `dim_ip` VALUES (5260, '117.158.152.138', 1973328010, 3, 16, 510199, 100022);
INSERT INTO `dim_ip` VALUES (5261, '223.104.9.196', 3748137412, 3, 2, 510101, 100022);
INSERT INTO `dim_ip` VALUES (5262, '61.148.245.119', 1033172343, 3, 5, 510102, 100023);
INSERT INTO `dim_ip` VALUES (5263, '117.136.38.56', 1971856952, 3, 5, 510102, 100022);
INSERT INTO `dim_ip` VALUES (5264, '219.153.96.111', 3684261999, 3, 33, 510164, 100019);
INSERT INTO `dim_ip` VALUES (5265, '111.43.216.183', 1865144503, 3, 19, 510124, 100022);
INSERT INTO `dim_ip` VALUES (5266, '121.31.251.144', 2032139152, 3, 30, 510150, 100023);
INSERT INTO `dim_ip` VALUES (5267, '183.198.14.38', 3083210278, 3, 22, 510211, 100022);
INSERT INTO `dim_ip` VALUES (5268, '106.85.240.178', 1784017074, 3, 33, 510164, 100019);
INSERT INTO `dim_ip` VALUES (5269, '182.246.68.52', 3069592628, 3, 21, 510308, 100019);
INSERT INTO `dim_ip` VALUES (5270, '171.10.206.101', 2869612133, 3, 16, 510199, 100019);
INSERT INTO `dim_ip` VALUES (5271, '223.104.24.123', 3748141179, 3, 35, 510171, 100022);
INSERT INTO `dim_ip` VALUES (5272, '120.194.88.226', 2026002658, 3, 16, 510196, 100022);
INSERT INTO `dim_ip` VALUES (5273, '106.43.165.9', 1781245193, 3, 35, 510171, 100019);
INSERT INTO `dim_ip` VALUES (5274, '122.192.13.15', 2059406607, 3, 11, 510111, 100023);
INSERT INTO `dim_ip` VALUES (5275, '219.145.169.131', 3683756419, 3, 9, 510238, 100019);
INSERT INTO `dim_ip` VALUES (5276, '61.144.194.116', 1032897140, 3, 6, 510125, 100019);
INSERT INTO `dim_ip` VALUES (5277, '223.91.34.183', 3747291831, 3, 16, 510117, 100022);
INSERT INTO `dim_ip` VALUES (5278, '113.133.198.212', 1904592596, 3, 9, 510106, 100019);
INSERT INTO `dim_ip` VALUES (5279, '116.11.116.254', 1946907902, 3, 30, 510383, 100019);
INSERT INTO `dim_ip` VALUES (5280, '119.57.68.162', 2000241826, 3, 5, 510102, 100031);
INSERT INTO `dim_ip` VALUES (5281, '119.1.209.42', 1996607786, 3, 35, 510386, 100019);
INSERT INTO `dim_ip` VALUES (5282, '183.222.128.101', 3084812389, 3, 2, 510226, 100022);
INSERT INTO `dim_ip` VALUES (5283, '110.156.213.84', 1855771988, 3, 41, 510187, 100019);
INSERT INTO `dim_ip` VALUES (5284, '180.130.54.168', 3028432552, 3, 21, 510154, 100023);
INSERT INTO `dim_ip` VALUES (5285, '223.104.63.77', 3748151117, 3, 6, 510125, 100022);
INSERT INTO `dim_ip` VALUES (5286, '180.130.10.151', 3028421271, 3, 21, 510154, 100023);
INSERT INTO `dim_ip` VALUES (5287, '101.206.166.14', 1708041742, 3, 2, 510101, 100023);
INSERT INTO `dim_ip` VALUES (5288, '113.110.153.8', 1903073544, 3, 6, 510125, 100019);
INSERT INTO `dim_ip` VALUES (5289, '117.136.29.137', 1971854729, 3, 40, 510186, 100022);
INSERT INTO `dim_ip` VALUES (5290, '221.207.37.63', 3721340223, 3, 40, 510186, 100023);
INSERT INTO `dim_ip` VALUES (5291, '36.182.48.155', 615919771, 3, 5, 510102, 100022);
INSERT INTO `dim_ip` VALUES (5292, '223.104.16.78', 3748139086, 3, 43, 510189, 100022);
INSERT INTO `dim_ip` VALUES (5293, '110.156.251.136', 1855781768, 3, 41, 510187, 100019);
INSERT INTO `dim_ip` VALUES (5294, '117.173.161.1', 1974313217, 3, 2, 510194, 100022);
INSERT INTO `dim_ip` VALUES (5295, '180.102.217.162', 3026639266, 3, 11, 510111, 100019);
INSERT INTO `dim_ip` VALUES (5296, '111.26.35.211', 1863984083, 3, 43, 510191, 100022);
INSERT INTO `dim_ip` VALUES (5297, '1.86.145.60', 22450492, 3, 9, 510106, 100019);
INSERT INTO `dim_ip` VALUES (5298, '115.171.60.10', 1940601866, 3, 5, 510102, 100019);
INSERT INTO `dim_ip` VALUES (5299, '114.249.152.253', 1928960253, 3, 5, 510102, 100023);
INSERT INTO `dim_ip` VALUES (5300, '111.194.46.83', 1874996819, 3, 5, 510102, 100023);
INSERT INTO `dim_ip` VALUES (5301, '223.72.72.165', 3746056357, 3, 5, 510102, 100022);
INSERT INTO `dim_ip` VALUES (5302, '117.171.223.193', 1974198209, 3, 32, 510169, 100022);
INSERT INTO `dim_ip` VALUES (5303, '124.119.124.25', 2088205337, 3, 41, 510210, 100019);
INSERT INTO `dim_ip` VALUES (5304, '117.172.8.231', 1974208743, 3, 2, 510101, 100022);
INSERT INTO `dim_ip` VALUES (5305, '112.224.65.200', 1893745096, 3, 12, 510114, 100023);
INSERT INTO `dim_ip` VALUES (5306, '117.80.22.60', 1968182844, 3, 11, 510108, 100019);
INSERT INTO `dim_ip` VALUES (5307, '117.136.67.211', 1971864531, 3, 11, 510108, 100022);
INSERT INTO `dim_ip` VALUES (5308, '123.124.196.6', 2071774214, 3, 5, 510102, 100023);
INSERT INTO `dim_ip` VALUES (5309, '114.138.92.242', 1921670386, 3, 35, 510355, 100019);
INSERT INTO `dim_ip` VALUES (5310, '223.104.106.160', 3748162208, 3, 5, 510102, 100022);
INSERT INTO `dim_ip` VALUES (5311, '117.175.183.10', 1974449930, 3, 2, 510101, 100022);
INSERT INTO `dim_ip` VALUES (5312, '171.221.147.212', 2883425236, 3, 2, 510101, 100019);
INSERT INTO `dim_ip` VALUES (5313, '171.221.147.27', 2883425051, 3, 2, 510101, 100019);
INSERT INTO `dim_ip` VALUES (5314, '117.136.70.37', 1971865125, 3, 2, 510101, 100022);
INSERT INTO `dim_ip` VALUES (5315, '182.86.207.201', 3059142601, 3, 32, 510214, 100019);
INSERT INTO `dim_ip` VALUES (5316, '61.158.146.190', 1033802430, 3, 16, 510148, 100023);
INSERT INTO `dim_ip` VALUES (5317, '183.216.124.172', 3084418220, 3, 32, 510169, 100022);
INSERT INTO `dim_ip` VALUES (5318, '171.214.132.211', 2882962643, 3, 2, 510101, 100019);
INSERT INTO `dim_ip` VALUES (5319, '218.77.77.208', 3662499280, 3, 20, 510350, 100019);
INSERT INTO `dim_ip` VALUES (5320, '116.95.119.120', 1952413560, 3, 8, 510382, 100023);
INSERT INTO `dim_ip` VALUES (5321, '111.112.167.148', 1869653908, 3, 37, 510387, 100019);
INSERT INTO `dim_ip` VALUES (5322, '180.172.242.54', 3031233078, 3, 7, 510104, 100019);
INSERT INTO `dim_ip` VALUES (5323, '183.16.193.154', 3071328666, 3, 6, 510125, 100019);
INSERT INTO `dim_ip` VALUES (5324, '116.233.23.139', 1961432971, 3, 7, 510104, 100019);
INSERT INTO `dim_ip` VALUES (5325, '113.106.97.246', 1902797302, 3, 6, 510143, 100019);
INSERT INTO `dim_ip` VALUES (5326, '113.5.2.78', 1896153678, 3, 19, 510124, 100023);
INSERT INTO `dim_ip` VALUES (5327, '1.82.229.158', 22209950, 3, 9, 510180, 100019);
INSERT INTO `dim_ip` VALUES (5328, '59.40.57.111', 992491887, 3, 6, 510125, 100019);
INSERT INTO `dim_ip` VALUES (5329, '117.157.32.123', 1973231739, 3, 5, 510102, 100022);
INSERT INTO `dim_ip` VALUES (5330, '183.133.85.227', 3078968803, 3, 13, 510309, 100019);
INSERT INTO `dim_ip` VALUES (5331, '223.104.95.160', 3748159392, 3, 5, 510102, 100022);
INSERT INTO `dim_ip` VALUES (5332, '120.70.15.70', 2017857350, 3, 41, 510343, 100019);
INSERT INTO `dim_ip` VALUES (5333, '116.117.134.11', 1953859083, 3, 8, 510105, 100023);
INSERT INTO `dim_ip` VALUES (5334, '117.190.88.203', 1975408843, 3, 41, 510187, 100022);
INSERT INTO `dim_ip` VALUES (5335, '120.236.138.111', 2028767855, 3, 6, 510140, 100022);
INSERT INTO `dim_ip` VALUES (5336, '123.147.246.108', 2073294444, 3, 33, 510164, 100023);
INSERT INTO `dim_ip` VALUES (5337, '117.136.26.214', 1971854038, 3, 41, 510187, 100022);
INSERT INTO `dim_ip` VALUES (5338, '218.16.129.44', 3658514732, 3, 6, 510388, 100019);
INSERT INTO `dim_ip` VALUES (5339, '1.181.247.147', 28702611, 3, 8, 510178, 100019);
INSERT INTO `dim_ip` VALUES (5340, '120.70.216.158', 2017908894, 3, 41, 510187, 100019);
INSERT INTO `dim_ip` VALUES (5341, '106.85.244.158', 1784018078, 3, 33, 510164, 100019);
INSERT INTO `dim_ip` VALUES (5342, '124.128.37.130', 2088772994, 3, 12, 510114, 100023);
INSERT INTO `dim_ip` VALUES (5343, '111.18.73.64', 1863469376, 3, 5, 510102, 100022);
INSERT INTO `dim_ip` VALUES (5344, '180.152.20.178', 3029865650, 3, 7, 510104, 100019);
INSERT INTO `dim_ip` VALUES (5345, '117.136.79.189', 1971867581, 3, 6, 510140, 100022);
INSERT INTO `dim_ip` VALUES (5346, '223.104.63.245', 3748151285, 3, 6, 510125, 100022);
INSERT INTO `dim_ip` VALUES (5347, '110.167.170.6', 1856481798, 3, 40, 510186, 100019);
INSERT INTO `dim_ip` VALUES (5348, '223.104.12.37', 3748138021, 3, 21, 510154, 100022);
INSERT INTO `dim_ip` VALUES (5349, '211.94.250.133', 3546217093, 3, 14, 510113, -9);
INSERT INTO `dim_ip` VALUES (5350, '119.62.124.212', 2000583892, 3, 21, 510154, 100023);
INSERT INTO `dim_ip` VALUES (5351, '117.136.4.146', 1971848338, 3, 25, 510137, 100022);
INSERT INTO `dim_ip` VALUES (5352, '223.104.14.4', 3748138500, 3, 25, 510137, 100022);
INSERT INTO `dim_ip` VALUES (5353, '117.136.97.124', 1971872124, 3, 5, 510102, 100022);
INSERT INTO `dim_ip` VALUES (5354, '117.136.85.89', 1971869017, 3, 21, 510154, 100022);
INSERT INTO `dim_ip` VALUES (5355, '223.104.25.245', 3748141557, 3, 33, 510164, 100022);
INSERT INTO `dim_ip` VALUES (5356, '223.104.12.157', 3748138141, 3, 21, 510154, 100022);
INSERT INTO `dim_ip` VALUES (5357, '119.4.253.159', 1996815775, 3, 2, 510101, 100023);
INSERT INTO `dim_ip` VALUES (5358, '120.69.11.90', 2017790810, 3, 41, 510314, 100019);
INSERT INTO `dim_ip` VALUES (5359, '112.97.58.61', 1885420093, 3, 6, 510125, 100023);
INSERT INTO `dim_ip` VALUES (5360, '124.78.161.82', 2085527890, 3, 7, 510104, 100019);
INSERT INTO `dim_ip` VALUES (5361, '183.93.160.20', 3076366356, 3, 15, 510132, 100023);
INSERT INTO `dim_ip` VALUES (5362, '106.83.233.78', 1783884110, 3, 33, 510164, 100019);
INSERT INTO `dim_ip` VALUES (5363, '117.174.0.157', 1974337693, 3, 2, 510195, 100022);
INSERT INTO `dim_ip` VALUES (5364, '117.173.212.137', 1974326409, 3, 2, 510101, 100022);
INSERT INTO `dim_ip` VALUES (5365, '106.84.8.57', 1783892025, 3, 33, 510164, 100019);
INSERT INTO `dim_ip` VALUES (5366, '106.124.193.199', 1786560967, 3, 6, 510140, 100019);
INSERT INTO `dim_ip` VALUES (5367, '171.221.139.38', 2883423014, 3, 2, 510101, 100019);
INSERT INTO `dim_ip` VALUES (5368, '223.85.220.145', 3746946193, 3, 2, 510101, 100022);
INSERT INTO `dim_ip` VALUES (5369, '61.158.152.106', 1033803882, 3, 16, 510199, 100023);
INSERT INTO `dim_ip` VALUES (5370, '110.156.196.34', 1855767586, 3, 41, 510187, 100019);
INSERT INTO `dim_ip` VALUES (5371, '171.221.141.219', 2883423707, 3, 2, 510101, 100019);
INSERT INTO `dim_ip` VALUES (5372, '122.225.220.136', 2061622408, 3, 13, 510110, 100019);
INSERT INTO `dim_ip` VALUES (5373, '112.44.106.128', 1881959040, 3, 2, 510101, 100022);
INSERT INTO `dim_ip` VALUES (5374, '117.174.86.253', 1974359805, 3, 2, 510101, 100022);
INSERT INTO `dim_ip` VALUES (5375, '124.126.239.197', 2088693701, 3, 5, 510102, 100019);
INSERT INTO `dim_ip` VALUES (5376, '120.85.91.97', 2018859873, 3, 6, 510140, 100023);
INSERT INTO `dim_ip` VALUES (5377, '112.97.53.167', 1885418919, 3, 6, 510125, 100023);
INSERT INTO `dim_ip` VALUES (5378, '61.148.244.34', 1033172002, 3, 5, 510102, 100023);
INSERT INTO `dim_ip` VALUES (5379, '121.31.111.250', 2032103418, 3, 30, 510283, 100023);
INSERT INTO `dim_ip` VALUES (5380, '117.139.255.91', 1972109147, 3, 2, 510101, 100022);
INSERT INTO `dim_ip` VALUES (5381, '36.102.220.87', 610720855, 3, 13, 510110, 100019);
INSERT INTO `dim_ip` VALUES (5382, '221.219.130.190', 3722150590, 3, 5, 510102, 100023);
INSERT INTO `dim_ip` VALUES (5383, '111.194.49.87', 1874997591, 3, 5, 510102, 100023);
INSERT INTO `dim_ip` VALUES (5384, '111.194.46.195', 1874996931, 3, 5, 510102, 100023);
INSERT INTO `dim_ip` VALUES (5385, '60.175.87.7', 1018124039, 3, 34, 510389, 100019);
INSERT INTO `dim_ip` VALUES (5386, '180.138.101.230', 3028968934, 3, 30, 510372, 100019);
INSERT INTO `dim_ip` VALUES (5387, '223.72.72.57', 3746056249, 3, 5, 510102, 100022);
INSERT INTO `dim_ip` VALUES (5388, '27.13.91.52', 453860148, 3, 33, 510164, 100023);
INSERT INTO `dim_ip` VALUES (5389, '111.194.51.115', 1874998131, 3, 5, 510102, 100023);
INSERT INTO `dim_ip` VALUES (5390, '202.108.247.3', 3396138755, 3, 5, 510102, 100023);
INSERT INTO `dim_ip` VALUES (5391, '223.104.9.211', 3748137427, 3, 2, 510101, 100022);
INSERT INTO `dim_ip` VALUES (5392, '117.136.90.92', 1971870300, 3, 5, 510102, 100022);
INSERT INTO `dim_ip` VALUES (5393, '117.136.0.241', 1971847409, 3, 5, 510102, 100022);
INSERT INTO `dim_ip` VALUES (5394, '171.210.216.241', 2882722033, 3, 2, 510101, 100019);
INSERT INTO `dim_ip` VALUES (5395, '223.104.175.196', 3748179908, 3, 17, 510155, 100022);
INSERT INTO `dim_ip` VALUES (5396, '219.129.189.26', 3682712858, 3, 6, 510390, 100019);
INSERT INTO `dim_ip` VALUES (5397, '36.100.188.219', 610581723, 3, 13, 510110, 100019);
INSERT INTO `dim_ip` VALUES (5398, '113.249.106.82', 1912171090, 3, 33, 510164, 100019);
INSERT INTO `dim_ip` VALUES (5399, '124.127.168.160', 2088741024, 3, 5, 510102, 100019);
INSERT INTO `dim_ip` VALUES (5400, '117.136.65.174', 1971863982, 3, 2, 510101, 100022);
INSERT INTO `dim_ip` VALUES (5401, '117.136.80.41', 1971867689, 3, 21, 510154, 100022);
INSERT INTO `dim_ip` VALUES (5402, '114.248.229.119', 1928914295, 3, 5, 510102, 100023);
INSERT INTO `dim_ip` VALUES (5403, '110.87.26.83', 1851202131, 3, 18, 510129, 100019);
INSERT INTO `dim_ip` VALUES (5404, '59.172.180.214', 1001174230, 3, 15, 510115, 100019);
INSERT INTO `dim_ip` VALUES (5405, '112.54.36.65', 1882596417, 3, 18, 510391, 100022);
INSERT INTO `dim_ip` VALUES (5406, '153.0.163.142', 2566955918, 3, 29, 510200, 100023);
INSERT INTO `dim_ip` VALUES (5407, '220.195.64.160', 3703783584, 3, 13, 510110, 100023);
INSERT INTO `dim_ip` VALUES (5408, '124.118.219.167', 2088164263, 3, 41, 510252, 100019);
INSERT INTO `dim_ip` VALUES (5409, '117.136.11.193', 1971850177, 3, 18, 510120, 100022);
INSERT INTO `dim_ip` VALUES (5410, '61.158.149.70', 1033803078, 3, 16, 510257, 100023);
INSERT INTO `dim_ip` VALUES (5411, '120.193.228.233', 2025972969, 3, 8, 510273, 100022);
INSERT INTO `dim_ip` VALUES (5412, '113.220.67.92', 1910260572, 3, 20, 510126, 100019);

-- ----------------------------
-- Table structure for dim_isp
-- ----------------------------
DROP TABLE IF EXISTS `dim_isp`;
CREATE TABLE `dim_isp`  (
  `id` int(10) NOT NULL AUTO_INCREMENT COMMENT '运营商ID',
  `name` varchar(64) CHARACTER SET utf8 COLLATE utf8_bin NOT NULL COMMENT '运营商名称',
  PRIMARY KEY (`id`) USING BTREE
) ENGINE = InnoDB AUTO_INCREMENT = 100040 CHARACTER SET = utf8 COLLATE = utf8_bin COMMENT = '固网运营商字典表' ROW_FORMAT = Dynamic;

-- ----------------------------
-- Records of dim_isp
-- ----------------------------
INSERT INTO `dim_isp` VALUES (-9, '未知');
INSERT INTO `dim_isp` VALUES (100019, '电信');
INSERT INTO `dim_isp` VALUES (100020, '鹏博士');
INSERT INTO `dim_isp` VALUES (100022, '移动');
INSERT INTO `dim_isp` VALUES (100023, '联通');
INSERT INTO `dim_isp` VALUES (100024, '有线通');
INSERT INTO `dim_isp` VALUES (100025, '龙腾佳讯');
INSERT INTO `dim_isp` VALUES (100026, '方正网络');
INSERT INTO `dim_isp` VALUES (100027, '263网络');
INSERT INTO `dim_isp` VALUES (100028, '森华易腾');
INSERT INTO `dim_isp` VALUES (100029, '铁通');
INSERT INTO `dim_isp` VALUES (100030, '中华电信');
INSERT INTO `dim_isp` VALUES (100031, '日升天信科技');
INSERT INTO `dim_isp` VALUES (100032, 'NEWWORLDTEL');
INSERT INTO `dim_isp` VALUES (100033, '阿里云');
INSERT INTO `dim_isp` VALUES (100034, '教育网');
INSERT INTO `dim_isp` VALUES (100035, '零色沸点网络');
INSERT INTO `dim_isp` VALUES (100036, 'PCCW');
INSERT INTO `dim_isp` VALUES (100037, '天威宽带');
INSERT INTO `dim_isp` VALUES (100038, '华数');
INSERT INTO `dim_isp` VALUES (100039, '广电网');

-- ----------------------------
-- Table structure for dim_manufacturer
-- ----------------------------
DROP TABLE IF EXISTS `dim_manufacturer`;
CREATE TABLE `dim_manufacturer`  (
  `id` int(10) NOT NULL AUTO_INCREMENT,
  `name` varchar(64) CHARACTER SET utf8 COLLATE utf8_general_ci NOT NULL COMMENT '设备生产厂家名称',
  `name_lowercase` varchar(500) CHARACTER SET utf8 COLLATE utf8_general_ci NOT NULL COMMENT '移动设备生产厂家名称(小写)',
  PRIMARY KEY (`id`) USING BTREE
) ENGINE = InnoDB AUTO_INCREMENT = 72 CHARACTER SET = utf8 COLLATE = utf8_general_ci ROW_FORMAT = Dynamic;

-- ----------------------------
-- Records of dim_manufacturer
-- ----------------------------
INSERT INTO `dim_manufacturer` VALUES (-9, '未知', '未知');
INSERT INTO `dim_manufacturer` VALUES (1, 'Apple', 'apple');
INSERT INTO `dim_manufacturer` VALUES (2, '时信', '时信');
INSERT INTO `dim_manufacturer` VALUES (3, 'google', 'google');
INSERT INTO `dim_manufacturer` VALUES (4, 'LGE', 'lge');
INSERT INTO `dim_manufacturer` VALUES (5, 'HUAWEI', 'huawei');
INSERT INTO `dim_manufacturer` VALUES (6, 'Xiaomi', 'xiaomi');
INSERT INTO `dim_manufacturer` VALUES (7, 'samsung', 'samsung');
INSERT INTO `dim_manufacturer` VALUES (8, 'LENOVO', 'lenovo');
INSERT INTO `dim_manufacturer` VALUES (9, 'HTC', 'htc');
INSERT INTO `dim_manufacturer` VALUES (10, 'BBK', 'bbk');
INSERT INTO `dim_manufacturer` VALUES (11, 'Meizu', 'meizu');
INSERT INTO `dim_manufacturer` VALUES (12, 'alps', 'alps');
INSERT INTO `dim_manufacturer` VALUES (13, 'Coolpad', 'coolpad');
INSERT INTO `dim_manufacturer` VALUES (14, 'YuLong', 'yulong');
INSERT INTO `dim_manufacturer` VALUES (15, 'ZTE', 'zte');
INSERT INTO `dim_manufacturer` VALUES (16, 'Baidu', 'baidu');
INSERT INTO `dim_manufacturer` VALUES (17, 'GiONEE', 'gionee');
INSERT INTO `dim_manufacturer` VALUES (18, 'vivo', 'vivo');
INSERT INTO `dim_manufacturer` VALUES (19, 'Dakele', 'dakele');
INSERT INTO `dim_manufacturer` VALUES (20, 'Letv', 'letv');
INSERT INTO `dim_manufacturer` VALUES (21, 'smartisan', 'smartisan');
INSERT INTO `dim_manufacturer` VALUES (22, 'OPPO', 'oppo');
INSERT INTO `dim_manufacturer` VALUES (23, 'bignox', 'bignox');
INSERT INTO `dim_manufacturer` VALUES (24, 'QiKU', 'qiku');
INSERT INTO `dim_manufacturer` VALUES (25, 'motorola', 'motorola');
INSERT INTO `dim_manufacturer` VALUES (26, 'wellphone', 'wellphone');
INSERT INTO `dim_manufacturer` VALUES (27, 'CMDC', 'cmdc');
INSERT INTO `dim_manufacturer` VALUES (28, 'K-Touch', 'k-touch');
INSERT INTO `dim_manufacturer` VALUES (29, 'LeMobile', 'lemobile');
INSERT INTO `dim_manufacturer` VALUES (30, 'ancroic', 'ancroic');
INSERT INTO `dim_manufacturer` VALUES (31, 'bifer', 'bifer');
INSERT INTO `dim_manufacturer` VALUES (32, 'ZUK', 'zuk');
INSERT INTO `dim_manufacturer` VALUES (33, '22', '22');
INSERT INTO `dim_manufacturer` VALUES (34, '23', '23');
INSERT INTO `dim_manufacturer` VALUES (35, '19', '19');
INSERT INTO `dim_manufacturer` VALUES (36, '24', '24');
INSERT INTO `dim_manufacturer` VALUES (37, '21', '21');
INSERT INTO `dim_manufacturer` VALUES (38, 'lephone', 'lephone');
INSERT INTO `dim_manufacturer` VALUES (39, '18', '18');
INSERT INTO `dim_manufacturer` VALUES (40, 'XIAOYANGSHU', 'xiaoyangshu');
INSERT INTO `dim_manufacturer` VALUES (41, '25', '25');
INSERT INTO `dim_manufacturer` VALUES (42, 'Jide', 'jide');
INSERT INTO `dim_manufacturer` VALUES (43, 'nubia', 'nubia');
INSERT INTO `dim_manufacturer` VALUES (44, 'ia32', 'ia32');
INSERT INTO `dim_manufacturer` VALUES (45, '6.0.1', '6.0.1');
INSERT INTO `dim_manufacturer` VALUES (46, '6.0', '6.0');
INSERT INTO `dim_manufacturer` VALUES (47, '5.1', '5.1');
INSERT INTO `dim_manufacturer` VALUES (48, 'x64', 'x64');
INSERT INTO `dim_manufacturer` VALUES (49, '7.0', '7.0');
INSERT INTO `dim_manufacturer` VALUES (50, '7.1.2', '7.1.2');
INSERT INTO `dim_manufacturer` VALUES (52, '51', '51');
INSERT INTO `dim_manufacturer` VALUES (53, '52', '52');
INSERT INTO `dim_manufacturer` VALUES (54, '5.0.2', '5.0.2');
INSERT INTO `dim_manufacturer` VALUES (55, '5.1.1', '5.1.1');
INSERT INTO `dim_manufacturer` VALUES (56, '7.1.1', '7.1.1');
INSERT INTO `dim_manufacturer` VALUES (57, 'test24', 'test24');
INSERT INTO `dim_manufacturer` VALUES (58, 'testgggggg', 'testgggggg');
INSERT INTO `dim_manufacturer` VALUES (59, 'test2341232', 'test2341232');
INSERT INTO `dim_manufacturer` VALUES (60, 'testRegister23', 'testregister23');
INSERT INTO `dim_manufacturer` VALUES (61, 'Microsoft', 'microsoft');
INSERT INTO `dim_manufacturer` VALUES (62, 'OnePlus', 'oneplus');
INSERT INTO `dim_manufacturer` VALUES (63, 'SHARP', 'sharp');
INSERT INTO `dim_manufacturer` VALUES (64, 'Sumsang', 'sumsang');
INSERT INTO `dim_manufacturer` VALUES (65, 'Genymotion', 'genymotion');
INSERT INTO `dim_manufacturer` VALUES (66, 'asus', 'asus');
INSERT INTO `dim_manufacturer` VALUES (67, 'Everest', 'everest');
INSERT INTO `dim_manufacturer` VALUES (68, 'TrendMicro', 'trendmicro');
INSERT INTO `dim_manufacturer` VALUES (69, 'Philips', 'philips');
INSERT INTO `dim_manufacturer` VALUES (70, 'unknown', 'unknown');
INSERT INTO `dim_manufacturer` VALUES (71, '360', '360');

-- ----------------------------
-- Table structure for dim_manufacturer_model
-- ----------------------------
DROP TABLE IF EXISTS `dim_manufacturer_model`;
CREATE TABLE `dim_manufacturer_model`  (
  `id` int(10) NOT NULL AUTO_INCREMENT COMMENT 'ID',
  `manufacturer_id` int(10) NOT NULL COMMENT '生产厂家ID',
  `name` varchar(64) CHARACTER SET utf8 COLLATE utf8_general_ci NOT NULL COMMENT '设备型号（不含生产厂家名称）',
  `name_lowercase` varchar(500) CHARACTER SET utf8 COLLATE utf8_general_ci NOT NULL COMMENT '设备型号（不含生产厂家名称，小写）',
  PRIMARY KEY (`id`) USING BTREE
) ENGINE = InnoDB AUTO_INCREMENT = 420 CHARACTER SET = utf8 COLLATE = utf8_general_ci ROW_FORMAT = Dynamic;

-- ----------------------------
-- Records of dim_manufacturer_model
-- ----------------------------
INSERT INTO `dim_manufacturer_model` VALUES (-9, -9, '未知', '未知');
INSERT INTO `dim_manufacturer_model` VALUES (1, 1, 'iPhone 4S', 'iphone 4s');
INSERT INTO `dim_manufacturer_model` VALUES (2, 2, 'gogogo', 'gogogo');
INSERT INTO `dim_manufacturer_model` VALUES (3, 3, 'web', 'web');
INSERT INTO `dim_manufacturer_model` VALUES (7, 45, 'MI 4LTE', 'mi 4lte');
INSERT INTO `dim_manufacturer_model` VALUES (8, 46, 'Redmi Note 4', 'redmi note 4');
INSERT INTO `dim_manufacturer_model` VALUES (9, 45, 'Mi Note 2', 'mi note 2');
INSERT INTO `dim_manufacturer_model` VALUES (10, 55, 'vivo X7', 'vivo x7');
INSERT INTO `dim_manufacturer_model` VALUES (11, 45, 'SM-G9280', 'sm-g9280');
INSERT INTO `dim_manufacturer_model` VALUES (12, 45, 'Nexus 5', 'nexus 5');
INSERT INTO `dim_manufacturer_model` VALUES (13, 47, 'OPPO A59m', 'oppo a59m');
INSERT INTO `dim_manufacturer_model` VALUES (14, 46, 'HUAWEI GRA-TL00', 'huawei gra-tl00');
INSERT INTO `dim_manufacturer_model` VALUES (15, 46, 'Letv X500', 'letv x500');
INSERT INTO `dim_manufacturer_model` VALUES (16, 49, 'PRA-AL00X', 'pra-al00x');
INSERT INTO `dim_manufacturer_model` VALUES (17, 46, 'PRO 6s', 'pro 6s');
INSERT INTO `dim_manufacturer_model` VALUES (18, 45, 'SM-N9200', 'sm-n9200');
INSERT INTO `dim_manufacturer_model` VALUES (19, 49, 'VTR-AL00', 'vtr-al00');
INSERT INTO `dim_manufacturer_model` VALUES (20, 46, 'M5 Note', 'm5 note');
INSERT INTO `dim_manufacturer_model` VALUES (21, 47, 'GN5001S', 'gn5001s');
INSERT INTO `dim_manufacturer_model` VALUES (22, 54, 'MI 2S', 'mi 2s');
INSERT INTO `dim_manufacturer_model` VALUES (23, 46, 'M3 Max', 'm3 max');
INSERT INTO `dim_manufacturer_model` VALUES (24, 45, 'MI 5s', 'mi 5s');
INSERT INTO `dim_manufacturer_model` VALUES (25, 45, 'SM-C7000', 'sm-c7000');
INSERT INTO `dim_manufacturer_model` VALUES (26, 56, 'MI 6', 'mi 6');
INSERT INTO `dim_manufacturer_model` VALUES (27, 49, 'MI MAX', 'mi max');
INSERT INTO `dim_manufacturer_model` VALUES (28, 45, 'MI NOTE LTE', 'mi note lte');
INSERT INTO `dim_manufacturer_model` VALUES (29, 50, 'Nexus 5X', 'nexus 5x');
INSERT INTO `dim_manufacturer_model` VALUES (30, 46, 'PRO 6', 'pro 6');
INSERT INTO `dim_manufacturer_model` VALUES (31, 49, 'SM-N9200', 'sm-n9200');
INSERT INTO `dim_manufacturer_model` VALUES (32, 46, 'Lenovo K50-t5', 'lenovo k50-t5');
INSERT INTO `dim_manufacturer_model` VALUES (33, 47, 'HUAWEI TAG-TL00', 'huawei tag-tl00');
INSERT INTO `dim_manufacturer_model` VALUES (34, 54, 'X608', 'x608');
INSERT INTO `dim_manufacturer_model` VALUES (35, -9, 'iPhone', 'iphone');
INSERT INTO `dim_manufacturer_model` VALUES (36, -9, 'iPhone 6', 'iphone 6');
INSERT INTO `dim_manufacturer_model` VALUES (37, -9, 'iPhone 6 Plus', 'iphone 6 plus');
INSERT INTO `dim_manufacturer_model` VALUES (38, -9, 'iPod Touch 6G', 'ipod touch 6g');
INSERT INTO `dim_manufacturer_model` VALUES (39, -9, 'iPhone 7', 'iphone 7');
INSERT INTO `dim_manufacturer_model` VALUES (40, -9, 'iPhone 6s Plus', 'iphone 6s plus');
INSERT INTO `dim_manufacturer_model` VALUES (41, -9, 'iPhone 6s', 'iphone 6s');
INSERT INTO `dim_manufacturer_model` VALUES (42, 49, 'MI 5', 'mi 5');
INSERT INTO `dim_manufacturer_model` VALUES (43, 46, 'Nexus 5X', 'nexus 5x');
INSERT INTO `dim_manufacturer_model` VALUES (44, 57, 'test24', 'test24');
INSERT INTO `dim_manufacturer_model` VALUES (45, 49, 'SM-G9550', 'sm-g9550');
INSERT INTO `dim_manufacturer_model` VALUES (46, 45, 'KIW-TL00H', 'kiw-tl00h');
INSERT INTO `dim_manufacturer_model` VALUES (47, -9, 'iPhone 7 Plus', 'iphone 7 plus');
INSERT INTO `dim_manufacturer_model` VALUES (48, 58, 'testgggggg', 'testgggggg');
INSERT INTO `dim_manufacturer_model` VALUES (49, 46, 'HUAWEI VNS-AL00', 'huawei vns-al00');
INSERT INTO `dim_manufacturer_model` VALUES (50, 59, 'test2341232', 'test2341232');
INSERT INTO `dim_manufacturer_model` VALUES (51, -9, 'iPhone SE', 'iphone se');
INSERT INTO `dim_manufacturer_model` VALUES (52, 47, 'MiBOX3_PRO', 'mibox3_pro');
INSERT INTO `dim_manufacturer_model` VALUES (53, 56, 'OPPO R11', 'oppo r11');
INSERT INTO `dim_manufacturer_model` VALUES (54, 7, 'SM-C7000', 'sm-c7000');
INSERT INTO `dim_manufacturer_model` VALUES (55, 6, 'MI NOTE LTE', 'mi note lte');
INSERT INTO `dim_manufacturer_model` VALUES (56, 6, 'MI MAX', 'mi max');
INSERT INTO `dim_manufacturer_model` VALUES (57, -9, 'iPod Touch 5G', 'ipod touch 5g');
INSERT INTO `dim_manufacturer_model` VALUES (58, 1, 'iPhone 6 Plus', 'iphone 6 plus');
INSERT INTO `dim_manufacturer_model` VALUES (59, 1, 'iPhone 6', 'iphone 6');
INSERT INTO `dim_manufacturer_model` VALUES (60, 6, 'MI 5', 'mi 5');
INSERT INTO `dim_manufacturer_model` VALUES (61, 1, 'iPhone 6s', 'iphone 6s');
INSERT INTO `dim_manufacturer_model` VALUES (62, 1, 'iPhone 7 Plus', 'iphone 7 plus');
INSERT INTO `dim_manufacturer_model` VALUES (63, 4, 'Nexus 5', 'nexus 5');
INSERT INTO `dim_manufacturer_model` VALUES (64, 5, 'VTR-AL00', 'vtr-al00');
INSERT INTO `dim_manufacturer_model` VALUES (65, 11, 'M3 Max', 'm3 max');
INSERT INTO `dim_manufacturer_model` VALUES (66, 6, 'Redmi Note 4', 'redmi note 4');
INSERT INTO `dim_manufacturer_model` VALUES (67, 11, 'PRO 6s', 'pro 6s');
INSERT INTO `dim_manufacturer_model` VALUES (68, 7, 'SM-G9280', 'sm-g9280');
INSERT INTO `dim_manufacturer_model` VALUES (69, 5, 'HUAWEI GRA-TL00', 'huawei gra-tl00');
INSERT INTO `dim_manufacturer_model` VALUES (70, 22, 'OPPO A59m', 'oppo a59m');
INSERT INTO `dim_manufacturer_model` VALUES (71, 20, 'X608', 'x608');
INSERT INTO `dim_manufacturer_model` VALUES (72, 1, 'iPhone 6s Plus', 'iphone 6s plus');
INSERT INTO `dim_manufacturer_model` VALUES (73, 1, 'iPhone 7', 'iphone 7');
INSERT INTO `dim_manufacturer_model` VALUES (74, 18, 'vivo X7', 'vivo x7');
INSERT INTO `dim_manufacturer_model` VALUES (75, 4, 'Nexus 5X', 'nexus 5x');
INSERT INTO `dim_manufacturer_model` VALUES (76, 6, 'Mi Note 2', 'mi note 2');
INSERT INTO `dim_manufacturer_model` VALUES (77, 11, 'M5 Note', 'm5 note');
INSERT INTO `dim_manufacturer_model` VALUES (78, 22, 'OPPO R11', 'oppo r11');
INSERT INTO `dim_manufacturer_model` VALUES (79, 1, 'iPod Touch 5G', 'ipod touch 5g');
INSERT INTO `dim_manufacturer_model` VALUES (80, 7, 'SM-N9200', 'sm-n9200');
INSERT INTO `dim_manufacturer_model` VALUES (81, 11, 'PRO 6', 'pro 6');
INSERT INTO `dim_manufacturer_model` VALUES (82, 1, 'iPod Touch 6G', 'ipod touch 6g');
INSERT INTO `dim_manufacturer_model` VALUES (83, 5, 'PRA-AL00X', 'pra-al00x');
INSERT INTO `dim_manufacturer_model` VALUES (84, 20, 'Letv X500', 'letv x500');
INSERT INTO `dim_manufacturer_model` VALUES (85, 60, 'testRegister23', 'testregister23');
INSERT INTO `dim_manufacturer_model` VALUES (86, 5, 'HUAWEI GRA-UL00', 'huawei gra-ul00');
INSERT INTO `dim_manufacturer_model` VALUES (87, 7, 'SM-G9300', 'sm-g9300');
INSERT INTO `dim_manufacturer_model` VALUES (88, 6, 'MI 4LTE', 'mi 4lte');
INSERT INTO `dim_manufacturer_model` VALUES (89, 5, 'MHA-AL00', 'mha-al00');
INSERT INTO `dim_manufacturer_model` VALUES (90, 11, 'm2 note', 'm2 note');
INSERT INTO `dim_manufacturer_model` VALUES (91, 6, 'HM NOTE 1S', 'hm note 1s');
INSERT INTO `dim_manufacturer_model` VALUES (92, 11, 'M351', 'm351');
INSERT INTO `dim_manufacturer_model` VALUES (93, 7, 'GT-I9300', 'gt-i9300');
INSERT INTO `dim_manufacturer_model` VALUES (94, 11, 'M5', 'm5');
INSERT INTO `dim_manufacturer_model` VALUES (95, 5, 'DUK-AL20', 'duk-al20');
INSERT INTO `dim_manufacturer_model` VALUES (96, 1, 'iPhone SE', 'iphone se');
INSERT INTO `dim_manufacturer_model` VALUES (97, 48, '未知', '未知');
INSERT INTO `dim_manufacturer_model` VALUES (98, 44, '未知', '未知');
INSERT INTO `dim_manufacturer_model` VALUES (99, 5, 'CAM-UL00', 'cam-ul00');
INSERT INTO `dim_manufacturer_model` VALUES (100, 18, 'vivo X6D', 'vivo x6d');
INSERT INTO `dim_manufacturer_model` VALUES (101, 6, 'MI 4S', 'mi 4s');
INSERT INTO `dim_manufacturer_model` VALUES (102, 6, 'MI 6', 'mi 6');
INSERT INTO `dim_manufacturer_model` VALUES (103, 18, 'vivo X9s Plus', 'vivo x9s plus');
INSERT INTO `dim_manufacturer_model` VALUES (104, 8, 'Lenovo K50-t5', 'lenovo k50-t5');
INSERT INTO `dim_manufacturer_model` VALUES (105, 1, 'iPhone 5S', 'iphone 5s');
INSERT INTO `dim_manufacturer_model` VALUES (106, 5, 'HUAWEI VNS-AL00', 'huawei vns-al00');
INSERT INTO `dim_manufacturer_model` VALUES (107, 11, 'M1 E', 'm1 e');
INSERT INTO `dim_manufacturer_model` VALUES (108, 5, 'BAC-AL00', 'bac-al00');
INSERT INTO `dim_manufacturer_model` VALUES (109, 5, 'HUAWEI NXT-AL10', 'huawei nxt-al10');
INSERT INTO `dim_manufacturer_model` VALUES (110, 5, 'FRD-AL10', 'frd-al10');
INSERT INTO `dim_manufacturer_model` VALUES (111, 5, 'DLI-AL10', 'dli-al10');
INSERT INTO `dim_manufacturer_model` VALUES (112, 18, 'vivo X5V', 'vivo x5v');
INSERT INTO `dim_manufacturer_model` VALUES (113, 5, 'PE-TL10', 'pe-tl10');
INSERT INTO `dim_manufacturer_model` VALUES (114, 5, 'EDI-AL10', 'edi-al10');
INSERT INTO `dim_manufacturer_model` VALUES (115, 5, 'HUAWEI NXT-DL00', 'huawei nxt-dl00');
INSERT INTO `dim_manufacturer_model` VALUES (116, 18, 'vivo X9', 'vivo x9');
INSERT INTO `dim_manufacturer_model` VALUES (117, 5, 'LON-AL00', 'lon-al00');
INSERT INTO `dim_manufacturer_model` VALUES (118, 22, 'OPPO R11t', 'oppo r11t');
INSERT INTO `dim_manufacturer_model` VALUES (119, 5, 'Che1-CL20', 'che1-cl20');
INSERT INTO `dim_manufacturer_model` VALUES (120, 5, 'VKY-L29', 'vky-l29');
INSERT INTO `dim_manufacturer_model` VALUES (121, 22, 'OPPO A37m', 'oppo a37m');
INSERT INTO `dim_manufacturer_model` VALUES (122, 22, 'OPPO R9s', 'oppo r9s');
INSERT INTO `dim_manufacturer_model` VALUES (123, 6, 'Redmi 4', 'redmi 4');
INSERT INTO `dim_manufacturer_model` VALUES (124, 5, 'CHM-TL00H', 'chm-tl00h');
INSERT INTO `dim_manufacturer_model` VALUES (125, 15, 'ZTE V889D', 'zte v889d');
INSERT INTO `dim_manufacturer_model` VALUES (126, 6, 'Redmi Note 3', 'redmi note 3');
INSERT INTO `dim_manufacturer_model` VALUES (127, 18, 'vivo Y67A', 'vivo y67a');
INSERT INTO `dim_manufacturer_model` VALUES (128, 5, 'EVA-AL00', 'eva-al00');
INSERT INTO `dim_manufacturer_model` VALUES (129, 18, 'vivo X20', 'vivo x20');
INSERT INTO `dim_manufacturer_model` VALUES (130, 18, 'vivo Xplay6', 'vivo xplay6');
INSERT INTO `dim_manufacturer_model` VALUES (131, 18, 'vivo Y937', 'vivo y937');
INSERT INTO `dim_manufacturer_model` VALUES (132, 18, 'vivo Y55L', 'vivo y55l');
INSERT INTO `dim_manufacturer_model` VALUES (133, 18, 'vivo Y66', 'vivo y66');
INSERT INTO `dim_manufacturer_model` VALUES (134, 18, 'vivo Y51A', 'vivo y51a');
INSERT INTO `dim_manufacturer_model` VALUES (135, 5, 'BAC-TL00', 'bac-tl00');
INSERT INTO `dim_manufacturer_model` VALUES (136, 18, 'vivo Y79A', 'vivo y79a');
INSERT INTO `dim_manufacturer_model` VALUES (137, 5, 'BND-AL10', 'bnd-al10');
INSERT INTO `dim_manufacturer_model` VALUES (138, 22, 'OPPO R7sm', 'oppo r7sm');
INSERT INTO `dim_manufacturer_model` VALUES (139, 5, 'PRA-AL00', 'pra-al00');
INSERT INTO `dim_manufacturer_model` VALUES (140, 5, 'BLN-AL10', 'bln-al10');
INSERT INTO `dim_manufacturer_model` VALUES (141, 18, 'vivo X9Plus', 'vivo x9plus');
INSERT INTO `dim_manufacturer_model` VALUES (142, 18, 'vivo X9i', 'vivo x9i');
INSERT INTO `dim_manufacturer_model` VALUES (143, 5, 'JDN-AL00', 'jdn-al00');
INSERT INTO `dim_manufacturer_model` VALUES (144, 18, 'vivo X9s L', 'vivo x9s l');
INSERT INTO `dim_manufacturer_model` VALUES (145, 11, 'MX5', 'mx5');
INSERT INTO `dim_manufacturer_model` VALUES (146, 7, 'SM-G9550', 'sm-g9550');
INSERT INTO `dim_manufacturer_model` VALUES (147, 22, 'R7Plusm', 'r7plusm');
INSERT INTO `dim_manufacturer_model` VALUES (148, 5, 'MHA-TL00', 'mha-tl00');
INSERT INTO `dim_manufacturer_model` VALUES (149, 18, 'vivo Y66L', 'vivo y66l');
INSERT INTO `dim_manufacturer_model` VALUES (150, 6, 'MI NOTE Pro', 'mi note pro');
INSERT INTO `dim_manufacturer_model` VALUES (151, 1, 'iPad Air 2', 'ipad air 2');
INSERT INTO `dim_manufacturer_model` VALUES (152, 18, 'vivo Y67', 'vivo y67');
INSERT INTO `dim_manufacturer_model` VALUES (153, 6, 'Redmi 4X', 'redmi 4x');
INSERT INTO `dim_manufacturer_model` VALUES (154, 5, 'HUAWEI G7-TL00', 'huawei g7-tl00');
INSERT INTO `dim_manufacturer_model` VALUES (155, 18, 'vivo Y27', 'vivo y27');
INSERT INTO `dim_manufacturer_model` VALUES (156, 18, 'vivo X5M', 'vivo x5m');
INSERT INTO `dim_manufacturer_model` VALUES (157, 1, 'iPhone X', 'iphone x');
INSERT INTO `dim_manufacturer_model` VALUES (158, 6, 'MIX 2', 'mix 2');
INSERT INTO `dim_manufacturer_model` VALUES (159, 13, 'C106', 'c106');
INSERT INTO `dim_manufacturer_model` VALUES (160, 43, 'NX591J', 'nx591j');
INSERT INTO `dim_manufacturer_model` VALUES (161, 7, 'SM-G9500', 'sm-g9500');
INSERT INTO `dim_manufacturer_model` VALUES (162, 61, 'windows', 'windows');
INSERT INTO `dim_manufacturer_model` VALUES (163, 1, 'macos', 'macos');
INSERT INTO `dim_manufacturer_model` VALUES (164, 18, 'vivo Y67L', 'vivo y67l');
INSERT INTO `dim_manufacturer_model` VALUES (165, 18, 'vivo X7Plus', 'vivo x7plus');
INSERT INTO `dim_manufacturer_model` VALUES (166, 1, 'iPhone 8', 'iphone 8');
INSERT INTO `dim_manufacturer_model` VALUES (167, 22, 'OPPO A57', 'oppo a57');
INSERT INTO `dim_manufacturer_model` VALUES (168, 8, 'Lenovo PB1-770N', 'lenovo pb1-770n');
INSERT INTO `dim_manufacturer_model` VALUES (169, 5, 'KIW-AL10', 'kiw-al10');
INSERT INTO `dim_manufacturer_model` VALUES (170, 1, 'iPhone 8 Plus', 'iphone 8 plus');
INSERT INTO `dim_manufacturer_model` VALUES (171, 18, 'vivo V3Max A', 'vivo v3max a');
INSERT INTO `dim_manufacturer_model` VALUES (172, 17, 'GN5001S', 'gn5001s');
INSERT INTO `dim_manufacturer_model` VALUES (173, 5, 'HUAWEI MLA-AL10', 'huawei mla-al10');
INSERT INTO `dim_manufacturer_model` VALUES (174, 5, 'WAS-TL10', 'was-tl10');
INSERT INTO `dim_manufacturer_model` VALUES (175, 5, 'VKY-AL00', 'vky-al00');
INSERT INTO `dim_manufacturer_model` VALUES (176, 20, 'x600', 'x600');
INSERT INTO `dim_manufacturer_model` VALUES (177, 18, 'vivo X9Plus L', 'vivo x9plus l');
INSERT INTO `dim_manufacturer_model` VALUES (178, 18, 'vivo X9L', 'vivo x9l');
INSERT INTO `dim_manufacturer_model` VALUES (179, 21, 'OD103', 'od103');
INSERT INTO `dim_manufacturer_model` VALUES (180, 17, 'GN5005', 'gn5005');
INSERT INTO `dim_manufacturer_model` VALUES (181, 18, 'vivo X6SPlus D', 'vivo x6splus d');
INSERT INTO `dim_manufacturer_model` VALUES (182, 18, 'vivo X9s', 'vivo x9s');
INSERT INTO `dim_manufacturer_model` VALUES (183, 5, 'NCE-AL00', 'nce-al00');
INSERT INTO `dim_manufacturer_model` VALUES (184, 5, 'STF-AL00', 'stf-al00');
INSERT INTO `dim_manufacturer_model` VALUES (185, 18, 'vivo X20A', 'vivo x20a');
INSERT INTO `dim_manufacturer_model` VALUES (186, 5, 'PE-TL20', 'pe-tl20');
INSERT INTO `dim_manufacturer_model` VALUES (187, 18, 'vivo X5Max+', 'vivo x5max+');
INSERT INTO `dim_manufacturer_model` VALUES (188, 5, 'KIW-UL00', 'kiw-ul00');
INSERT INTO `dim_manufacturer_model` VALUES (189, 5, 'HUAWEI NXT-CL00', 'huawei nxt-cl00');
INSERT INTO `dim_manufacturer_model` VALUES (190, 5, 'ALP-AL00', 'alp-al00');
INSERT INTO `dim_manufacturer_model` VALUES (191, 21, 'OD105', 'od105');
INSERT INTO `dim_manufacturer_model` VALUES (192, 5, 'WAS-AL00', 'was-al00');
INSERT INTO `dim_manufacturer_model` VALUES (193, 11, 'MX6', 'mx6');
INSERT INTO `dim_manufacturer_model` VALUES (194, 5, 'FRD-AL00', 'frd-al00');
INSERT INTO `dim_manufacturer_model` VALUES (195, 18, 'vivo X6A', 'vivo x6a');
INSERT INTO `dim_manufacturer_model` VALUES (196, 9, 'HTC D10w', 'htc d10w');
INSERT INTO `dim_manufacturer_model` VALUES (197, 5, 'VIE-AL10', 'vie-al10');
INSERT INTO `dim_manufacturer_model` VALUES (198, 18, 'vivo X6S A', 'vivo x6s a');
INSERT INTO `dim_manufacturer_model` VALUES (199, 7, 'SM-G9350', 'sm-g9350');
INSERT INTO `dim_manufacturer_model` VALUES (200, 22, 'OPPO R9tm', 'oppo r9tm');
INSERT INTO `dim_manufacturer_model` VALUES (201, 43, 'NX508J', 'nx508j');
INSERT INTO `dim_manufacturer_model` VALUES (202, 22, 'OPPO R9sk', 'oppo r9sk');
INSERT INTO `dim_manufacturer_model` VALUES (203, 5, 'DIG-AL00', 'dig-al00');
INSERT INTO `dim_manufacturer_model` VALUES (204, 5, 'NTS-AL00', 'nts-al00');
INSERT INTO `dim_manufacturer_model` VALUES (205, 7, 'SM-W2016', 'sm-w2016');
INSERT INTO `dim_manufacturer_model` VALUES (206, 25, 'XT1570', 'xt1570');
INSERT INTO `dim_manufacturer_model` VALUES (207, 7, 'SM-C9000', 'sm-c9000');
INSERT INTO `dim_manufacturer_model` VALUES (208, 5, 'EVA-AL10', 'eva-al10');
INSERT INTO `dim_manufacturer_model` VALUES (209, 7, 'SM-G5700', 'sm-g5700');
INSERT INTO `dim_manufacturer_model` VALUES (210, 18, 'vivo X6Plus D', 'vivo x6plus d');
INSERT INTO `dim_manufacturer_model` VALUES (211, 5, 'BTV-DL09', 'btv-dl09');
INSERT INTO `dim_manufacturer_model` VALUES (212, 5, 'PLK-AL10', 'plk-al10');
INSERT INTO `dim_manufacturer_model` VALUES (213, 5, 'HUAWEI NXT-TL00', 'huawei nxt-tl00');
INSERT INTO `dim_manufacturer_model` VALUES (214, 5, 'STF-AL10', 'stf-al10');
INSERT INTO `dim_manufacturer_model` VALUES (215, 18, 'vivo X5Pro D', 'vivo x5pro d');
INSERT INTO `dim_manufacturer_model` VALUES (216, 5, 'CAM-TL00H', 'cam-tl00h');
INSERT INTO `dim_manufacturer_model` VALUES (217, 22, 'OPPO R9s Plus', 'oppo r9s plus');
INSERT INTO `dim_manufacturer_model` VALUES (218, 5, 'PIC-AL00', 'pic-al00');
INSERT INTO `dim_manufacturer_model` VALUES (219, 1, 'iPad Pro (10.5-inch)', 'ipad pro (10.5-inch)');
INSERT INTO `dim_manufacturer_model` VALUES (220, 22, 'OPPO R9m', 'oppo r9m');
INSERT INTO `dim_manufacturer_model` VALUES (221, 18, 'vivo X9s Plus L', 'vivo x9s plus l');
INSERT INTO `dim_manufacturer_model` VALUES (222, 5, 'HUAWEI CAZ-AL10', 'huawei caz-al10');
INSERT INTO `dim_manufacturer_model` VALUES (223, 62, 'ONEPLUS A3000', 'oneplus a3000');
INSERT INTO `dim_manufacturer_model` VALUES (224, 5, 'NCE-AL10', 'nce-al10');
INSERT INTO `dim_manufacturer_model` VALUES (225, 5, 'HUAWEI TAG-AL00', 'huawei tag-al00');
INSERT INTO `dim_manufacturer_model` VALUES (226, 5, 'HUAWEI TIT-CL00', 'huawei tit-cl00');
INSERT INTO `dim_manufacturer_model` VALUES (227, 5, 'BLN-AL40', 'bln-al40');
INSERT INTO `dim_manufacturer_model` VALUES (228, 5, 'KNT-AL20', 'knt-al20');
INSERT INTO `dim_manufacturer_model` VALUES (229, 11, 'PRO 5', 'pro 5');
INSERT INTO `dim_manufacturer_model` VALUES (230, 5, 'HUAWEI MT7-TL10', 'huawei mt7-tl10');
INSERT INTO `dim_manufacturer_model` VALUES (231, 63, 'FS8010', 'fs8010');
INSERT INTO `dim_manufacturer_model` VALUES (232, 5, 'ATH-AL00', 'ath-al00');
INSERT INTO `dim_manufacturer_model` VALUES (233, 5, 'KNT-UL10', 'knt-ul10');
INSERT INTO `dim_manufacturer_model` VALUES (234, 5, 'NEM-AL10', 'nem-al10');
INSERT INTO `dim_manufacturer_model` VALUES (235, 5, 'TRT-AL00A', 'trt-al00a');
INSERT INTO `dim_manufacturer_model` VALUES (236, 5, 'CAM-TL00', 'cam-tl00');
INSERT INTO `dim_manufacturer_model` VALUES (237, 5, 'EVA-DL00', 'eva-dl00');
INSERT INTO `dim_manufacturer_model` VALUES (238, 6, 'Redmi Note 4X', 'redmi note 4x');
INSERT INTO `dim_manufacturer_model` VALUES (239, 11, 'm3 note', 'm3 note');
INSERT INTO `dim_manufacturer_model` VALUES (240, 18, 'vivo Xplay5A', 'vivo xplay5a');
INSERT INTO `dim_manufacturer_model` VALUES (241, 22, 'OPPO R9 Plusm A', 'oppo r9 plusm a');
INSERT INTO `dim_manufacturer_model` VALUES (242, 5, 'BLN-AL30', 'bln-al30');
INSERT INTO `dim_manufacturer_model` VALUES (243, 5, 'HUAWEI GRA-CL00', 'huawei gra-cl00');
INSERT INTO `dim_manufacturer_model` VALUES (244, 7, 'SM-N9100', 'sm-n9100');
INSERT INTO `dim_manufacturer_model` VALUES (245, 6, 'MI 5X', 'mi 5x');
INSERT INTO `dim_manufacturer_model` VALUES (246, 5, 'SLA-TL10', 'sla-tl10');
INSERT INTO `dim_manufacturer_model` VALUES (247, 7, 'SM-A5000', 'sm-a5000');
INSERT INTO `dim_manufacturer_model` VALUES (248, 5, 'KIW-TL00', 'kiw-tl00');
INSERT INTO `dim_manufacturer_model` VALUES (249, 5, 'HUAWEI GRA-CL10', 'huawei gra-cl10');
INSERT INTO `dim_manufacturer_model` VALUES (250, 64, 'F268', 'f268');
INSERT INTO `dim_manufacturer_model` VALUES (251, 5, 'HUAWEI CAZ-TL10', 'huawei caz-tl10');
INSERT INTO `dim_manufacturer_model` VALUES (252, 6, 'Redmi 3', 'redmi 3');
INSERT INTO `dim_manufacturer_model` VALUES (253, 5, 'CHE-TL00', 'che-tl00');
INSERT INTO `dim_manufacturer_model` VALUES (254, 11, 'M711C', 'm711c');
INSERT INTO `dim_manufacturer_model` VALUES (255, 7, 'SM-A8000', 'sm-a8000');
INSERT INTO `dim_manufacturer_model` VALUES (256, 22, 'OPPO R11 Plus', 'oppo r11 plus');
INSERT INTO `dim_manufacturer_model` VALUES (257, 7, 'SM-N9500', 'sm-n9500');
INSERT INTO `dim_manufacturer_model` VALUES (258, 6, 'MI 5s', 'mi 5s');
INSERT INTO `dim_manufacturer_model` VALUES (259, 5, 'TRT-AL00', 'trt-al00');
INSERT INTO `dim_manufacturer_model` VALUES (260, 11, 'PRO 7-H', 'pro 7-h');
INSERT INTO `dim_manufacturer_model` VALUES (261, 5, 'BLA-AL00', 'bla-al00');
INSERT INTO `dim_manufacturer_model` VALUES (262, 6, 'MI 5s Plus', 'mi 5s plus');
INSERT INTO `dim_manufacturer_model` VALUES (263, 5, 'SCL-AL00', 'scl-al00');
INSERT INTO `dim_manufacturer_model` VALUES (264, 5, 'HUAWEI MT7-TL00', 'huawei mt7-tl00');
INSERT INTO `dim_manufacturer_model` VALUES (265, 5, 'CAM-AL00', 'cam-al00');
INSERT INTO `dim_manufacturer_model` VALUES (266, 5, 'PLE-703L', 'ple-703l');
INSERT INTO `dim_manufacturer_model` VALUES (267, 10, 'vivo X710L', 'vivo x710l');
INSERT INTO `dim_manufacturer_model` VALUES (268, 5, 'DUK-TL30', 'duk-tl30');
INSERT INTO `dim_manufacturer_model` VALUES (269, 5, 'RNE-AL00', 'rne-al00');
INSERT INTO `dim_manufacturer_model` VALUES (270, 18, 'vivo V3M A', 'vivo v3m a');
INSERT INTO `dim_manufacturer_model` VALUES (271, 5, 'HUAWEI MLA-TL10', 'huawei mla-tl10');
INSERT INTO `dim_manufacturer_model` VALUES (272, 22, 'OPPO A59s', 'oppo a59s');
INSERT INTO `dim_manufacturer_model` VALUES (273, 21, 'SM919', 'sm919');
INSERT INTO `dim_manufacturer_model` VALUES (274, 11, 'MX4', 'mx4');
INSERT INTO `dim_manufacturer_model` VALUES (275, 22, 'R8000', 'r8000');
INSERT INTO `dim_manufacturer_model` VALUES (276, 5, 'JMM-AL00', 'jmm-al00');
INSERT INTO `dim_manufacturer_model` VALUES (277, 5, 'KIW-CL00', 'kiw-cl00');
INSERT INTO `dim_manufacturer_model` VALUES (278, 18, 'vivo Y923', 'vivo y923');
INSERT INTO `dim_manufacturer_model` VALUES (279, 11, 'M621C', 'm621c');
INSERT INTO `dim_manufacturer_model` VALUES (280, 5, 'HUAWEI RIO-AL00', 'huawei rio-al00');
INSERT INTO `dim_manufacturer_model` VALUES (281, 18, 'vivo X6Plus A', 'vivo x6plus a');
INSERT INTO `dim_manufacturer_model` VALUES (282, 11, 'M6 Note', 'm6 note');
INSERT INTO `dim_manufacturer_model` VALUES (283, 13, 'C107-9', 'c107-9');
INSERT INTO `dim_manufacturer_model` VALUES (284, 13, 'C106-9', 'c106-9');
INSERT INTO `dim_manufacturer_model` VALUES (285, 29, 'Le X620', 'le x620');
INSERT INTO `dim_manufacturer_model` VALUES (286, 6, 'Redmi Note 5A', 'redmi note 5a');
INSERT INTO `dim_manufacturer_model` VALUES (287, 7, 'SM-G6100', 'sm-g6100');
INSERT INTO `dim_manufacturer_model` VALUES (288, 5, 'PE-CL00', 'pe-cl00');
INSERT INTO `dim_manufacturer_model` VALUES (289, 17, 'W900S', 'w900s');
INSERT INTO `dim_manufacturer_model` VALUES (290, 5, 'EVA-TL00', 'eva-tl00');
INSERT INTO `dim_manufacturer_model` VALUES (291, 64, 'pc', 'pc');
INSERT INTO `dim_manufacturer_model` VALUES (292, 5, 'CUN-AL00', 'cun-al00');
INSERT INTO `dim_manufacturer_model` VALUES (293, 7, 'SM-N9008S', 'sm-n9008s');
INSERT INTO `dim_manufacturer_model` VALUES (294, 5, 'PLK-UL00', 'plk-ul00');
INSERT INTO `dim_manufacturer_model` VALUES (295, 5, 'HUAWEI GRA-UL10', 'huawei gra-ul10');
INSERT INTO `dim_manufacturer_model` VALUES (296, 6, 'Redmi 3S', 'redmi 3s');
INSERT INTO `dim_manufacturer_model` VALUES (297, 29, 'Le X820', 'le x820');
INSERT INTO `dim_manufacturer_model` VALUES (298, 7, 'SM-A9100', 'sm-a9100');
INSERT INTO `dim_manufacturer_model` VALUES (299, 65, 'Nexus 11', 'nexus 11');
INSERT INTO `dim_manufacturer_model` VALUES (300, 5, 'CHM-CL00', 'chm-cl00');
INSERT INTO `dim_manufacturer_model` VALUES (301, 5, 'ALE-TL00', 'ale-tl00');
INSERT INTO `dim_manufacturer_model` VALUES (302, 6, 'MI MAX 2', 'mi max 2');
INSERT INTO `dim_manufacturer_model` VALUES (303, 5, 'PIC-TL00', 'pic-tl00');
INSERT INTO `dim_manufacturer_model` VALUES (304, 22, 'R11', 'r11');
INSERT INTO `dim_manufacturer_model` VALUES (305, 5, 'GRA-TL00', 'gra-tl00');
INSERT INTO `dim_manufacturer_model` VALUES (306, 22, 'A59m', 'a59m');
INSERT INTO `dim_manufacturer_model` VALUES (307, 15, 'C880A', 'c880a');
INSERT INTO `dim_manufacturer_model` VALUES (308, 18, 'X9s Plus', 'x9s plus');
INSERT INTO `dim_manufacturer_model` VALUES (309, 18, 'X7Plus', 'x7plus');
INSERT INTO `dim_manufacturer_model` VALUES (310, 18, 'X7', 'x7');
INSERT INTO `dim_manufacturer_model` VALUES (311, 18, 'Y51A', 'y51a');
INSERT INTO `dim_manufacturer_model` VALUES (312, 18, 'V3M A', 'v3m a');
INSERT INTO `dim_manufacturer_model` VALUES (313, 18, 'Y22L', 'y22l');
INSERT INTO `dim_manufacturer_model` VALUES (314, 18, 'X9', 'x9');
INSERT INTO `dim_manufacturer_model` VALUES (315, 18, 'X5M', 'x5m');
INSERT INTO `dim_manufacturer_model` VALUES (316, 18, 'X6D', 'x6d');
INSERT INTO `dim_manufacturer_model` VALUES (317, 18, 'X20A', 'x20a');
INSERT INTO `dim_manufacturer_model` VALUES (318, 18, 'Y66', 'y66');
INSERT INTO `dim_manufacturer_model` VALUES (319, 18, 'X5Pro D', 'x5pro d');
INSERT INTO `dim_manufacturer_model` VALUES (320, 18, 'Xplay6', 'xplay6');
INSERT INTO `dim_manufacturer_model` VALUES (321, 18, 'Y67', 'y67');
INSERT INTO `dim_manufacturer_model` VALUES (322, 4, 'Nexus 4', 'nexus 4');
INSERT INTO `dim_manufacturer_model` VALUES (323, 5, 'Che2-TL00M', 'che2-tl00m');
INSERT INTO `dim_manufacturer_model` VALUES (324, 5, 'PLK-TL01H', 'plk-tl01h');
INSERT INTO `dim_manufacturer_model` VALUES (325, 4, 'MV_2.4.7 by Trustlook', 'mv_2.4.7 by trustlook');
INSERT INTO `dim_manufacturer_model` VALUES (326, 18, 'Xplay5A', 'xplay5a');
INSERT INTO `dim_manufacturer_model` VALUES (327, 7, 'SM-N9009', 'sm-n9009');
INSERT INTO `dim_manufacturer_model` VALUES (328, 7, 'GT-I9308', 'gt-i9308');
INSERT INTO `dim_manufacturer_model` VALUES (329, 5, 'Y511-T00', 'y511-t00');
INSERT INTO `dim_manufacturer_model` VALUES (330, 7, 'GT-N7102', 'gt-n7102');
INSERT INTO `dim_manufacturer_model` VALUES (331, 18, 'X9Plus', 'x9plus');
INSERT INTO `dim_manufacturer_model` VALUES (332, 7, 'SM-N9006', 'sm-n9006');
INSERT INTO `dim_manufacturer_model` VALUES (333, 18, 'X6Plus D', 'x6plus d');
INSERT INTO `dim_manufacturer_model` VALUES (334, 5, 'PRA-TL10', 'pra-tl10');
INSERT INTO `dim_manufacturer_model` VALUES (335, 6, 'HM 2A', 'hm 2a');
INSERT INTO `dim_manufacturer_model` VALUES (336, 15, 'ZTE C880A', 'zte c880a');
INSERT INTO `dim_manufacturer_model` VALUES (337, 1, 'iPad mini 4', 'ipad mini 4');
INSERT INTO `dim_manufacturer_model` VALUES (338, 22, 'OPPO A57t', 'oppo a57t');
INSERT INTO `dim_manufacturer_model` VALUES (339, 11, 'PRO 7-S', 'pro 7-s');
INSERT INTO `dim_manufacturer_model` VALUES (340, 7, 'GT-N7108', 'gt-n7108');
INSERT INTO `dim_manufacturer_model` VALUES (341, 66, 'ASUS_Z00ADB', 'asus_z00adb');
INSERT INTO `dim_manufacturer_model` VALUES (342, 6, 'HM NOTE 1LTETD', 'hm note 1ltetd');
INSERT INTO `dim_manufacturer_model` VALUES (343, 5, 'ALE-UL00', 'ale-ul00');
INSERT INTO `dim_manufacturer_model` VALUES (344, 5, 'G621-TL00', 'g621-tl00');
INSERT INTO `dim_manufacturer_model` VALUES (345, 18, 'Y53', 'y53');
INSERT INTO `dim_manufacturer_model` VALUES (346, 18, 'Y66L', 'y66l');
INSERT INTO `dim_manufacturer_model` VALUES (347, 18, 'Y37', 'y37');
INSERT INTO `dim_manufacturer_model` VALUES (348, 6, 'MI 5C', 'mi 5c');
INSERT INTO `dim_manufacturer_model` VALUES (349, 18, 'vivo Y53', 'vivo y53');
INSERT INTO `dim_manufacturer_model` VALUES (350, 5, 'STF-TL10', 'stf-tl10');
INSERT INTO `dim_manufacturer_model` VALUES (351, 7, 'SM-A7100', 'sm-a7100');
INSERT INTO `dim_manufacturer_model` VALUES (352, 18, 'vivo Y37', 'vivo y37');
INSERT INTO `dim_manufacturer_model` VALUES (353, 18, 'Y67L', 'y67l');
INSERT INTO `dim_manufacturer_model` VALUES (354, 15, 'BA520', 'ba520');
INSERT INTO `dim_manufacturer_model` VALUES (355, 6, 'MiTV4A', 'mitv4a');
INSERT INTO `dim_manufacturer_model` VALUES (356, 1, 'iPhone 5', 'iphone 5');
INSERT INTO `dim_manufacturer_model` VALUES (357, 1, 'Simulator', 'simulator');
INSERT INTO `dim_manufacturer_model` VALUES (358, 7, 'SM-J5008', 'sm-j5008');
INSERT INTO `dim_manufacturer_model` VALUES (359, 67, '8848 M3', '8848 m3');
INSERT INTO `dim_manufacturer_model` VALUES (360, 7, 'SM-G7200', 'sm-g7200');
INSERT INTO `dim_manufacturer_model` VALUES (361, 22, 'R11 Plus', 'r11 plus');
INSERT INTO `dim_manufacturer_model` VALUES (362, 68, 'GI-I9500_TMMARS', 'gi-i9500_tmmars');
INSERT INTO `dim_manufacturer_model` VALUES (363, 18, 'Y55A', 'y55a');
INSERT INTO `dim_manufacturer_model` VALUES (364, 18, 'X9s Plus L', 'x9s plus l');
INSERT INTO `dim_manufacturer_model` VALUES (365, 7, 'SM-N9008V', 'sm-n9008v');
INSERT INTO `dim_manufacturer_model` VALUES (366, 5, 'KIW-TL00H', 'kiw-tl00h');
INSERT INTO `dim_manufacturer_model` VALUES (367, 18, 'vivo Y55A', 'vivo y55a');
INSERT INTO `dim_manufacturer_model` VALUES (368, -9, 'LOT-AL10', 'lot-al10');
INSERT INTO `dim_manufacturer_model` VALUES (369, 69, 'Philips W3550', 'philips w3550');
INSERT INTO `dim_manufacturer_model` VALUES (370, 22, 'OPPO R7', 'oppo r7');
INSERT INTO `dim_manufacturer_model` VALUES (371, 5, 'RIO-AL00', 'rio-al00');
INSERT INTO `dim_manufacturer_model` VALUES (372, 17, 'GN9010', 'gn9010');
INSERT INTO `dim_manufacturer_model` VALUES (373, 5, 'G7-UL20', 'g7-ul20');
INSERT INTO `dim_manufacturer_model` VALUES (374, 22, 'A31', 'a31');
INSERT INTO `dim_manufacturer_model` VALUES (375, 70, 'GI-I9500_TMMARS', 'gi-i9500_tmmars');
INSERT INTO `dim_manufacturer_model` VALUES (376, 14, 'Coolpad 5952', 'coolpad 5952');
INSERT INTO `dim_manufacturer_model` VALUES (377, 27, 'M821', 'm821');
INSERT INTO `dim_manufacturer_model` VALUES (378, 7, 'SM-G9009W', 'sm-g9009w');
INSERT INTO `dim_manufacturer_model` VALUES (379, 22, 'R7005', 'r7005');
INSERT INTO `dim_manufacturer_model` VALUES (380, 6, 'Mi-4c', 'mi-4c');
INSERT INTO `dim_manufacturer_model` VALUES (381, 5, 'EVA-CL00', 'eva-cl00');
INSERT INTO `dim_manufacturer_model` VALUES (382, 7, 'SM-C5000', 'sm-c5000');
INSERT INTO `dim_manufacturer_model` VALUES (383, 71, '1505-A02', '1505-a02');
INSERT INTO `dim_manufacturer_model` VALUES (384, 5, 'HWI-AL00', 'hwi-al00');
INSERT INTO `dim_manufacturer_model` VALUES (385, 18, 'vivo Y53L', 'vivo y53l');
INSERT INTO `dim_manufacturer_model` VALUES (386, 22, 'A31c', 'a31c');
INSERT INTO `dim_manufacturer_model` VALUES (387, 5, 'HUAWEI CRR-UL00', 'huawei crr-ul00');
INSERT INTO `dim_manufacturer_model` VALUES (388, 5, 'HUAWEI TIT-TL00', 'huawei tit-tl00');
INSERT INTO `dim_manufacturer_model` VALUES (389, 18, 'vivo X7L', 'vivo x7l');
INSERT INTO `dim_manufacturer_model` VALUES (390, 5, 'H60-L03', 'h60-l03');
INSERT INTO `dim_manufacturer_model` VALUES (391, 5, 'TRT-TL10A', 'trt-tl10a');
INSERT INTO `dim_manufacturer_model` VALUES (392, 18, 'vivo Y31', 'vivo y31');
INSERT INTO `dim_manufacturer_model` VALUES (393, 5, 'P8max', 'p8max');
INSERT INTO `dim_manufacturer_model` VALUES (394, 5, 'HUAWEI VNS-TL00', 'huawei vns-tl00');
INSERT INTO `dim_manufacturer_model` VALUES (395, 6, 'HM NOTE 1LTE', 'hm note 1lte');
INSERT INTO `dim_manufacturer_model` VALUES (396, 22, 'OPPO R9t', 'oppo r9t');
INSERT INTO `dim_manufacturer_model` VALUES (397, 5, 'HWI-TL00', 'hwi-tl00');
INSERT INTO `dim_manufacturer_model` VALUES (398, 25, 'XT1085', 'xt1085');
INSERT INTO `dim_manufacturer_model` VALUES (399, 5, 'HUAWEI P8max', 'huawei p8max');
INSERT INTO `dim_manufacturer_model` VALUES (400, 5, 'PLK-TL00', 'plk-tl00');
INSERT INTO `dim_manufacturer_model` VALUES (401, 1, 'android 华为', 'android 华为');
INSERT INTO `dim_manufacturer_model` VALUES (402, 1, 'androidTV 华为', 'androidtv 华为');
INSERT INTO `dim_manufacturer_model` VALUES (403, 1, 'windows x86', 'windows x86');
INSERT INTO `dim_manufacturer_model` VALUES (404, 1, 'web Html5', 'web html5');
INSERT INTO `dim_manufacturer_model` VALUES (405, 4, 'LGL22', 'lgl22');
INSERT INTO `dim_manufacturer_model` VALUES (406, 6, 'Mi Note 3', 'mi note 3');
INSERT INTO `dim_manufacturer_model` VALUES (407, 7, 'SM-N935F', 'sm-n935f');
INSERT INTO `dim_manufacturer_model` VALUES (408, 18, 'vivo Y35A', 'vivo y35a');
INSERT INTO `dim_manufacturer_model` VALUES (409, 14, 'Coolpad S6-NT1', 'coolpad s6-nt1');
INSERT INTO `dim_manufacturer_model` VALUES (410, 5, 'CHM-UL00', 'chm-ul00');
INSERT INTO `dim_manufacturer_model` VALUES (411, 62, 'ONEPLUS A5010', 'oneplus a5010');
INSERT INTO `dim_manufacturer_model` VALUES (412, 5, 'Che2-TL00', 'che2-tl00');
INSERT INTO `dim_manufacturer_model` VALUES (413, 7, 'SM-G9250', 'sm-g9250');
INSERT INTO `dim_manufacturer_model` VALUES (414, 6, 'MI 2SC', 'mi 2sc');
INSERT INTO `dim_manufacturer_model` VALUES (415, 22, 'OPPO R11st', 'oppo r11st');
INSERT INTO `dim_manufacturer_model` VALUES (416, 5, 'VTR-TL00', 'vtr-tl00');
INSERT INTO `dim_manufacturer_model` VALUES (417, 5, 'H60-L12', 'h60-l12');
INSERT INTO `dim_manufacturer_model` VALUES (418, 5, 'S8-701w', 's8-701w');
INSERT INTO `dim_manufacturer_model` VALUES (419, 7, 'SM-T2556', 'sm-t2556');

-- ----------------------------
-- Table structure for dim_network
-- ----------------------------
DROP TABLE IF EXISTS `dim_network`;
CREATE TABLE `dim_network`  (
  `id` int(10) NOT NULL AUTO_INCREMENT COMMENT 'ID',
  `name` varchar(64) CHARACTER SET utf8 COLLATE utf8_general_ci NOT NULL COMMENT '网络类型名称',
  PRIMARY KEY (`id`) USING BTREE
) ENGINE = InnoDB AUTO_INCREMENT = 7 CHARACTER SET = utf8 COLLATE = utf8_general_ci ROW_FORMAT = Dynamic;

-- ----------------------------
-- Records of dim_network
-- ----------------------------
INSERT INTO `dim_network` VALUES (-9, '未知');
INSERT INTO `dim_network` VALUES (1, '直连');
INSERT INTO `dim_network` VALUES (2, 'wifi');
INSERT INTO `dim_network` VALUES (3, '3G');
INSERT INTO `dim_network` VALUES (4, '4G');
INSERT INTO `dim_network` VALUES (5, '2G');
INSERT INTO `dim_network` VALUES (6, '5G');

-- ----------------------------
-- Table structure for dim_os
-- ----------------------------
DROP TABLE IF EXISTS `dim_os`;
CREATE TABLE `dim_os`  (
  `id` int(10) NOT NULL AUTO_INCREMENT COMMENT 'ID',
  `name` varchar(64) CHARACTER SET utf8 COLLATE utf8_general_ci NOT NULL COMMENT '操作系统名称',
  PRIMARY KEY (`id`) USING BTREE
) ENGINE = InnoDB AUTO_INCREMENT = 165 CHARACTER SET = utf8 COLLATE = utf8_general_ci ROW_FORMAT = Dynamic;

-- ----------------------------
-- Records of dim_os
-- ----------------------------
INSERT INTO `dim_os` VALUES (-9, '未知');
INSERT INTO `dim_os` VALUES (1, 'iOS');
INSERT INTO `dim_os` VALUES (2, 'windows');
INSERT INTO `dim_os` VALUES (6, 'iPhone OS');
INSERT INTO `dim_os` VALUES (7, 'MMB29M');
INSERT INTO `dim_os` VALUES (8, 'NRD90M');
INSERT INTO `dim_os` VALUES (9, 'M4B30Z');
INSERT INTO `dim_os` VALUES (10, 'HUAWEIVTR-AL00');
INSERT INTO `dim_os` VALUES (11, 'MRA58K');
INSERT INTO `dim_os` VALUES (12, 'HUAWEIGRA-TL00');
INSERT INTO `dim_os` VALUES (13, 'LMY47I');
INSERT INTO `dim_os` VALUES (14, 'ACXCNCM5501304131S');
INSERT INTO `dim_os` VALUES (15, 'LMY47V');
INSERT INTO `dim_os` VALUES (16, 'MDA89E');
INSERT INTO `dim_os` VALUES (17, 'MXB48T');
INSERT INTO `dim_os` VALUES (18, 'NMF26X');
INSERT INTO `dim_os` VALUES (19, 'HONORPRA-AL00X');
INSERT INTO `dim_os` VALUES (20, 'DBXCNOP5902605181S');
INSERT INTO `dim_os` VALUES (21, 'HUAWEIGRA-UL00');
INSERT INTO `dim_os` VALUES (22, 'HUAWEIMHA-AL00');
INSERT INTO `dim_os` VALUES (23, 'LMY47D');
INSERT INTO `dim_os` VALUES (24, 'KTU84P');
INSERT INTO `dim_os` VALUES (25, 'JSS15J');
INSERT INTO `dim_os` VALUES (26, 'HUAWEIDUK-AL20');
INSERT INTO `dim_os` VALUES (27, 'NMF26O');
INSERT INTO `dim_os` VALUES (28, 'HONORCAM-UL00');
INSERT INTO `dim_os` VALUES (29, 'NMF26F');
INSERT INTO `dim_os` VALUES (30, 'chrome');
INSERT INTO `dim_os` VALUES (31, 'HUAWEIVNS-AL00');
INSERT INTO `dim_os` VALUES (32, 'HUAWEIBAC-AL00');
INSERT INTO `dim_os` VALUES (33, 'HUAWEINXT-AL10');
INSERT INTO `dim_os` VALUES (34, 'HUAWEIFRD-AL10');
INSERT INTO `dim_os` VALUES (35, 'HONORDLI-AL10');
INSERT INTO `dim_os` VALUES (36, 'HuaweiPE-TL10');
INSERT INTO `dim_os` VALUES (37, 'HUAWEIEDISON-AL10');
INSERT INTO `dim_os` VALUES (38, 'HUAWEINXT-DL00');
INSERT INTO `dim_os` VALUES (39, 'HUAWEILON-AL00');
INSERT INTO `dim_os` VALUES (40, 'Che1-CL20');
INSERT INTO `dim_os` VALUES (41, 'HUAWEIVKY-L29');
INSERT INTO `dim_os` VALUES (42, 'HonorCHM-TL00H');
INSERT INTO `dim_os` VALUES (43, 'JDQ39E');
INSERT INTO `dim_os` VALUES (44, 'HUAWEIEVA-AL00');
INSERT INTO `dim_os` VALUES (45, 'LRX22G');
INSERT INTO `dim_os` VALUES (46, 'HUAWEIBAC-TL00');
INSERT INTO `dim_os` VALUES (47, 'N2G47H');
INSERT INTO `dim_os` VALUES (48, 'HONORBND-AL10');
INSERT INTO `dim_os` VALUES (49, 'HONORPRA-AL00');
INSERT INTO `dim_os` VALUES (50, 'HONORBLN-AL10');
INSERT INTO `dim_os` VALUES (51, 'HuaweiMediaPad');
INSERT INTO `dim_os` VALUES (52, 'HUAWEIMHA-TL00');
INSERT INTO `dim_os` VALUES (53, 'HuaweiG7-TL00');
INSERT INTO `dim_os` VALUES (54, 'ZAXCNFN5801710251S');
INSERT INTO `dim_os` VALUES (55, 'Windows_NT');
INSERT INTO `dim_os` VALUES (56, 'Darwin');
INSERT INTO `dim_os` VALUES (57, 'S100');
INSERT INTO `dim_os` VALUES (58, 'HONORKIW-AL10');
INSERT INTO `dim_os` VALUES (59, 'HUAWEIMLA-AL10');
INSERT INTO `dim_os` VALUES (60, 'HUAWEIWAS-TL10');
INSERT INTO `dim_os` VALUES (61, 'HUAWEIVKY-AL00');
INSERT INTO `dim_os` VALUES (62, 'ABXCNOP5902605181S');
INSERT INTO `dim_os` VALUES (63, 'HUAWEINCE-AL00');
INSERT INTO `dim_os` VALUES (64, 'HUAWEISTF-AL00');
INSERT INTO `dim_os` VALUES (65, 'HuaweiPE-TL20');
INSERT INTO `dim_os` VALUES (66, 'HONORKIW-UL00');
INSERT INTO `dim_os` VALUES (67, 'HUAWEINXT-CL00');
INSERT INTO `dim_os` VALUES (68, 'HUAWEIALP-AL00');
INSERT INTO `dim_os` VALUES (69, 'HUAWEIWAS-AL00');
INSERT INTO `dim_os` VALUES (70, 'HUAWEIFRD-AL00');
INSERT INTO `dim_os` VALUES (71, 'N2G47F');
INSERT INTO `dim_os` VALUES (72, 'HUAWEIVIE-AL10');
INSERT INTO `dim_os` VALUES (73, 'HUAWEIDIG-AL00');
INSERT INTO `dim_os` VALUES (74, 'HUAWEINTS-AL00');
INSERT INTO `dim_os` VALUES (75, 'LMY47X');
INSERT INTO `dim_os` VALUES (76, 'MPH24.107-58');
INSERT INTO `dim_os` VALUES (77, 'HUAWEIEVA-AL10');
INSERT INTO `dim_os` VALUES (78, 'HUAWEIBEETHOVEN-DL09');
INSERT INTO `dim_os` VALUES (79, 'HONORPLK-AL10');
INSERT INTO `dim_os` VALUES (80, 'HUAWEINXT-TL00');
INSERT INTO `dim_os` VALUES (81, 'HUAWEISTF-AL10');
INSERT INTO `dim_os` VALUES (82, 'LRX21M');
INSERT INTO `dim_os` VALUES (83, 'HONORCAM-TL00H');
INSERT INTO `dim_os` VALUES (84, 'HUAWEIPIC-AL00');
INSERT INTO `dim_os` VALUES (85, 'HUAWEICAZ-AL10');
INSERT INTO `dim_os` VALUES (86, 'HUAWEINCE-AL10');
INSERT INTO `dim_os` VALUES (87, 'HUAWEITAG-AL00');
INSERT INTO `dim_os` VALUES (88, 'HUAWEITIT-CL00');
INSERT INTO `dim_os` VALUES (89, 'HONORBLN-AL40');
INSERT INTO `dim_os` VALUES (90, 'HUAWEIKNT-AL20');
INSERT INTO `dim_os` VALUES (91, 'HuaweiMT7-TL10');
INSERT INTO `dim_os` VALUES (92, 'HONORATH-AL00');
INSERT INTO `dim_os` VALUES (93, 'HUAWEIKNT-UL10');
INSERT INTO `dim_os` VALUES (94, 'HONORNEM-AL10');
INSERT INTO `dim_os` VALUES (95, 'HUAWEITRT-AL00A');
INSERT INTO `dim_os` VALUES (96, 'HONORCAM-TL00');
INSERT INTO `dim_os` VALUES (97, 'HUAWEIEVA-DL00');
INSERT INTO `dim_os` VALUES (98, 'HONORBLN-AL30');
INSERT INTO `dim_os` VALUES (99, 'HUAWEIGRA-CL00');
INSERT INTO `dim_os` VALUES (100, 'HUAWEISLA-TL10');
INSERT INTO `dim_os` VALUES (101, 'HONORKIW-TL00');
INSERT INTO `dim_os` VALUES (102, 'HUAWEIGRA-CL10');
INSERT INTO `dim_os` VALUES (103, 'iso-8899');
INSERT INTO `dim_os` VALUES (104, 'HUAWEICAZ-TL10');
INSERT INTO `dim_os` VALUES (105, 'HonorCHE-TL00');
INSERT INTO `dim_os` VALUES (106, 'HUAWEITRT-AL00');
INSERT INTO `dim_os` VALUES (107, 'HUAWEIBLA-AL00');
INSERT INTO `dim_os` VALUES (108, 'HonorSCL-AL00');
INSERT INTO `dim_os` VALUES (109, 'HuaweiMT7-TL00');
INSERT INTO `dim_os` VALUES (110, 'HONORCAM-AL00');
INSERT INTO `dim_os` VALUES (111, 'KVT49L');
INSERT INTO `dim_os` VALUES (112, 'HUAWEIDUK-TL30');
INSERT INTO `dim_os` VALUES (113, 'HUAWEIRNE-AL00');
INSERT INTO `dim_os` VALUES (114, 'Android');
INSERT INTO `dim_os` VALUES (115, 'HUAWEIMLA-TL10');
INSERT INTO `dim_os` VALUES (116, 'JLS36C');
INSERT INTO `dim_os` VALUES (117, 'HONORJMM-AL00');
INSERT INTO `dim_os` VALUES (118, 'HONORKIW-CL00');
INSERT INTO `dim_os` VALUES (119, 'HuaweiRIO-AL00');
INSERT INTO `dim_os` VALUES (120, 'ZFXCNCT5902606201S');
INSERT INTO `dim_os` VALUES (121, 'ZCXCNCT5902606201S');
INSERT INTO `dim_os` VALUES (122, 'HEXCNFN5902606111S');
INSERT INTO `dim_os` VALUES (123, 'ZAXCNFN5902606201S');
INSERT INTO `dim_os` VALUES (124, 'HuaweiPE-CL00');
INSERT INTO `dim_os` VALUES (125, 'HUAWEIEVA-TL00');
INSERT INTO `dim_os` VALUES (126, 'HUAWEICUN-AL00');
INSERT INTO `dim_os` VALUES (127, 'KOT49H');
INSERT INTO `dim_os` VALUES (128, 'HONORPLK-UL00');
INSERT INTO `dim_os` VALUES (129, 'HUAWEIGRA-UL10');
INSERT INTO `dim_os` VALUES (130, 'FEXCNFN5902605092S');
INSERT INTO `dim_os` VALUES (131, 'CHM-CL00');
INSERT INTO `dim_os` VALUES (132, 'HuaweiALE-TL00');
INSERT INTO `dim_os` VALUES (133, 'HUAWEIPIC-TL00');
INSERT INTO `dim_os` VALUES (134, 'HONORPRA-TL10');
INSERT INTO `dim_os` VALUES (135, 'KTU84Q');
INSERT INTO `dim_os` VALUES (136, 'N2G47J');
INSERT INTO `dim_os` VALUES (137, 'HUAWEISTF-TL10');
INSERT INTO `dim_os` VALUES (138, 'MHC19J');
INSERT INTO `dim_os` VALUES (139, 'OPR1.170623.027');
INSERT INTO `dim_os` VALUES (140, 'LMY47O');
INSERT INTO `dim_os` VALUES (141, '1.8.0.a6f40f.20170803.user');
INSERT INTO `dim_os` VALUES (142, 'HONORKIW-TL00H');
INSERT INTO `dim_os` VALUES (143, 'LRX21V');
INSERT INTO `dim_os` VALUES (144, 'unknownLOT-AL10');
INSERT INTO `dim_os` VALUES (145, 'JDQ39');
INSERT INTO `dim_os` VALUES (146, 'HUAWEIEVA-CL00');
INSERT INTO `dim_os` VALUES (147, 'HUAWEIHWI-AL00');
INSERT INTO `dim_os` VALUES (148, 'HUAWEICRR-UL00');
INSERT INTO `dim_os` VALUES (149, 'HUAWEITIT-TL00');
INSERT INTO `dim_os` VALUES (150, 'HDH60-L03');
INSERT INTO `dim_os` VALUES (151, 'HUAWEITRT-TL10A');
INSERT INTO `dim_os` VALUES (152, 'HUAWEIVNS-TL00');
INSERT INTO `dim_os` VALUES (153, 'HUAWEIHWI-TL00');
INSERT INTO `dim_os` VALUES (154, 'LXE22.92-30');
INSERT INTO `dim_os` VALUES (155, 'HUAWEIDAV-703L');
INSERT INTO `dim_os` VALUES (156, 'HONORPLK-TL00');
INSERT INTO `dim_os` VALUES (157, 'androidTV');
INSERT INTO `dim_os` VALUES (158, 'web');
INSERT INTO `dim_os` VALUES (159, 'windows X64');
INSERT INTO `dim_os` VALUES (160, 'HonorCHM-UL00');
INSERT INTO `dim_os` VALUES (161, 'HonorChe2-TL00');
INSERT INTO `dim_os` VALUES (162, 'MMB29K');
INSERT INTO `dim_os` VALUES (163, 'HUAWEIVTR-TL00');
INSERT INTO `dim_os` VALUES (164, 'HDH60-L12');

-- ----------------------------
-- Table structure for dim_os_version
-- ----------------------------
DROP TABLE IF EXISTS `dim_os_version`;
CREATE TABLE `dim_os_version`  (
  `id` int(10) NOT NULL AUTO_INCREMENT COMMENT 'ID',
  `os_id` int(10) NOT NULL COMMENT '操作系统ID',
  `name` varchar(64) CHARACTER SET utf8 COLLATE utf8_general_ci NOT NULL COMMENT '操作系统版本',
  PRIMARY KEY (`id`) USING BTREE
) ENGINE = InnoDB AUTO_INCREMENT = 391 CHARACTER SET = utf8 COLLATE = utf8_general_ci ROW_FORMAT = Dynamic;

-- ----------------------------
-- Records of dim_os_version
-- ----------------------------
INSERT INTO `dim_os_version` VALUES (-9, -9, '未知');
INSERT INTO `dim_os_version` VALUES (1, 1, '6.2.3');
INSERT INTO `dim_os_version` VALUES (2, -9, 'windows');
INSERT INTO `dim_os_version` VALUES (3, -9, '1.3.7');
INSERT INTO `dim_os_version` VALUES (4, -9, '1.0.20');
INSERT INTO `dim_os_version` VALUES (5, -9, '1.0.21');
INSERT INTO `dim_os_version` VALUES (6, -9, '1.0.23');
INSERT INTO `dim_os_version` VALUES (7, -9, '1.0.24');
INSERT INTO `dim_os_version` VALUES (8, -9, '1.0.25');
INSERT INTO `dim_os_version` VALUES (9, -9, '1.0.26');
INSERT INTO `dim_os_version` VALUES (10, -9, '1.0.27');
INSERT INTO `dim_os_version` VALUES (11, -9, '1.0.28');
INSERT INTO `dim_os_version` VALUES (12, -9, '1.0.29');
INSERT INTO `dim_os_version` VALUES (13, -9, '1.0.30');
INSERT INTO `dim_os_version` VALUES (14, -9, '1.0.31');
INSERT INTO `dim_os_version` VALUES (15, -9, '1.0.32-debug');
INSERT INTO `dim_os_version` VALUES (16, -9, '1.0.32');
INSERT INTO `dim_os_version` VALUES (17, -9, '1.0.33');
INSERT INTO `dim_os_version` VALUES (18, -9, '1.0.33-debug');
INSERT INTO `dim_os_version` VALUES (19, -9, '1.0.34');
INSERT INTO `dim_os_version` VALUES (20, -9, '1.0.34-debug');
INSERT INTO `dim_os_version` VALUES (21, -9, '1.0.35');
INSERT INTO `dim_os_version` VALUES (22, -9, '1.0.35-debug');
INSERT INTO `dim_os_version` VALUES (23, -9, '1.0.36');
INSERT INTO `dim_os_version` VALUES (24, -9, '1.0.36-debug');
INSERT INTO `dim_os_version` VALUES (25, -9, '1.0.37-debug');
INSERT INTO `dim_os_version` VALUES (26, -9, '1.0.37');
INSERT INTO `dim_os_version` VALUES (27, -9, '1.1.0-debug');
INSERT INTO `dim_os_version` VALUES (28, -9, '1.1.0');
INSERT INTO `dim_os_version` VALUES (29, -9, '1.1.1');
INSERT INTO `dim_os_version` VALUES (30, -9, '1.1.1-debug');
INSERT INTO `dim_os_version` VALUES (31, -9, '1.2.0-dev');
INSERT INTO `dim_os_version` VALUES (32, -9, '1.1.3-debug');
INSERT INTO `dim_os_version` VALUES (33, -9, '1.1.3');
INSERT INTO `dim_os_version` VALUES (34, -9, '1.1.2-debug');
INSERT INTO `dim_os_version` VALUES (35, -9, '1.1.4-debug');
INSERT INTO `dim_os_version` VALUES (36, -9, '1.1.4');
INSERT INTO `dim_os_version` VALUES (37, -9, '1.1.5');
INSERT INTO `dim_os_version` VALUES (38, -9, '1.1.5-debug');
INSERT INTO `dim_os_version` VALUES (39, -9, '1.0');
INSERT INTO `dim_os_version` VALUES (40, -9, '1.0.0_debug');
INSERT INTO `dim_os_version` VALUES (41, -9, '14.5.0');
INSERT INTO `dim_os_version` VALUES (42, -9, '6.1.7601');
INSERT INTO `dim_os_version` VALUES (43, -9, '1.0.0');
INSERT INTO `dim_os_version` VALUES (44, -9, '10.0.10586');
INSERT INTO `dim_os_version` VALUES (45, -9, '15.5.0');
INSERT INTO `dim_os_version` VALUES (46, -9, '1.1.5_nt-debug');
INSERT INTO `dim_os_version` VALUES (47, -9, '1.2.0');
INSERT INTO `dim_os_version` VALUES (48, -9, '15.6.0');
INSERT INTO `dim_os_version` VALUES (49, -9, '15.4.0');
INSERT INTO `dim_os_version` VALUES (50, -9, '14.0.0');
INSERT INTO `dim_os_version` VALUES (51, -9, '15.0.0');
INSERT INTO `dim_os_version` VALUES (52, -9, '15.3.0');
INSERT INTO `dim_os_version` VALUES (53, -9, '1.2.1');
INSERT INTO `dim_os_version` VALUES (54, -9, '1.2.2');
INSERT INTO `dim_os_version` VALUES (55, -9, '6.1.7600');
INSERT INTO `dim_os_version` VALUES (56, -9, '1.2.3');
INSERT INTO `dim_os_version` VALUES (57, -9, '1.2.4');
INSERT INTO `dim_os_version` VALUES (58, -9, '10.0.14393');
INSERT INTO `dim_os_version` VALUES (59, -9, '10.0.10240');
INSERT INTO `dim_os_version` VALUES (60, -9, '1.2.5');
INSERT INTO `dim_os_version` VALUES (61, -9, '16.0.0');
INSERT INTO `dim_os_version` VALUES (62, -9, '22');
INSERT INTO `dim_os_version` VALUES (63, -9, '1.2.6');
INSERT INTO `dim_os_version` VALUES (64, -9, '23');
INSERT INTO `dim_os_version` VALUES (65, -9, '19');
INSERT INTO `dim_os_version` VALUES (66, -9, '1.2.7');
INSERT INTO `dim_os_version` VALUES (67, -9, '24');
INSERT INTO `dim_os_version` VALUES (68, -9, '1.2.8');
INSERT INTO `dim_os_version` VALUES (69, -9, '1.2.9');
INSERT INTO `dim_os_version` VALUES (70, -9, '1.3.0');
INSERT INTO `dim_os_version` VALUES (71, -9, '21');
INSERT INTO `dim_os_version` VALUES (72, -9, '16.1.0');
INSERT INTO `dim_os_version` VALUES (73, -9, '1.3.1');
INSERT INTO `dim_os_version` VALUES (74, -9, '18');
INSERT INTO `dim_os_version` VALUES (75, -9, '1.3.2');
INSERT INTO `dim_os_version` VALUES (76, -9, '1.3.3');
INSERT INTO `dim_os_version` VALUES (77, -9, '1.3.4');
INSERT INTO `dim_os_version` VALUES (78, -9, '6.0.6000');
INSERT INTO `dim_os_version` VALUES (79, -9, '1.4.0');
INSERT INTO `dim_os_version` VALUES (80, -9, '1.4.1');
INSERT INTO `dim_os_version` VALUES (81, -9, '16.3.0');
INSERT INTO `dim_os_version` VALUES (82, -9, '1.4.2');
INSERT INTO `dim_os_version` VALUES (83, -9, '1.4.3');
INSERT INTO `dim_os_version` VALUES (84, -9, '16.4.0');
INSERT INTO `dim_os_version` VALUES (85, -9, '1.4.5');
INSERT INTO `dim_os_version` VALUES (86, -9, '1.4.6');
INSERT INTO `dim_os_version` VALUES (87, -9, '25');
INSERT INTO `dim_os_version` VALUES (88, -9, '1.4.7');
INSERT INTO `dim_os_version` VALUES (89, -9, '1.4.8');
INSERT INTO `dim_os_version` VALUES (90, -9, '1.5.0');
INSERT INTO `dim_os_version` VALUES (91, -9, '1.5.0_debug');
INSERT INTO `dim_os_version` VALUES (92, -9, '1.5.1');
INSERT INTO `dim_os_version` VALUES (93, -9, '1.5.2');
INSERT INTO `dim_os_version` VALUES (94, -9, '1.5.3');
INSERT INTO `dim_os_version` VALUES (95, -9, '1.5.5');
INSERT INTO `dim_os_version` VALUES (96, -9, '16.5.0');
INSERT INTO `dim_os_version` VALUES (97, -9, '1.5.6');
INSERT INTO `dim_os_version` VALUES (98, -9, '2.0.0');
INSERT INTO `dim_os_version` VALUES (99, -9, '16.6.0');
INSERT INTO `dim_os_version` VALUES (100, 2, 'chrome10.1');
INSERT INTO `dim_os_version` VALUES (101, -9, 'SM-G9280');
INSERT INTO `dim_os_version` VALUES (102, -9, 'PRO 6');
INSERT INTO `dim_os_version` VALUES (103, -9, 'OPPO A59m');
INSERT INTO `dim_os_version` VALUES (104, -9, 'SM-N9200');
INSERT INTO `dim_os_version` VALUES (105, -9, 'VTR-AL00');
INSERT INTO `dim_os_version` VALUES (106, -9, 'MI 4LTE');
INSERT INTO `dim_os_version` VALUES (107, -9, 'Nexus 5X');
INSERT INTO `dim_os_version` VALUES (108, -9, 'PRO 6s');
INSERT INTO `dim_os_version` VALUES (109, -9, 'MI NOTE LTE');
INSERT INTO `dim_os_version` VALUES (110, -9, 'Nexus 5');
INSERT INTO `dim_os_version` VALUES (111, 2, '10.0');
INSERT INTO `dim_os_version` VALUES (112, 3, '111');
INSERT INTO `dim_os_version` VALUES (113, 4, '112');
INSERT INTO `dim_os_version` VALUES (114, 5, '113');
INSERT INTO `dim_os_version` VALUES (115, -9, 'MI 5s');
INSERT INTO `dim_os_version` VALUES (116, -9, 'MI MAX');
INSERT INTO `dim_os_version` VALUES (117, -9, 'X608');
INSERT INTO `dim_os_version` VALUES (118, -9, 'MX5');
INSERT INTO `dim_os_version` VALUES (119, -9, 'Redmi Note 4');
INSERT INTO `dim_os_version` VALUES (120, -9, 'vivo X7');
INSERT INTO `dim_os_version` VALUES (121, -9, 'Mi Note 2');
INSERT INTO `dim_os_version` VALUES (122, -9, '1.4.9');
INSERT INTO `dim_os_version` VALUES (123, -9, 'HUAWEI GRA-TL00');
INSERT INTO `dim_os_version` VALUES (124, -9, 'GN5001S');
INSERT INTO `dim_os_version` VALUES (125, -9, 'MI 6');
INSERT INTO `dim_os_version` VALUES (126, -9, 'Lenovo K50-t5');
INSERT INTO `dim_os_version` VALUES (127, -9, 'HUAWEI TAG-TL00');
INSERT INTO `dim_os_version` VALUES (128, -9, 'Letv X500');
INSERT INTO `dim_os_version` VALUES (129, -9, '1.4.10');
INSERT INTO `dim_os_version` VALUES (130, -9, '10.0.15063');
INSERT INTO `dim_os_version` VALUES (131, -9, '1.4.11');
INSERT INTO `dim_os_version` VALUES (132, -9, '1.4.12');
INSERT INTO `dim_os_version` VALUES (133, -9, 'M3 Max');
INSERT INTO `dim_os_version` VALUES (134, -9, 'PRA-AL00X');
INSERT INTO `dim_os_version` VALUES (135, -9, '1.4.13');
INSERT INTO `dim_os_version` VALUES (136, -9, '16.7.0');
INSERT INTO `dim_os_version` VALUES (137, -9, 'Xiaomi');
INSERT INTO `dim_os_version` VALUES (138, -9, 'vivo');
INSERT INTO `dim_os_version` VALUES (139, -9, 'samsung');
INSERT INTO `dim_os_version` VALUES (140, -9, 'LGE');
INSERT INTO `dim_os_version` VALUES (141, -9, 'OPPO');
INSERT INTO `dim_os_version` VALUES (142, -9, 'HUAWEI');
INSERT INTO `dim_os_version` VALUES (143, -9, 'Letv');
INSERT INTO `dim_os_version` VALUES (144, -9, 'SM-C7000');
INSERT INTO `dim_os_version` VALUES (145, -9, 'Meizu');
INSERT INTO `dim_os_version` VALUES (146, -9, 'GiONEE');
INSERT INTO `dim_os_version` VALUES (147, -9, '1.5.4');
INSERT INTO `dim_os_version` VALUES (148, -9, '1.5');
INSERT INTO `dim_os_version` VALUES (149, -9, 'LENOVO');
INSERT INTO `dim_os_version` VALUES (150, -9, '1.5.8');
INSERT INTO `dim_os_version` VALUES (151, -9, '1.5.9');
INSERT INTO `dim_os_version` VALUES (152, -9, '2.0.1');
INSERT INTO `dim_os_version` VALUES (153, 1, '10.3.1');
INSERT INTO `dim_os_version` VALUES (154, 6, '9.3.5');
INSERT INTO `dim_os_version` VALUES (155, 1, '10.3.3');
INSERT INTO `dim_os_version` VALUES (156, 1, '10.3.2');
INSERT INTO `dim_os_version` VALUES (157, 1, '10.2');
INSERT INTO `dim_os_version` VALUES (158, 6, '9.3.2');
INSERT INTO `dim_os_version` VALUES (159, -9, '1.5.7');
INSERT INTO `dim_os_version` VALUES (160, -9, '1.5.12');
INSERT INTO `dim_os_version` VALUES (161, 1, '10.2.1');
INSERT INTO `dim_os_version` VALUES (162, 6, '9.3.4');
INSERT INTO `dim_os_version` VALUES (163, -9, 'KIW-TL00H');
INSERT INTO `dim_os_version` VALUES (164, -9, 'HUAWEI VNS-TL00');
INSERT INTO `dim_os_version` VALUES (165, 7, '6.0.1');
INSERT INTO `dim_os_version` VALUES (166, 8, '7.0');
INSERT INTO `dim_os_version` VALUES (167, 9, '6.0.1');
INSERT INTO `dim_os_version` VALUES (168, 10, '7.0');
INSERT INTO `dim_os_version` VALUES (169, 11, '6.0');
INSERT INTO `dim_os_version` VALUES (170, 12, '6.0');
INSERT INTO `dim_os_version` VALUES (171, 13, '5.1');
INSERT INTO `dim_os_version` VALUES (172, 14, '5.0.2');
INSERT INTO `dim_os_version` VALUES (173, 15, '5.1.1');
INSERT INTO `dim_os_version` VALUES (174, 16, '6.0');
INSERT INTO `dim_os_version` VALUES (175, 17, '6.0.1');
INSERT INTO `dim_os_version` VALUES (176, 18, '7.1.1');
INSERT INTO `dim_os_version` VALUES (177, 19, '7.0');
INSERT INTO `dim_os_version` VALUES (178, 20, '6.0');
INSERT INTO `dim_os_version` VALUES (179, 21, '6.0');
INSERT INTO `dim_os_version` VALUES (180, 1, '11.0');
INSERT INTO `dim_os_version` VALUES (181, -9, '6.3.9600');
INSERT INTO `dim_os_version` VALUES (182, 22, '7.0');
INSERT INTO `dim_os_version` VALUES (183, 23, '5.1');
INSERT INTO `dim_os_version` VALUES (184, 24, '4.4.4');
INSERT INTO `dim_os_version` VALUES (185, 25, '4.3');
INSERT INTO `dim_os_version` VALUES (186, 1, '11.0.1');
INSERT INTO `dim_os_version` VALUES (187, 26, '7.0');
INSERT INTO `dim_os_version` VALUES (188, 27, '7.1.1');
INSERT INTO `dim_os_version` VALUES (189, -9, '6.0.6002');
INSERT INTO `dim_os_version` VALUES (190, 1, '11.0.3');
INSERT INTO `dim_os_version` VALUES (191, 1, '11.0.2');
INSERT INTO `dim_os_version` VALUES (192, 28, '6.0');
INSERT INTO `dim_os_version` VALUES (193, 29, '7.1.1');
INSERT INTO `dim_os_version` VALUES (194, 30, 'v1.2.4');
INSERT INTO `dim_os_version` VALUES (195, 1, '10.1.1');
INSERT INTO `dim_os_version` VALUES (196, 31, '6.0');
INSERT INTO `dim_os_version` VALUES (197, -9, '17.2.0');
INSERT INTO `dim_os_version` VALUES (198, 32, '7.0');
INSERT INTO `dim_os_version` VALUES (199, 33, '7.0');
INSERT INTO `dim_os_version` VALUES (200, 34, '7.0');
INSERT INTO `dim_os_version` VALUES (201, 35, '7.0');
INSERT INTO `dim_os_version` VALUES (202, 36, '6.0');
INSERT INTO `dim_os_version` VALUES (203, -9, '17.0.0');
INSERT INTO `dim_os_version` VALUES (204, 37, '6.0');
INSERT INTO `dim_os_version` VALUES (205, 38, '7.0');
INSERT INTO `dim_os_version` VALUES (206, 39, '7.0');
INSERT INTO `dim_os_version` VALUES (207, 40, '4.4.4');
INSERT INTO `dim_os_version` VALUES (208, 41, '7.0');
INSERT INTO `dim_os_version` VALUES (209, 42, '4.4.2');
INSERT INTO `dim_os_version` VALUES (210, 43, '4.2.2');
INSERT INTO `dim_os_version` VALUES (211, 1, '11.1');
INSERT INTO `dim_os_version` VALUES (212, 44, '7.0');
INSERT INTO `dim_os_version` VALUES (213, 45, '5.0.2');
INSERT INTO `dim_os_version` VALUES (214, -9, '10.0.16299');
INSERT INTO `dim_os_version` VALUES (215, 46, '7.0');
INSERT INTO `dim_os_version` VALUES (216, 47, '7.1.2');
INSERT INTO `dim_os_version` VALUES (217, 48, '7.0');
INSERT INTO `dim_os_version` VALUES (218, 49, '7.0');
INSERT INTO `dim_os_version` VALUES (219, 50, '7.0');
INSERT INTO `dim_os_version` VALUES (220, 51, '6.0.1');
INSERT INTO `dim_os_version` VALUES (221, -9, '14.1.0');
INSERT INTO `dim_os_version` VALUES (222, 52, '7.0');
INSERT INTO `dim_os_version` VALUES (223, 53, '4.4.4');
INSERT INTO `dim_os_version` VALUES (224, 54, '6.0.1');
INSERT INTO `dim_os_version` VALUES (225, 55, '10.0.15063');
INSERT INTO `dim_os_version` VALUES (226, 56, '16.7.0');
INSERT INTO `dim_os_version` VALUES (227, 55, '10.0.14393');
INSERT INTO `dim_os_version` VALUES (228, 1, '11.1.1');
INSERT INTO `dim_os_version` VALUES (229, 55, '6.1.7601');
INSERT INTO `dim_os_version` VALUES (230, 56, '16.6.0');
INSERT INTO `dim_os_version` VALUES (231, 55, '10.0.10586');
INSERT INTO `dim_os_version` VALUES (232, 56, '17.2.0');
INSERT INTO `dim_os_version` VALUES (233, 56, '14.1.0');
INSERT INTO `dim_os_version` VALUES (234, 57, '5.1.1');
INSERT INTO `dim_os_version` VALUES (235, 58, '6.0.1');
INSERT INTO `dim_os_version` VALUES (236, 55, '10.0.10240');
INSERT INTO `dim_os_version` VALUES (237, 56, '15.5.0');
INSERT INTO `dim_os_version` VALUES (238, 56, '17.0.0');
INSERT INTO `dim_os_version` VALUES (239, 56, '15.6.0');
INSERT INTO `dim_os_version` VALUES (240, 55, '10.0.16299');
INSERT INTO `dim_os_version` VALUES (241, 59, '7.0');
INSERT INTO `dim_os_version` VALUES (242, 60, '7.0');
INSERT INTO `dim_os_version` VALUES (243, 61, '7.0');
INSERT INTO `dim_os_version` VALUES (244, 62, '6.0');
INSERT INTO `dim_os_version` VALUES (245, 63, '6.0');
INSERT INTO `dim_os_version` VALUES (246, 55, '6.0.6002');
INSERT INTO `dim_os_version` VALUES (247, 64, '7.0');
INSERT INTO `dim_os_version` VALUES (248, 65, '4.4.2');
INSERT INTO `dim_os_version` VALUES (249, 66, '6.0.1');
INSERT INTO `dim_os_version` VALUES (250, 67, '6.0');
INSERT INTO `dim_os_version` VALUES (251, 59, '6.0');
INSERT INTO `dim_os_version` VALUES (252, 68, '8.0.0');
INSERT INTO `dim_os_version` VALUES (253, 69, '7.0');
INSERT INTO `dim_os_version` VALUES (254, 70, '7.0');
INSERT INTO `dim_os_version` VALUES (255, 71, '7.1.2');
INSERT INTO `dim_os_version` VALUES (256, 55, '6.1.7600');
INSERT INTO `dim_os_version` VALUES (257, 72, '7.0');
INSERT INTO `dim_os_version` VALUES (258, 73, '6.0');
INSERT INTO `dim_os_version` VALUES (259, 33, '6.0');
INSERT INTO `dim_os_version` VALUES (260, 74, '6.0');
INSERT INTO `dim_os_version` VALUES (261, 75, '5.1.1');
INSERT INTO `dim_os_version` VALUES (262, 76, '6.0.1');
INSERT INTO `dim_os_version` VALUES (263, 56, '16.0.0');
INSERT INTO `dim_os_version` VALUES (264, 77, '7.0');
INSERT INTO `dim_os_version` VALUES (265, 78, '7.0');
INSERT INTO `dim_os_version` VALUES (266, 79, '6.0');
INSERT INTO `dim_os_version` VALUES (267, 80, '7.0');
INSERT INTO `dim_os_version` VALUES (268, 81, '7.0');
INSERT INTO `dim_os_version` VALUES (269, 82, '5.0.2');
INSERT INTO `dim_os_version` VALUES (270, 83, '6.0');
INSERT INTO `dim_os_version` VALUES (271, 84, '7.0');
INSERT INTO `dim_os_version` VALUES (272, 1, '11.1.2');
INSERT INTO `dim_os_version` VALUES (273, 1, '10.0.2');
INSERT INTO `dim_os_version` VALUES (274, 56, '15.4.0');
INSERT INTO `dim_os_version` VALUES (275, 85, '7.0');
INSERT INTO `dim_os_version` VALUES (276, 86, '6.0');
INSERT INTO `dim_os_version` VALUES (277, 87, '5.1');
INSERT INTO `dim_os_version` VALUES (278, 88, '5.1.1');
INSERT INTO `dim_os_version` VALUES (279, 89, '7.0');
INSERT INTO `dim_os_version` VALUES (280, 90, '7.0');
INSERT INTO `dim_os_version` VALUES (281, 91, '6.0');
INSERT INTO `dim_os_version` VALUES (282, 92, '6.0.1');
INSERT INTO `dim_os_version` VALUES (283, 56, '14.5.0');
INSERT INTO `dim_os_version` VALUES (284, 93, '6.0');
INSERT INTO `dim_os_version` VALUES (285, 94, '6.0');
INSERT INTO `dim_os_version` VALUES (286, 95, '7.0');
INSERT INTO `dim_os_version` VALUES (287, 96, '6.0');
INSERT INTO `dim_os_version` VALUES (288, 97, '7.0');
INSERT INTO `dim_os_version` VALUES (289, 55, '6.3.9600');
INSERT INTO `dim_os_version` VALUES (290, 98, '7.0');
INSERT INTO `dim_os_version` VALUES (291, 77, '6.0');
INSERT INTO `dim_os_version` VALUES (292, 99, '6.0');
INSERT INTO `dim_os_version` VALUES (293, 100, '7.0');
INSERT INTO `dim_os_version` VALUES (294, 101, '6.0.1');
INSERT INTO `dim_os_version` VALUES (295, 102, '6.0');
INSERT INTO `dim_os_version` VALUES (296, 103, '2.3.31');
INSERT INTO `dim_os_version` VALUES (297, 104, '6.0');
INSERT INTO `dim_os_version` VALUES (298, 105, '4.4.2');
INSERT INTO `dim_os_version` VALUES (299, 1, '11.2');
INSERT INTO `dim_os_version` VALUES (300, 67, '7.0');
INSERT INTO `dim_os_version` VALUES (301, 56, '16.5.0');
INSERT INTO `dim_os_version` VALUES (302, 106, '7.0');
INSERT INTO `dim_os_version` VALUES (303, 107, '8.0.0');
INSERT INTO `dim_os_version` VALUES (304, 108, '5.1.1');
INSERT INTO `dim_os_version` VALUES (305, 93, '7.0');
INSERT INTO `dim_os_version` VALUES (306, 109, '6.0');
INSERT INTO `dim_os_version` VALUES (307, 110, '6.0');
INSERT INTO `dim_os_version` VALUES (308, 51, '5.1.1');
INSERT INTO `dim_os_version` VALUES (309, 111, '4.4.2');
INSERT INTO `dim_os_version` VALUES (310, 112, '7.0');
INSERT INTO `dim_os_version` VALUES (311, 42, '5.1.1');
INSERT INTO `dim_os_version` VALUES (312, 113, '7.0');
INSERT INTO `dim_os_version` VALUES (313, 114, '25');
INSERT INTO `dim_os_version` VALUES (314, 115, '7.0');
INSERT INTO `dim_os_version` VALUES (315, 116, '4.3');
INSERT INTO `dim_os_version` VALUES (316, 117, '7.0');
INSERT INTO `dim_os_version` VALUES (317, 118, '6.0.1');
INSERT INTO `dim_os_version` VALUES (318, 119, '5.1');
INSERT INTO `dim_os_version` VALUES (319, 120, '6.0.1');
INSERT INTO `dim_os_version` VALUES (320, 121, '6.0.1');
INSERT INTO `dim_os_version` VALUES (321, 122, '6.0');
INSERT INTO `dim_os_version` VALUES (322, 94, '7.0');
INSERT INTO `dim_os_version` VALUES (323, 123, '6.0.1');
INSERT INTO `dim_os_version` VALUES (324, 56, '17.3.0');
INSERT INTO `dim_os_version` VALUES (325, 124, '4.4.2');
INSERT INTO `dim_os_version` VALUES (326, 37, '7.0');
INSERT INTO `dim_os_version` VALUES (327, 125, '7.0');
INSERT INTO `dim_os_version` VALUES (328, 2, '5');
INSERT INTO `dim_os_version` VALUES (329, 126, '5.1');
INSERT INTO `dim_os_version` VALUES (330, 127, '4.4.2');
INSERT INTO `dim_os_version` VALUES (331, 128, '6.0');
INSERT INTO `dim_os_version` VALUES (332, 129, '6.0');
INSERT INTO `dim_os_version` VALUES (333, 130, '6.0.1');
INSERT INTO `dim_os_version` VALUES (334, 38, '6.0');
INSERT INTO `dim_os_version` VALUES (335, 114, '24');
INSERT INTO `dim_os_version` VALUES (336, 114, '19');
INSERT INTO `dim_os_version` VALUES (337, 36, '4.4.2');
INSERT INTO `dim_os_version` VALUES (338, 131, '4.4.4');
INSERT INTO `dim_os_version` VALUES (339, 132, '5.0.2');
INSERT INTO `dim_os_version` VALUES (340, 133, '7.0');
INSERT INTO `dim_os_version` VALUES (341, 114, '23');
INSERT INTO `dim_os_version` VALUES (342, 114, '22');
INSERT INTO `dim_os_version` VALUES (343, 114, '18');
INSERT INTO `dim_os_version` VALUES (344, 114, '21');
INSERT INTO `dim_os_version` VALUES (345, 114, '16');
INSERT INTO `dim_os_version` VALUES (346, 114, '17');
INSERT INTO `dim_os_version` VALUES (347, 134, '7.0');
INSERT INTO `dim_os_version` VALUES (348, 135, '4.4.4');
INSERT INTO `dim_os_version` VALUES (349, 1, '10.3');
INSERT INTO `dim_os_version` VALUES (350, 34, '6.0');
INSERT INTO `dim_os_version` VALUES (351, 136, '7.1.2');
INSERT INTO `dim_os_version` VALUES (352, 137, '7.0');
INSERT INTO `dim_os_version` VALUES (353, 92, '5.1.1');
INSERT INTO `dim_os_version` VALUES (354, 22, '8.0.0');
INSERT INTO `dim_os_version` VALUES (355, 1, '11.2.1');
INSERT INTO `dim_os_version` VALUES (356, 138, '6.0.1');
INSERT INTO `dim_os_version` VALUES (357, 139, '8.0.0');
INSERT INTO `dim_os_version` VALUES (358, 140, '5.1');
INSERT INTO `dim_os_version` VALUES (359, 141, '6.0.1');
INSERT INTO `dim_os_version` VALUES (360, 142, '5.1.1');
INSERT INTO `dim_os_version` VALUES (361, 143, '5.0');
INSERT INTO `dim_os_version` VALUES (362, 119, '6.0.1');
INSERT INTO `dim_os_version` VALUES (363, 144, '8.0.0');
INSERT INTO `dim_os_version` VALUES (364, 145, '4.2.2');
INSERT INTO `dim_os_version` VALUES (365, 146, '7.0');
INSERT INTO `dim_os_version` VALUES (366, 147, '8.0.0');
INSERT INTO `dim_os_version` VALUES (367, 148, '6.0');
INSERT INTO `dim_os_version` VALUES (368, 149, '5.1');
INSERT INTO `dim_os_version` VALUES (369, 150, '4.4.2');
INSERT INTO `dim_os_version` VALUES (370, 151, '7.0');
INSERT INTO `dim_os_version` VALUES (371, 152, '6.0');
INSERT INTO `dim_os_version` VALUES (372, 39, '8.0.0');
INSERT INTO `dim_os_version` VALUES (373, 153, '8.0.0');
INSERT INTO `dim_os_version` VALUES (374, 154, '5.0.2');
INSERT INTO `dim_os_version` VALUES (375, 155, '6.0');
INSERT INTO `dim_os_version` VALUES (376, 156, '6.0');
INSERT INTO `dim_os_version` VALUES (377, 114, '6.2.3');
INSERT INTO `dim_os_version` VALUES (378, 157, '6.2.3');
INSERT INTO `dim_os_version` VALUES (379, 2, '6.2.3');
INSERT INTO `dim_os_version` VALUES (380, 158, '6.2.3');
INSERT INTO `dim_os_version` VALUES (381, 159, '6.2.3');
INSERT INTO `dim_os_version` VALUES (382, 116, '4.4.2');
INSERT INTO `dim_os_version` VALUES (383, 160, '4.4.2');
INSERT INTO `dim_os_version` VALUES (384, 161, '4.4.2');
INSERT INTO `dim_os_version` VALUES (385, 162, '6.0.1');
INSERT INTO `dim_os_version` VALUES (386, 163, '7.0');
INSERT INTO `dim_os_version` VALUES (387, 164, '4.4.2');
INSERT INTO `dim_os_version` VALUES (388, 51, '4.3');
INSERT INTO `dim_os_version` VALUES (389, 61, '8.0.0');
INSERT INTO `dim_os_version` VALUES (390, 26, '8.0.0');

-- ----------------------------
-- Table structure for dim_region
-- ----------------------------
DROP TABLE IF EXISTS `dim_region`;
CREATE TABLE `dim_region`  (
  `id` int(10) NOT NULL AUTO_INCREMENT COMMENT '地区代码',
  `country_id` int(10) NOT NULL COMMENT '国家ID',
  `name` varchar(64) CHARACTER SET utf8 COLLATE utf8_bin NOT NULL COMMENT '地区名称',
  PRIMARY KEY (`id`) USING BTREE
) ENGINE = InnoDB AUTO_INCREMENT = 50 CHARACTER SET = utf8 COLLATE = utf8_bin COMMENT = '省/地区表' ROW_FORMAT = Dynamic;

-- ----------------------------
-- Records of dim_region
-- ----------------------------
INSERT INTO `dim_region` VALUES (-9, -9, '未知');
INSERT INTO `dim_region` VALUES (2, 3, '四川省');
INSERT INTO `dim_region` VALUES (5, 3, '北京市');
INSERT INTO `dim_region` VALUES (6, 3, '广东省');
INSERT INTO `dim_region` VALUES (7, 3, '上海市');
INSERT INTO `dim_region` VALUES (8, 3, '内蒙古自治区');
INSERT INTO `dim_region` VALUES (9, 3, '陕西省');
INSERT INTO `dim_region` VALUES (11, 3, '江苏省');
INSERT INTO `dim_region` VALUES (12, 3, '山东省');
INSERT INTO `dim_region` VALUES (13, 3, '浙江省');
INSERT INTO `dim_region` VALUES (14, 3, '天津市');
INSERT INTO `dim_region` VALUES (15, 3, '湖北省');
INSERT INTO `dim_region` VALUES (16, 3, '河南省');
INSERT INTO `dim_region` VALUES (17, 3, '辽宁省');
INSERT INTO `dim_region` VALUES (18, 3, '福建省');
INSERT INTO `dim_region` VALUES (19, 3, '黑龙江省');
INSERT INTO `dim_region` VALUES (20, 3, '湖南省');
INSERT INTO `dim_region` VALUES (21, 3, '云南省');
INSERT INTO `dim_region` VALUES (22, 3, '河北省');
INSERT INTO `dim_region` VALUES (23, 3, '台湾省');
INSERT INTO `dim_region` VALUES (24, 4, '未知');
INSERT INTO `dim_region` VALUES (25, 3, '山西省');
INSERT INTO `dim_region` VALUES (26, 5, '未知');
INSERT INTO `dim_region` VALUES (28, 3, '香港特别行政区');
INSERT INTO `dim_region` VALUES (29, 3, '海南省');
INSERT INTO `dim_region` VALUES (30, 3, '广西壮族自治区');
INSERT INTO `dim_region` VALUES (31, 6, '未知');
INSERT INTO `dim_region` VALUES (32, 3, '江西省');
INSERT INTO `dim_region` VALUES (33, 3, '重庆市');
INSERT INTO `dim_region` VALUES (34, 3, '安徽省');
INSERT INTO `dim_region` VALUES (35, 3, '贵州省');
INSERT INTO `dim_region` VALUES (36, 7, '未知');
INSERT INTO `dim_region` VALUES (37, 3, '宁夏回族自治区');
INSERT INTO `dim_region` VALUES (38, 3, '未知');
INSERT INTO `dim_region` VALUES (39, 3, '甘肃省');
INSERT INTO `dim_region` VALUES (40, 3, '青海省');
INSERT INTO `dim_region` VALUES (41, 3, '新疆维吾尔自治区');
INSERT INTO `dim_region` VALUES (42, 8, '未知');
INSERT INTO `dim_region` VALUES (43, 3, '吉林省');
INSERT INTO `dim_region` VALUES (44, 9, '未知');
INSERT INTO `dim_region` VALUES (45, 10, '未知');
INSERT INTO `dim_region` VALUES (46, 3, '西藏自治区');
INSERT INTO `dim_region` VALUES (47, 11, '未知');
INSERT INTO `dim_region` VALUES (48, 12, '未知');
INSERT INTO `dim_region` VALUES (49, 13, '未知');

SET FOREIGN_KEY_CHECKS = 1;
