/*
 Navicat Premium Data Transfer

 Source Server         : 125.208.1.67-root
 Source Server Type    : MySQL
 Source Server Version : 50711
 Source Host           : 125.208.1.67:33665
 Source Schema         : etl_config

 Target Server Type    : MySQL
 Target Server Version : 50711
 File Encoding         : 65001

 Date: 10/01/2018 12:48:39
*/

SET NAMES utf8mb4;
SET FOREIGN_KEY_CHECKS = 0;

-- ----------------------------
-- Table structure for conf_info_classify
-- ----------------------------
DROP TABLE IF EXISTS `conf_info_classify`;
CREATE TABLE `conf_info_classify`  (
  `pk_id` int(11) NOT NULL AUTO_INCREMENT COMMENT '自增主键 (classify_id),分类id',
  `classify_name` varchar(100) CHARACTER SET utf8 COLLATE utf8_general_ci DEFAULT NULL COMMENT '分类名称',
  `remark` varchar(2048) CHARACTER SET utf8 COLLATE utf8_general_ci DEFAULT NULL COMMENT '分类描述',
  `status` smallint(6) DEFAULT 1 COMMENT '1 : 正常 0：停用 -1：删除',
  `create_user` varchar(30) CHARACTER SET utf8 COLLATE utf8_general_ci DEFAULT NULL,
  `create_time` datetime(0) DEFAULT NULL,
  `update_user` varchar(30) CHARACTER SET utf8 COLLATE utf8_general_ci DEFAULT NULL,
  `update_time` timestamp(0) NOT NULL DEFAULT CURRENT_TIMESTAMP ON UPDATE CURRENT_TIMESTAMP(0),
  PRIMARY KEY (`pk_id`) USING BTREE,
  INDEX `idx_conf_info_classify`(`pk_id`, `status`) USING BTREE
) ENGINE = InnoDB AUTO_INCREMENT = 6 CHARACTER SET = utf8 COLLATE = utf8_general_ci COMMENT = '存储各个任务组的分类配置' ROW_FORMAT = Dynamic;

-- ----------------------------
-- Records of conf_info_classify
-- ----------------------------
INSERT INTO `conf_info_classify` VALUES (1, '坐标分析任务', '坐标运营分析数据汇总调度', 1, 'admin', '2017-11-06 17:35:31', '管理员', '2017-11-30 09:36:46');
INSERT INTO `conf_info_classify` VALUES (2, '时信bi分析', '时信bi分析', -1, '管理员', '2017-11-07 16:23:23', NULL, '2017-11-07 16:59:21');
INSERT INTO `conf_info_classify` VALUES (3, '时信分析任务', '时信分析任务', -1, '管理员', '2017-11-23 11:26:05', NULL, '2017-11-29 15:11:14');
INSERT INTO `conf_info_classify` VALUES (4, '友盟接口采集', '采集友盟的Api接口数据；自定义事件相关数据', 1, '管理员', '2017-11-29 16:47:22', NULL, '2017-11-29 16:47:22');
INSERT INTO `conf_info_classify` VALUES (5, '即时任务分类', '即时任务分类', 1, '管理员', '2018-01-05 18:51:03', NULL, '2018-01-05 18:51:02');

-- ----------------------------
-- Table structure for conf_info_group
-- ----------------------------
DROP TABLE IF EXISTS `conf_info_group`;
CREATE TABLE `conf_info_group`  (
  `pk_id` int(11) NOT NULL AUTO_INCREMENT COMMENT '自增主键(group_id),任务组id',
  `classify_id` int(11) DEFAULT NULL COMMENT '分类Id，来源conf_info_classify',
  `group_name` varchar(100) CHARACTER SET utf8 COLLATE utf8_general_ci DEFAULT NULL COMMENT '任务分组名称',
  `tasks_cron` varchar(100) CHARACTER SET utf8 COLLATE utf8_general_ci DEFAULT NULL COMMENT 'Cron任务表达式，若没依赖任务，则使用Cron表达式；若有依赖，依赖任务执行完毕立，才会执行子调度任务，并判断时间是否延期，延期发送告警',
  `report_notice` varchar(2048) CHARACTER SET utf8 COLLATE utf8_general_ci DEFAULT NULL COMMENT 'json串，执行成功，执行失败，汇报给不同的人 json 2个key节点 ， success，fail 分别汇报给不同人',
  `remark` varchar(4096) CHARACTER SET utf8 COLLATE utf8_general_ci DEFAULT NULL COMMENT '任务分组描述',
  `effective_start` date DEFAULT NULL COMMENT '有效开始时间',
  `effective_end` date DEFAULT NULL COMMENT '有效结束时间',
  `status` smallint(6) DEFAULT 1 COMMENT '1 : 正常 -1：删除 0: 暂停',
  `create_user` varchar(30) CHARACTER SET utf8 COLLATE utf8_general_ci DEFAULT NULL,
  `create_time` datetime(0) DEFAULT NULL,
  `update_user` varchar(30) CHARACTER SET utf8 COLLATE utf8_general_ci DEFAULT NULL,
  `update_time` timestamp(0) NOT NULL DEFAULT CURRENT_TIMESTAMP ON UPDATE CURRENT_TIMESTAMP(0),
  PRIMARY KEY (`pk_id`) USING BTREE,
  INDEX `idx_conf_info_group`(`pk_id`) USING BTREE
) ENGINE = InnoDB AUTO_INCREMENT = 78 CHARACTER SET = utf8 COLLATE = utf8_general_ci COMMENT = '存储任务分组配置' ROW_FORMAT = Dynamic;

-- ----------------------------
-- Records of conf_info_group
-- ----------------------------
INSERT INTO `conf_info_group` VALUES (48, 1, 'Cube引擎统计任务组', '0 13 3 * * ?', '{\"sms\":\"18939195459,13462401088,18281012309\",\"email\":\"yangluchao@shixinyun.com\"}', '功能统计日汇总', '2017-07-01', '2019-12-31', 1, '管理员', '2017-09-07 11:07:49', '管理员', '2018-01-08 13:34:37');
INSERT INTO `conf_info_group` VALUES (49, 1, '注册用户数据,dw日轻度汇总', '0 15 3 * * ?', '{\"sms\":\"18939195459,13462401088,18281012309\",\"email\":\"yangluchao@shixinyun.com\"}', '注册用户数据,dw汇总', '2017-01-01', '2020-12-31', -1, '管理员', '2017-09-08 13:42:15', '管理员', '2017-11-07 10:18:36');
INSERT INTO `conf_info_group` VALUES (50, 1, '接口层->ods->dwd->dw任务组', '0 15 3 * * ?', '{\"sms\":\"18939195459,13462401088,18281012309\",\"email\":\"yangluchao@shixinyun.com\"}', '用户访问日志,dw汇总', '2017-01-01', '2021-01-01', 1, '管理员', '2017-09-07 14:13:39', '管理员', '2017-11-07 10:18:36');
INSERT INTO `conf_info_group` VALUES (51, 1, '埋点分析任务组', '0 13 3 * * ?', '{\"sms\":\"18939195459,13462401088,18281012309\",\"email\":\"yangluchao@shixinyun.com\"}', '埋点数据日汇总', '2017-01-01', '2020-01-01', 1, '管理员', '2017-09-07 14:30:24', '管理员', '2018-01-08 16:01:25');
INSERT INTO `conf_info_group` VALUES (53, 1, '概览统计St层汇总', '0 20 3 * * ?', '{\"sms\":\"18939195459,13462401088,18281012309\",\"email\":\"yangluchao@shixinyun.com\"}', '概览统计St层汇总', '2017-01-01', '2021-01-01', -1, '管理员', '2017-09-07 16:00:33', NULL, '2017-11-07 10:18:36');
INSERT INTO `conf_info_group` VALUES (54, 1, 'st趋势分析', '0 20 3 * * ?', '{\"sms\":\"18939195459,13462401088,18281012309\",\"email\":\"yangluchao@shixinyun.com\"}', 'st趋势分析', '2017-01-01', '2021-01-01', 1, '管理员', '2017-09-07 16:05:34', NULL, '2017-11-07 10:18:37');
INSERT INTO `conf_info_group` VALUES (55, 1, 'st活跃用户脚本', '0 20 3 * * ?', '{\"sms\":\"18939195459,13462401088,18281012309\",\"email\":\"yangluchao@shixinyun.com\"}', 'st活跃用户脚本', '2017-01-01', '2020-01-01', 1, '管理员', '2017-09-07 16:07:29', NULL, '2017-11-07 10:18:37');
INSERT INTO `conf_info_group` VALUES (56, 1, 'st新增用户首次使用日留存', '0 22 3 * * ?', '{\"sms\":\"18939195459,13462401088,18281012309\",\"email\":\"yangluchao@shixinyun.com\"}', 'st新增用户首次使用日留存', '2017-01-01', '2021-01-01', 1, '管理员', '2017-09-07 16:09:20', NULL, '2017-11-07 10:18:37');
INSERT INTO `conf_info_group` VALUES (62, 1, 'st新增用户首次使用周留存', '0 23 3 ? * MON', '{\"sms\":\"18939195459,13462401088,18281012309\",\"email\":\"yangluchao@shixinyun.com\"}', 'st新增用户首次使用周留存', '2017-01-01', '2021-09-01', 1, '管理员', '2017-09-07 16:42:48', '管理员', '2017-11-07 10:18:37');
INSERT INTO `conf_info_group` VALUES (63, 1, 'st新增用户首次使用月留存', '0 24 3 1 * ?', '{\"sms\":\"18939195459,13462401088,18281012309\",\"email\":\"yangluchao@shixinyun.com\"}', 'st新增用户首次使用月留存', '2017-01-01', '2021-01-01', 1, '管理员', '2017-09-07 16:49:11', NULL, '2017-11-07 10:18:37');
INSERT INTO `conf_info_group` VALUES (64, 1, 'st活跃用户日留存', '0 22 3 * * ?', '{\"sms\":\"18939195459,13462401088,18281012309\",\"email\":\"yangluchao@shixinyun.com\"}', 'st活跃用户日留存', '2017-01-01', '2021-01-01', 1, '管理员', '2017-09-07 16:50:26', NULL, '2017-11-07 10:18:37');
INSERT INTO `conf_info_group` VALUES (65, 1, 'st活跃用户周留存', '0 23 3 ? * MON', '{\"sms\":\"18939195459,13462401088,18281012309\",\"email\":\"yangluchao@shixinyun.com\"}', 'st活跃用户周留存', '2017-05-01', '2020-09-10', 1, '管理员', '2017-09-07 16:51:36', NULL, '2017-11-07 10:18:37');
INSERT INTO `conf_info_group` VALUES (66, 1, 'st活跃用户月留存', '0 24 3 1 * ?', '{\"sms\":\"18939195459,13462401088,18281012309\",\"email\":\"yangluchao@shixinyun.com\"}', '活跃用户月留存st层汇总', '2017-05-01', '2020-09-03', 1, '管理员', '2017-09-07 16:53:54', NULL, '2017-11-07 10:18:37');
INSERT INTO `conf_info_group` VALUES (67, 1, 'st访问用户属性分析', '0 20 3 * * ?', '{\"sms\":\"18939195459,13462401088,18281012309\",\"email\":\"yangluchao@shixinyun.com\"}', 'st访问用户属性分析', '2017-09-01', '2021-09-03', 1, '管理员', '2017-09-07 16:55:07', NULL, '2017-11-07 10:18:37');
INSERT INTO `conf_info_group` VALUES (68, 1, '访问用户终端st层汇总', '0 20 3 * * ?', '{\"sms\":\"18939195459,13462401088,18281012309\",\"email\":\"yangluchao@shixinyun.com\"}', '访问用户终端st层汇总', '2017-06-01', '2020-09-05', -1, '管理员', '2017-09-07 16:57:06', NULL, '2017-11-07 10:18:37');
INSERT INTO `conf_info_group` VALUES (69, 1, '访问用户地域st层汇总 ', '0 20 3 * * ?', '{\"sms\":\"18939195459,13462401088,18281012309\",\"email\":\"yangluchao@shixinyun.com\"}', '访问用户地域st层汇总 ', '2017-02-01', '2021-09-02', 1, '管理员', '2017-09-07 16:58:30', NULL, '2017-11-07 10:18:37');
INSERT INTO `conf_info_group` VALUES (70, 1, '访问用户终端st层汇总', '0 25 3 * * ?', '{\"sms\":\"18939195459,13462401088,18281012309\",\"email\":\"yangluchao@shixinyun.com\"}', '访问用户终端st层汇总', '2017-01-01', '2020-09-01', 1, '管理员', '2017-09-07 16:59:13', NULL, '2017-11-07 10:18:38');
INSERT INTO `conf_info_group` VALUES (71, 1, '概览统计St层汇总', '0 20 3 * * ?', '{\"sms\":\"18939195459,13462401088,18281012309\",\"email\":\"yangluchao@shixinyun.com\"}', '概览统计St层汇总', '2017-01-01', '2020-09-01', -1, '管理员', '2017-09-11 10:45:08', NULL, '2017-11-07 10:18:38');
INSERT INTO `conf_info_group` VALUES (72, 1, '概览统计St层汇总', '0 20 3 * * ?', '{\"sms\":\"18939195459,13462401088,18281012309\",\"email\":\"yangluchao@shixinyun.com\"}', '概览统计St层汇总', '2016-09-01', '2020-09-01', 1, '管理员', '2017-09-11 10:55:25', NULL, '2017-11-07 10:18:38');
INSERT INTO `conf_info_group` VALUES (73, 4, '友盟自定义事件任务', '0 0 11 * * ?', '{\"sms\":\"18939195459,13462401088,18281012309\",\"email\":\"yangluchao@shixinyun.com\"}', '友盟拉取数据任务', '2017-12-01', '2018-12-28', 1, '管理员', '2017-12-11 17:32:41', '管理员', '2018-01-08 18:23:26');
INSERT INTO `conf_info_group` VALUES (74, 5, '在线时长实时任务', '0 0/30 * * * ?', '{\"sms\":\"18939195459,13462401088,18281012309\",\"email\":\"yangluchao@shixinyun.com\"}', '在线时长实时任务组', '2018-01-02', '2128-01-01', 1, '管理员', '2018-01-05 18:55:16', '管理员', '2018-01-05 18:57:35');
INSERT INTO `conf_info_group` VALUES (75, 5, '日程实时任务', '0 0/30 * * * ?', '{\"sms\":\"18939195459,13462401088,18281012309\",\"email\":\"yangluchao@shixinyun.com\"}', '日程实时任务', '2018-01-01', '2018-02-16', 1, '管理员', '2018-01-05 18:59:22', NULL, '2018-01-05 18:59:22');
INSERT INTO `conf_info_group` VALUES (76, 1, '自定义事件任务组', '0 35 3 * * ?', '{\"sms\":\"18939195459,13462401088,18281012309\",\"email\":\"yangluchao@shixinyun.com\"}', '自定义事件任务组', '2018-01-01', '2078-01-01', 1, '管理员', '2018-01-09 15:24:57', '管理员', '2018-01-09 16:46:29');
INSERT INTO `conf_info_group` VALUES (77, 1, '日程统计任务组', '0 30 3 * * ?', '{\"sms\":\"18939195459,13462401088,18281012309\",\"email\":\"yangluchao@shixinyun.com\"}', '日程统计分析任务组', '2018-01-01', '2019-01-31', 1, '管理员', '2018-01-09 18:26:27', '管理员', '2018-01-09 20:08:40');

-- ----------------------------
-- Table structure for conf_info_java_script
-- ----------------------------
DROP TABLE IF EXISTS `conf_info_java_script`;
CREATE TABLE `conf_info_java_script`  (
  `pk_id` int(11) NOT NULL AUTO_INCREMENT COMMENT '自增主键 (script_id),任务脚本id',
  `script_name` varchar(100) CHARACTER SET utf8 COLLATE utf8_general_ci DEFAULT NULL COMMENT '执行脚本名称',
  `script_key` varchar(100) CHARACTER SET utf8 COLLATE utf8_general_ci DEFAULT NULL COMMENT '唯一区分脚本的串，如 user_count_ds（用户单天统计实现）等',
  `preset_param` text CHARACTER SET utf8 COLLATE utf8_general_ci COMMENT 'json串，初始化参数数据',
  `script_path` varchar(1024) CHARACTER SET utf8 COLLATE utf8_general_ci DEFAULT NULL COMMENT 'java 实现类的具体路径，通过唯一标识获取实体类，通过校验路径判断是否正确',
  `personal` varchar(100) CHARACTER SET utf8 COLLATE utf8_general_ci DEFAULT NULL COMMENT '脚本开发者，若出现执行脚本异常，会告警抄送开发者',
  `status` smallint(6) DEFAULT 1 COMMENT '1 : 正常 -1：删除 0: 暂停',
  `create_user` varchar(30) CHARACTER SET utf8 COLLATE utf8_general_ci DEFAULT NULL,
  `create_time` datetime(0) DEFAULT NULL,
  `update_user` varchar(30) CHARACTER SET utf8 COLLATE utf8_general_ci DEFAULT NULL,
  `update_time` timestamp(0) NOT NULL DEFAULT CURRENT_TIMESTAMP ON UPDATE CURRENT_TIMESTAMP(0),
  PRIMARY KEY (`pk_id`) USING BTREE,
  INDEX `idx_conf_info_java_script`(`pk_id`) USING BTREE
) ENGINE = InnoDB AUTO_INCREMENT = 73 CHARACTER SET = utf8 COLLATE = utf8_general_ci COMMENT = '存储 Java汇总实现脚本' ROW_FORMAT = Dynamic;

-- ----------------------------
-- Records of conf_info_java_script
-- ----------------------------
INSERT INTO `conf_info_java_script` VALUES (16, 'dw交互追踪,日轻度汇总', 'dw.applicationInteractTrace', '{\"datasource\": {\"driverClass.encrypted\": \"802623216DB1D640D1657C65EFD1DEBF6DCC751ED195C0A9\",\"filters\": \"stat\",\"initialSize\": 2,\"maxActive\": 5,\"maxPoolPreparedStatementPerConnectionSize\": 200,\"maxWait\": 60000,\"minEvictableIdleTimeMillis\": 300000,\"password.encrypted\": \"AE3357509433CC801B2A4C5D20922C66\",\"poolPreparedStatements\": false,\"testOnBorrow\": false,\"testOnReturn\": false,\"testWhileIdle\": true,\"timeBetweenEvictionRunsMillis\": 60000,\"url\": \"jdbc:mysql://125.208.1.67:33665/etl_config?useUnicode=true&characterEncoding=utf8&serverTimezone=UTC&useSSL=false&useOldAliasMetadataBehavior=true\",\"user.encrypted\": \"DA4E53DE72CFC257\",\"validationQuery\": \"SELECT 1\"},\"savedays\": 180}', 'etl.dispatch.java.dw.Dw_ApplicationInteractTrace', 'yangluchao@shixinyun.com', 1, 'admin', '2017-06-24 22:10:46', NULL, '2017-11-07 10:20:05');
INSERT INTO `conf_info_java_script` VALUES (17, 'dwd交互追踪数据增强', 'dwd.applicationInteractTrace', '{\"datasource\": {\"driverClass.encrypted\": \"802623216DB1D640D1657C65EFD1DEBF6DCC751ED195C0A9\",\"filters\": \"stat\",\"initialSize\": 2,\"maxActive\": 5,\"maxPoolPreparedStatementPerConnectionSize\": 200,\"maxWait\": 60000,\"minEvictableIdleTimeMillis\": 300000,\"password.encrypted\": \"AE3357509433CC801B2A4C5D20922C66\",\"poolPreparedStatements\": false,\"testOnBorrow\": false,\"testOnReturn\": false,\"testWhileIdle\": true,\"timeBetweenEvictionRunsMillis\": 60000,\"url\": \"jdbc:mysql://125.208.1.67:33665/etl_config?useUnicode=true&characterEncoding=utf8&serverTimezone=UTC&useSSL=false&useOldAliasMetadataBehavior=true\",\"user.encrypted\": \"DA4E53DE72CFC257\",\"validationQuery\": \"SELECT 1\"},\"savedays\": 10}', 'etl.dispatch.java.dwd.Dwd_ApplicationInteractTrace', 'yangluchao@shixinyun.com', 1, 'admin', '2017-06-28 14:09:10', NULL, '2017-11-07 10:20:05');
INSERT INTO `conf_info_java_script` VALUES (18, 'dwd错误崩溃数据增强', 'dwd.applicationCrashReport', '{\"datasource\": {\"driverClass.encrypted\": \"802623216DB1D640D1657C65EFD1DEBF6DCC751ED195C0A9\",\"filters\": \"stat\",\"initialSize\": 2,\"maxActive\": 5,\"maxPoolPreparedStatementPerConnectionSize\": 200,\"maxWait\": 60000,\"minEvictableIdleTimeMillis\": 300000,\"password.encrypted\": \"AE3357509433CC801B2A4C5D20922C66\",\"poolPreparedStatements\": false,\"testOnBorrow\": false,\"testOnReturn\": false,\"testWhileIdle\": true,\"timeBetweenEvictionRunsMillis\": 60000,\"url\": \"jdbc:mysql://125.208.1.67:33665/etl_config?useUnicode=true&characterEncoding=utf8&serverTimezone=UTC&useSSL=false&useOldAliasMetadataBehavior=true\",\"user.encrypted\": \"DA4E53DE72CFC257\",\"validationQuery\": \"SELECT 1\"},\"savedays\": 10}', 'etl.dispatch.java.dwd.Dwd_ApplicationErrorReport', 'yangluchao@shixinyun.com', 1, 'admin', '2017-06-28 14:10:25', NULL, '2017-12-07 11:07:44');
INSERT INTO `conf_info_java_script` VALUES (19, 'dw错误崩溃,日轻度汇总', 'dw.applicationCrashReport', '{\"datasource\": {\"driverClass.encrypted\": \"802623216DB1D640D1657C65EFD1DEBF6DCC751ED195C0A9\",\"filters\": \"stat\",\"initialSize\": 2,\"maxActive\": 5,\"maxPoolPreparedStatementPerConnectionSize\": 200,\"maxWait\": 60000,\"minEvictableIdleTimeMillis\": 300000,\"password.encrypted\": \"AE3357509433CC801B2A4C5D20922C66\",\"poolPreparedStatements\": false,\"testOnBorrow\": false,\"testOnReturn\": false,\"testWhileIdle\": true,\"timeBetweenEvictionRunsMillis\": 60000,\"url\": \"jdbc:mysql://125.208.1.67:33665/etl_config?useUnicode=true&characterEncoding=utf8&serverTimezone=UTC&useSSL=false&useOldAliasMetadataBehavior=true\",\"user.encrypted\": \"DA4E53DE72CFC257\",\"validationQuery\": \"SELECT 1\"},\"savedays\": 180}', 'etl.dispatch.java.dw.Dw_ApplicationErrorReport', 'yangluchao@shixinyun.com', 1, 'admin', '2017-06-30 16:15:04', NULL, '2017-12-07 11:07:50');
INSERT INTO `conf_info_java_script` VALUES (20, 'st交互追踪日,日累计', 'st.applicationInteractTrace', '{\"datasource\": {\"driverClass.encrypted\": \"802623216DB1D640D1657C65EFD1DEBF6DCC751ED195C0A9\",\"filters\": \"stat\",\"initialSize\": 2,\"maxActive\": 5,\"maxPoolPreparedStatementPerConnectionSize\": 200,\"maxWait\": 60000,\"minEvictableIdleTimeMillis\": 300000,\"password.encrypted\": \"AE3357509433CC801B2A4C5D20922C66\",\"poolPreparedStatements\": false,\"testOnBorrow\": false,\"testOnReturn\": false,\"testWhileIdle\": true,\"timeBetweenEvictionRunsMillis\": 60000,\"url\": \"jdbc:mysql://125.208.1.67:33665/etl_config?useUnicode=true&characterEncoding=utf8&serverTimezone=UTC&useSSL=false&useOldAliasMetadataBehavior=true\",\"user.encrypted\": \"DA4E53DE72CFC257\",\"validationQuery\": \"SELECT 1\"}}', 'etl.dispatch.java.st.St_ApplicationInteractTrace', 'yangluchao@shixinyun.com', 1, 'admin', '2017-06-30 20:37:06', NULL, '2017-11-07 10:20:05');
INSERT INTO `conf_info_java_script` VALUES (21, 'st错误崩溃日汇总', 'st.applicationCrashReport', '{\"datasource\": {\"driverClass.encrypted\": \"802623216DB1D640D1657C65EFD1DEBF6DCC751ED195C0A9\",\"filters\": \"stat\",\"initialSize\": 2,\"maxActive\": 5,\"maxPoolPreparedStatementPerConnectionSize\": 200,\"maxWait\": 60000,\"minEvictableIdleTimeMillis\": 300000,\"password.encrypted\": \"AE3357509433CC801B2A4C5D20922C66\",\"poolPreparedStatements\": false,\"testOnBorrow\": false,\"testOnReturn\": false,\"testWhileIdle\": true,\"timeBetweenEvictionRunsMillis\": 60000,\"url\": \"jdbc:mysql://125.208.1.67:33665/etl_config?useUnicode=true&characterEncoding=utf8&serverTimezone=UTC&useSSL=false&useOldAliasMetadataBehavior=true\",\"user.encrypted\": \"DA4E53DE72CFC257\",\"validationQuery\": \"SELECT 1\"}}', 'etl.dispatch.java.st.St_ApplicationErrorReport', 'yangluchao@shixinyun.com', 1, 'admin', '2017-07-04 16:35:09', NULL, '2017-12-07 11:07:51');
INSERT INTO `conf_info_java_script` VALUES (22, 'ods注册用户数据清洗转换', 'ods.applicationuserinfo', '{\"datasource\": {\"driverClass.encrypted\": \"802623216DB1D640D1657C65EFD1DEBF6DCC751ED195C0A9\",\"filters\": \"stat\",\"initialSize\": 2,\"maxActive\": 5,\"maxPoolPreparedStatementPerConnectionSize\": 200,\"maxWait\": 60000,\"minEvictableIdleTimeMillis\": 300000,\"password.encrypted\": \"AE3357509433CC801B2A4C5D20922C66\",\"poolPreparedStatements\": false,\"testOnBorrow\": false,\"testOnReturn\": false,\"testWhileIdle\": true,\"timeBetweenEvictionRunsMillis\": 60000,\"url\": \"jdbc:mysql://125.208.1.67:33665/etl_config?useUnicode=true&characterEncoding=utf8&serverTimezone=UTC&useSSL=false&useOldAliasMetadataBehavior=true\",\"user.encrypted\": \"DA4E53DE72CFC257\",\"validationQuery\": \"SELECT 1\"},\"savedays\":3}', 'etl.dispatch.java.ods.Ods_ApplicationUserInfo', 'yangluchao@shixinyun.com', 1, 'admin', '2017-07-13 10:44:27', NULL, '2017-11-07 10:20:05');
INSERT INTO `conf_info_java_script` VALUES (23, 'ods用户访问数据清洗转换', 'ods.applicationloginlog', '{\"datasource\": {\"driverClass.encrypted\": \"802623216DB1D640D1657C65EFD1DEBF6DCC751ED195C0A9\",\"filters\": \"stat\",\"initialSize\": 2,\"maxActive\": 5,\"maxPoolPreparedStatementPerConnectionSize\": 200,\"maxWait\": 60000,\"minEvictableIdleTimeMillis\": 300000,\"password.encrypted\": \"AE3357509433CC801B2A4C5D20922C66\",\"poolPreparedStatements\": false,\"testOnBorrow\": false,\"testOnReturn\": false,\"testWhileIdle\": true,\"timeBetweenEvictionRunsMillis\": 60000,\"url\": \"jdbc:mysql://125.208.1.67:33665/etl_config?useUnicode=true&characterEncoding=utf8&serverTimezone=UTC&useSSL=false&useOldAliasMetadataBehavior=true\",\"user.encrypted\": \"DA4E53DE72CFC257\",\"validationQuery\": \"SELECT 1\"},\"savedays\": 3}', 'etl.dispatch.java.ods.Ods_ApplicationLoginLog', 'yangluchao@shixinyun.com', 1, 'admin', '2017-07-13 10:45:23', NULL, '2017-11-07 10:20:05');
INSERT INTO `conf_info_java_script` VALUES (24, 'dwd注册用户数据增强', 'dwd.applicationuserinfo', '{\"datasource\": {\"driverClass.encrypted\": \"802623216DB1D640D1657C65EFD1DEBF6DCC751ED195C0A9\",\"filters\": \"stat\",\"initialSize\": 2,\"maxActive\": 5,\"maxPoolPreparedStatementPerConnectionSize\": 200,\"maxWait\": 60000,\"minEvictableIdleTimeMillis\": 300000,\"password.encrypted\": \"AE3357509433CC801B2A4C5D20922C66\",\"poolPreparedStatements\": false,\"testOnBorrow\": false,\"testOnReturn\": false,\"testWhileIdle\": true,\"timeBetweenEvictionRunsMillis\": 60000,\"url\": \"jdbc:mysql://125.208.1.67:33665/etl_config?useUnicode=true&characterEncoding=utf8&serverTimezone=UTC&useSSL=false&useOldAliasMetadataBehavior=true\",\"user.encrypted\": \"DA4E53DE72CFC257\",\"validationQuery\": \"SELECT 1\"},\"savedays\": 10}', 'etl.dispatch.java.dwd.Dwd_ApplicationUserInfo', 'yangluchao@shixinyun.com', 1, 'admin', '2017-07-13 10:51:50', NULL, '2017-11-07 10:20:05');
INSERT INTO `conf_info_java_script` VALUES (25, 'dwd用户访问数据增强', 'dwd.applicationloginlog', '{\"datasource\": {\"driverClass.encrypted\": \"802623216DB1D640D1657C65EFD1DEBF6DCC751ED195C0A9\",\"filters\": \"stat\",\"initialSize\": 2,\"maxActive\": 5,\"maxPoolPreparedStatementPerConnectionSize\": 200,\"maxWait\": 60000,\"minEvictableIdleTimeMillis\": 300000,\"password.encrypted\": \"AE3357509433CC801B2A4C5D20922C66\",\"poolPreparedStatements\": false,\"testOnBorrow\": false,\"testOnReturn\": false,\"testWhileIdle\": true,\"timeBetweenEvictionRunsMillis\": 60000,\"url\": \"jdbc:mysql://125.208.1.67:33665/etl_config?useUnicode=true&characterEncoding=utf8&serverTimezone=UTC&useSSL=false&useOldAliasMetadataBehavior=true\",\"user.encrypted\": \"DA4E53DE72CFC257\",\"validationQuery\": \"SELECT 1\"},\"savedays\": 10}', 'etl.dispatch.java.dwd.Dwd_ApplicationLoginLog', 'yangluchao@shixinyun.com', 1, 'admin', '2017-07-13 10:52:38', NULL, '2017-11-07 10:20:06');
INSERT INTO `conf_info_java_script` VALUES (26, 'dw用户访问日志,日轻度汇总', 'dw.applicationLoginLog', '{\"datasource\": {\"driverClass.encrypted\": \"802623216DB1D640D1657C65EFD1DEBF6DCC751ED195C0A9\",\"filters\": \"stat\",\"initialSize\": 2,\"maxActive\": 5,\"maxPoolPreparedStatementPerConnectionSize\": 200,\"maxWait\": 60000,\"minEvictableIdleTimeMillis\": 300000,\"password.encrypted\": \"AE3357509433CC801B2A4C5D20922C66\",\"poolPreparedStatements\": false,\"testOnBorrow\": false,\"testOnReturn\": false,\"testWhileIdle\": true,\"timeBetweenEvictionRunsMillis\": 60000,\"url\": \"jdbc:mysql://125.208.1.67:33665/etl_config?useUnicode=true&characterEncoding=utf8&serverTimezone=UTC&useSSL=false&useOldAliasMetadataBehavior=true\",\"user.encrypted\": \"DA4E53DE72CFC257\",\"validationQuery\": \"SELECT 1\"},\"savedays\": 180}', 'etl.dispatch.java.dw.Dw_ApplicationLoginLog', 'yangluchao@shixinyun.com', 1, 'admin', '2017-07-17 16:44:03', NULL, '2017-11-07 10:20:06');
INSERT INTO `conf_info_java_script` VALUES (27, 'st概览统计脚本', 'st.overview_analysis', '{\"datasource\": {\"driverClass.encrypted\": \"802623216DB1D640D1657C65EFD1DEBF6DCC751ED195C0A9\",\"filters\": \"stat\",\"initialSize\": 2,\"maxActive\": 5,\"maxPoolPreparedStatementPerConnectionSize\": 200,\"maxWait\": 60000,\"minEvictableIdleTimeMillis\": 300000,\"password.encrypted\": \"AE3357509433CC801B2A4C5D20922C66\",\"poolPreparedStatements\": false,\"testOnBorrow\": false,\"testOnReturn\": false,\"testWhileIdle\": true,\"timeBetweenEvictionRunsMillis\": 60000,\"url\": \"jdbc:mysql://125.208.1.67:33665/etl_config?useUnicode=true&characterEncoding=utf8&serverTimezone=UTC&useSSL=false&useOldAliasMetadataBehavior=true\",\"user.encrypted\": \"DA4E53DE72CFC257\",\"validationQuery\": \"SELECT 1\"}}', 'etl.dispatch.java.st.St_Overview_Analysis', 'yangluchao@shixinyun.com', 1, 'admin', '2017-07-18 15:42:23', NULL, '2017-11-07 10:20:06');
INSERT INTO `conf_info_java_script` VALUES (28, 'st趋势分析脚本', 'st.trend_analysis', '{\"datasource\": {\"driverClass.encrypted\": \"802623216DB1D640D1657C65EFD1DEBF6DCC751ED195C0A9\",\"filters\": \"stat\",\"initialSize\": 2,\"maxActive\": 5,\"maxPoolPreparedStatementPerConnectionSize\": 200,\"maxWait\": 60000,\"minEvictableIdleTimeMillis\": 300000,\"password.encrypted\": \"AE3357509433CC801B2A4C5D20922C66\",\"poolPreparedStatements\": false,\"testOnBorrow\": false,\"testOnReturn\": false,\"testWhileIdle\": true,\"timeBetweenEvictionRunsMillis\": 60000,\"url\": \"jdbc:mysql://125.208.1.67:33665/etl_config?useUnicode=true&characterEncoding=utf8&serverTimezone=UTC&useSSL=false&useOldAliasMetadataBehavior=true\",\"user.encrypted\": \"DA4E53DE72CFC257\",\"validationQuery\": \"SELECT 1\"}}', 'etl.dispatch.java.st.St_Trend_Analysis', 'yangluchao@shixinyun.com', 1, 'admin', '2017-07-18 17:26:53', NULL, '2017-11-07 10:20:06');
INSERT INTO `conf_info_java_script` VALUES (29, 'st活跃用户脚本', 'st.active_user', '{\"datasource\": {\"driverClass.encrypted\": \"802623216DB1D640D1657C65EFD1DEBF6DCC751ED195C0A9\",\"filters\": \"stat\",\"initialSize\": 2,\"maxActive\": 5,\"maxPoolPreparedStatementPerConnectionSize\": 200,\"maxWait\": 60000,\"minEvictableIdleTimeMillis\": 300000,\"password.encrypted\": \"AE3357509433CC801B2A4C5D20922C66\",\"poolPreparedStatements\": false,\"testOnBorrow\": false,\"testOnReturn\": false,\"testWhileIdle\": true,\"timeBetweenEvictionRunsMillis\": 60000,\"url\": \"jdbc:mysql://125.208.1.67:33665/etl_config?useUnicode=true&characterEncoding=utf8&serverTimezone=UTC&useSSL=false&useOldAliasMetadataBehavior=true\",\"user.encrypted\": \"DA4E53DE72CFC257\",\"validationQuery\": \"SELECT 1\"}}', 'etl.dispatch.java.st.St_Active_User', 'yangluchao@shixinyun.com', 1, 'admin', '2017-07-19 15:49:58', NULL, '2017-11-07 10:20:06');
INSERT INTO `conf_info_java_script` VALUES (30, 'st新增用户首次使用日留存', 'st.new_user_retain_ds', '{\"datasource\": {\"driverClass.encrypted\": \"802623216DB1D640D1657C65EFD1DEBF6DCC751ED195C0A9\",\"filters\": \"stat\",\"initialSize\": 2,\"maxActive\": 5,\"maxPoolPreparedStatementPerConnectionSize\": 200,\"maxWait\": 60000,\"minEvictableIdleTimeMillis\": 300000,\"password.encrypted\": \"AE3357509433CC801B2A4C5D20922C66\",\"poolPreparedStatements\": false,\"testOnBorrow\": false,\"testOnReturn\": false,\"testWhileIdle\": true,\"timeBetweenEvictionRunsMillis\": 60000,\"url\": \"jdbc:mysql://125.208.1.67:33665/etl_config?useUnicode=true&characterEncoding=utf8&serverTimezone=UTC&useSSL=false&useOldAliasMetadataBehavior=true\",\"user.encrypted\": \"DA4E53DE72CFC257\",\"validationQuery\": \"SELECT 1\"}}', 'etl.dispatch.java.st.St_New_User_Retain_Ds', 'yangluchao@shixinyun.com', 1, 'admin', '2017-07-20 09:40:58', NULL, '2017-11-07 10:20:06');
INSERT INTO `conf_info_java_script` VALUES (31, 'st新增用户首次使用周留存', 'st.new_user_retain_ws', '{\"datasource\": {\"driverClass.encrypted\": \"802623216DB1D640D1657C65EFD1DEBF6DCC751ED195C0A9\",\"filters\": \"stat\",\"initialSize\": 2,\"maxActive\": 5,\"maxPoolPreparedStatementPerConnectionSize\": 200,\"maxWait\": 60000,\"minEvictableIdleTimeMillis\": 300000,\"password.encrypted\": \"AE3357509433CC801B2A4C5D20922C66\",\"poolPreparedStatements\": false,\"testOnBorrow\": false,\"testOnReturn\": false,\"testWhileIdle\": true,\"timeBetweenEvictionRunsMillis\": 60000,\"url\": \"jdbc:mysql://125.208.1.67:33665/etl_config?useUnicode=true&characterEncoding=utf8&serverTimezone=UTC&useSSL=false&useOldAliasMetadataBehavior=true\",\"user.encrypted\": \"DA4E53DE72CFC257\",\"validationQuery\": \"SELECT 1\"}}', 'etl.dispatch.java.st.St_New_User_Retain_Ws', 'yangluchao@shixinyun.com', 1, 'admin', '2017-07-20 14:00:07', NULL, '2017-11-07 10:20:06');
INSERT INTO `conf_info_java_script` VALUES (32, 'st新增用户首次使用月留存', 'st.new_user_retain_ms', '{\"datasource\": {\"driverClass.encrypted\": \"802623216DB1D640D1657C65EFD1DEBF6DCC751ED195C0A9\",\"filters\": \"stat\",\"initialSize\": 2,\"maxActive\": 5,\"maxPoolPreparedStatementPerConnectionSize\": 200,\"maxWait\": 60000,\"minEvictableIdleTimeMillis\": 300000,\"password.encrypted\": \"AE3357509433CC801B2A4C5D20922C66\",\"poolPreparedStatements\": false,\"testOnBorrow\": false,\"testOnReturn\": false,\"testWhileIdle\": true,\"timeBetweenEvictionRunsMillis\": 60000,\"url\": \"jdbc:mysql://125.208.1.67:33665/etl_config?useUnicode=true&characterEncoding=utf8&serverTimezone=UTC&useSSL=false&useOldAliasMetadataBehavior=true\",\"user.encrypted\": \"DA4E53DE72CFC257\",\"validationQuery\": \"SELECT 1\"}}', 'etl.dispatch.java.st.St_New_User_Retain_Ms', 'yangluchao@shixinyun.com', 1, 'admin', '2017-07-20 14:00:07', NULL, '2017-11-07 10:20:06');
INSERT INTO `conf_info_java_script` VALUES (33, 'st活跃用户日留存', 'st.active_user_retain_ds', '{\"datasource\": {\"driverClass.encrypted\": \"802623216DB1D640D1657C65EFD1DEBF6DCC751ED195C0A9\",\"filters\": \"stat\",\"initialSize\": 2,\"maxActive\": 5,\"maxPoolPreparedStatementPerConnectionSize\": 200,\"maxWait\": 60000,\"minEvictableIdleTimeMillis\": 300000,\"password.encrypted\": \"AE3357509433CC801B2A4C5D20922C66\",\"poolPreparedStatements\": false,\"testOnBorrow\": false,\"testOnReturn\": false,\"testWhileIdle\": true,\"timeBetweenEvictionRunsMillis\": 60000,\"url\": \"jdbc:mysql://125.208.1.67:33665/etl_config?useUnicode=true&characterEncoding=utf8&serverTimezone=UTC&useSSL=false&useOldAliasMetadataBehavior=true\",\"user.encrypted\": \"DA4E53DE72CFC257\",\"validationQuery\": \"SELECT 1\"}}', 'etl.dispatch.java.st.St_Active_User_Retain_Ds', 'yangluchao@shixinyun.com', 1, 'admin', '2017-07-20 15:22:54', NULL, '2017-11-07 10:20:06');
INSERT INTO `conf_info_java_script` VALUES (34, 'st活跃用户周留存', 'st.active_user_retain_ws', '{\"datasource\": {\"driverClass.encrypted\": \"802623216DB1D640D1657C65EFD1DEBF6DCC751ED195C0A9\",\"filters\": \"stat\",\"initialSize\": 2,\"maxActive\": 5,\"maxPoolPreparedStatementPerConnectionSize\": 200,\"maxWait\": 60000,\"minEvictableIdleTimeMillis\": 300000,\"password.encrypted\": \"AE3357509433CC801B2A4C5D20922C66\",\"poolPreparedStatements\": false,\"testOnBorrow\": false,\"testOnReturn\": false,\"testWhileIdle\": true,\"timeBetweenEvictionRunsMillis\": 60000,\"url\": \"jdbc:mysql://125.208.1.67:33665/etl_config?useUnicode=true&characterEncoding=utf8&serverTimezone=UTC&useSSL=false&useOldAliasMetadataBehavior=true\",\"user.encrypted\": \"DA4E53DE72CFC257\",\"validationQuery\": \"SELECT 1\"}}', 'etl.dispatch.java.st.St_Active_User_Retain_Ws', 'yangluchao@shixinyun.com', 1, 'admin', '2017-07-20 15:27:42', NULL, '2017-11-07 10:20:06');
INSERT INTO `conf_info_java_script` VALUES (35, 'st活跃用户月留存', 'st.active_user_retain_ms', '{\"datasource\": {\"driverClass.encrypted\": \"802623216DB1D640D1657C65EFD1DEBF6DCC751ED195C0A9\",\"filters\": \"stat\",\"initialSize\": 2,\"maxActive\": 5,\"maxPoolPreparedStatementPerConnectionSize\": 200,\"maxWait\": 60000,\"minEvictableIdleTimeMillis\": 300000,\"password.encrypted\": \"AE3357509433CC801B2A4C5D20922C66\",\"poolPreparedStatements\": false,\"testOnBorrow\": false,\"testOnReturn\": false,\"testWhileIdle\": true,\"timeBetweenEvictionRunsMillis\": 60000,\"url\": \"jdbc:mysql://125.208.1.67:33665/etl_config?useUnicode=true&characterEncoding=utf8&serverTimezone=UTC&useSSL=false&useOldAliasMetadataBehavior=true\",\"user.encrypted\": \"DA4E53DE72CFC257\",\"validationQuery\": \"SELECT 1\"}}', 'etl.dispatch.java.st.St_Active_User_Retain_Ms', 'yangluchao@shixinyun.com', 1, 'admin', '2017-07-20 15:30:45', NULL, '2017-11-07 10:20:06');
INSERT INTO `conf_info_java_script` VALUES (36, 'st访问用户属性分析', 'st.user_analysis', '{\"datasource\": {\"driverClass.encrypted\": \"802623216DB1D640D1657C65EFD1DEBF6DCC751ED195C0A9\",\"filters\": \"stat\",\"initialSize\": 2,\"maxActive\": 5,\"maxPoolPreparedStatementPerConnectionSize\": 200,\"maxWait\": 60000,\"minEvictableIdleTimeMillis\": 300000,\"password.encrypted\": \"AE3357509433CC801B2A4C5D20922C66\",\"poolPreparedStatements\": false,\"testOnBorrow\": false,\"testOnReturn\": false,\"testWhileIdle\": true,\"timeBetweenEvictionRunsMillis\": 60000,\"url\": \"jdbc:mysql://125.208.1.67:33665/etl_config?useUnicode=true&characterEncoding=utf8&serverTimezone=UTC&useSSL=false&useOldAliasMetadataBehavior=true\",\"user.encrypted\": \"DA4E53DE72CFC257\",\"validationQuery\": \"SELECT 1\"}}', 'etl.dispatch.java.st.St_User_Analysis', 'yangluchao@shixinyun.com', 1, 'admin', '2017-07-21 14:23:06', NULL, '2017-11-07 10:20:07');
INSERT INTO `conf_info_java_script` VALUES (37, 'st访问用户地域分析', 'st.area_analysis', '{\"datasource\": {\"driverClass.encrypted\": \"802623216DB1D640D1657C65EFD1DEBF6DCC751ED195C0A9\",\"filters\": \"stat\",\"initialSize\": 2,\"maxActive\": 5,\"maxPoolPreparedStatementPerConnectionSize\": 200,\"maxWait\": 60000,\"minEvictableIdleTimeMillis\": 300000,\"password.encrypted\": \"AE3357509433CC801B2A4C5D20922C66\",\"poolPreparedStatements\": false,\"testOnBorrow\": false,\"testOnReturn\": false,\"testWhileIdle\": true,\"timeBetweenEvictionRunsMillis\": 60000,\"url\": \"jdbc:mysql://125.208.1.67:33665/etl_config?useUnicode=true&characterEncoding=utf8&serverTimezone=UTC&useSSL=false&useOldAliasMetadataBehavior=true\",\"user.encrypted\": \"DA4E53DE72CFC257\",\"validationQuery\": \"SELECT 1\"}}', 'etl.dispatch.java.st.St_Area_Analysis', 'yangluchao@shixinyun.com', 1, 'admin', '2017-07-21 17:10:48', NULL, '2017-11-07 10:20:07');
INSERT INTO `conf_info_java_script` VALUES (38, 'st访问用户终端设备分析', 'st.terminal_manufacturer_analysis', '{\"datasource\": {\"driverClass.encrypted\": \"802623216DB1D640D1657C65EFD1DEBF6DCC751ED195C0A9\",\"filters\": \"stat\",\"initialSize\": 2,\"maxActive\": 5,\"maxPoolPreparedStatementPerConnectionSize\": 200,\"maxWait\": 60000,\"minEvictableIdleTimeMillis\": 300000,\"password.encrypted\": \"AE3357509433CC801B2A4C5D20922C66\",\"poolPreparedStatements\": false,\"testOnBorrow\": false,\"testOnReturn\": false,\"testWhileIdle\": true,\"timeBetweenEvictionRunsMillis\": 60000,\"url\": \"jdbc:mysql://125.208.1.67:33665/etl_config?useUnicode=true&characterEncoding=utf8&serverTimezone=UTC&useSSL=false&useOldAliasMetadataBehavior=true\",\"user.encrypted\": \"DA4E53DE72CFC257\",\"validationQuery\": \"SELECT 1\"}}', 'etl.dispatch.java.st.St_Terminal_Manufacturer_Analysis', 'yangluchao@shixinyun.com', 1, 'admin', '2017-07-21 18:19:06', '管理员', '2017-11-22 17:28:16');
INSERT INTO `conf_info_java_script` VALUES (39, 'ods消息日志数据清洗转换', 'ods.cubeMessageLog', '{\"datasource\": {\"driverClass.encrypted\": \"802623216DB1D640D1657C65EFD1DEBF6DCC751ED195C0A9\",\"filters\": \"stat\",\"initialSize\": 2,\"maxActive\": 5,\"maxPoolPreparedStatementPerConnectionSize\": 200,\"maxWait\": 60000,\"minEvictableIdleTimeMillis\": 300000,\"password.encrypted\": \"AE3357509433CC801B2A4C5D20922C66\",\"poolPreparedStatements\": false,\"testOnBorrow\": false,\"testOnReturn\": false,\"testWhileIdle\": true,\"timeBetweenEvictionRunsMillis\": 60000,\"url\": \"jdbc:mysql://125.208.1.67:33665/etl_config?useUnicode=true&characterEncoding=utf8&serverTimezone=UTC&useSSL=false&useOldAliasMetadataBehavior=true\",\"user.encrypted\": \"DA4E53DE72CFC257\",\"validationQuery\": \"SELECT 1\"},\"savedays\": 3}', 'etl.dispatch.java.ods.Ods_CubeMessageLog', 'yangluchao@shixinyun.com', -1, 'admin', '2017-07-25 11:22:06', NULL, '2017-11-29 15:23:07');
INSERT INTO `conf_info_java_script` VALUES (40, 'ods呼叫日志数据清洗转换', 'ods.cubeCallLog', '{\"datasource\": {\"driverClass.encrypted\": \"802623216DB1D640D1657C65EFD1DEBF6DCC751ED195C0A9\",\"filters\": \"stat\",\"initialSize\": 2,\"maxActive\": 5,\"maxPoolPreparedStatementPerConnectionSize\": 200,\"maxWait\": 60000,\"minEvictableIdleTimeMillis\": 300000,\"password.encrypted\": \"AE3357509433CC801B2A4C5D20922C66\",\"poolPreparedStatements\": false,\"testOnBorrow\": false,\"testOnReturn\": false,\"testWhileIdle\": true,\"timeBetweenEvictionRunsMillis\": 60000,\"url\": \"jdbc:mysql://125.208.1.67:33665/etl_config?useUnicode=true&characterEncoding=utf8&serverTimezone=UTC&useSSL=false&useOldAliasMetadataBehavior=true\",\"user.encrypted\": \"DA4E53DE72CFC257\",\"validationQuery\": \"SELECT 1\"},\"savedays\": 3}', 'etl.dispatch.java.ods.Ods_CubeCallLog', 'yangluchao@shixinyun.com', -1, 'admin', '2017-07-25 14:37:29', NULL, '2017-11-29 15:23:21');
INSERT INTO `conf_info_java_script` VALUES (41, 'dwd消息日志数据增强', 'dwd.cubeMessageLog', '{\"datasource\": {\"driverClass.encrypted\": \"802623216DB1D640D1657C65EFD1DEBF6DCC751ED195C0A9\",\"filters\": \"stat\",\"initialSize\": 2,\"maxActive\": 5,\"maxPoolPreparedStatementPerConnectionSize\": 200,\"maxWait\": 60000,\"minEvictableIdleTimeMillis\": 300000,\"password.encrypted\": \"AE3357509433CC801B2A4C5D20922C66\",\"poolPreparedStatements\": false,\"testOnBorrow\": false,\"testOnReturn\": false,\"testWhileIdle\": true,\"timeBetweenEvictionRunsMillis\": 60000,\"url\": \"jdbc:mysql://125.208.1.67:33665/etl_config?useUnicode=true&characterEncoding=utf8&serverTimezone=UTC&useSSL=false&useOldAliasMetadataBehavior=true\",\"user.encrypted\": \"DA4E53DE72CFC257\",\"validationQuery\": \"SELECT 1\"},\"savedays\": 10}', 'etl.dispatch.java.dwd.Dwd_CubeMessageLog', 'yangluchao@shixinyun.com', -1, 'admin', '2017-07-25 15:46:19', NULL, '2017-11-29 15:23:13');
INSERT INTO `conf_info_java_script` VALUES (42, 'dwd呼叫日志数据增强', 'dwd.cubeCallLog', '{\"datasource\": {\"driverClass.encrypted\": \"802623216DB1D640D1657C65EFD1DEBF6DCC751ED195C0A9\",\"filters\": \"stat\",\"initialSize\": 2,\"maxActive\": 5,\"maxPoolPreparedStatementPerConnectionSize\": 200,\"maxWait\": 60000,\"minEvictableIdleTimeMillis\": 300000,\"password.encrypted\": \"AE3357509433CC801B2A4C5D20922C66\",\"poolPreparedStatements\": false,\"testOnBorrow\": false,\"testOnReturn\": false,\"testWhileIdle\": true,\"timeBetweenEvictionRunsMillis\": 60000,\"url\": \"jdbc:mysql://125.208.1.67:33665/etl_config?useUnicode=true&characterEncoding=utf8&serverTimezone=UTC&useSSL=false&useOldAliasMetadataBehavior=true\",\"user.encrypted\": \"DA4E53DE72CFC257\",\"validationQuery\": \"SELECT 1\"},\"savedays\": 10}', 'etl.dispatch.java.dwd.Dwd_CubeCallLog', 'yangluchao@shixinyun.com', -1, 'admin', '2017-07-25 15:46:21', NULL, '2017-11-29 15:23:23');
INSERT INTO `conf_info_java_script` VALUES (43, 'dw消息日志数据,日轻度汇总', 'dw.cubeMessageLog', '{\"datasource\": {\"driverClass.encrypted\": \"802623216DB1D640D1657C65EFD1DEBF6DCC751ED195C0A9\",\"filters\": \"stat\",\"initialSize\": 2,\"maxActive\": 5,\"maxPoolPreparedStatementPerConnectionSize\": 200,\"maxWait\": 60000,\"minEvictableIdleTimeMillis\": 300000,\"password.encrypted\": \"AE3357509433CC801B2A4C5D20922C66\",\"poolPreparedStatements\": false,\"testOnBorrow\": false,\"testOnReturn\": false,\"testWhileIdle\": true,\"timeBetweenEvictionRunsMillis\": 60000,\"url\": \"jdbc:mysql://125.208.1.67:33665/etl_config?useUnicode=true&characterEncoding=utf8&serverTimezone=UTC&useSSL=false&useOldAliasMetadataBehavior=true\",\"user.encrypted\": \"DA4E53DE72CFC257\",\"validationQuery\": \"SELECT 1\"},\"savedays\": 180}', 'etl.dispatch.java.dw.Dw_CubeMessageLog', 'yangluchao@shixinyun.com', -1, 'admin', '2017-07-26 11:18:37', NULL, '2017-11-29 15:23:11');
INSERT INTO `conf_info_java_script` VALUES (44, 'dw呼叫日志数据,日轻度汇总', 'dw.cubeCallLog', '{\"datasource\": {\"driverClass.encrypted\": \"802623216DB1D640D1657C65EFD1DEBF6DCC751ED195C0A9\",\"filters\": \"stat\",\"initialSize\": 2,\"maxActive\": 5,\"maxPoolPreparedStatementPerConnectionSize\": 200,\"maxWait\": 60000,\"minEvictableIdleTimeMillis\": 300000,\"password.encrypted\": \"AE3357509433CC801B2A4C5D20922C66\",\"poolPreparedStatements\": false,\"testOnBorrow\": false,\"testOnReturn\": false,\"testWhileIdle\": true,\"timeBetweenEvictionRunsMillis\": 60000,\"url\": \"jdbc:mysql://125.208.1.67:33665/etl_config?useUnicode=true&characterEncoding=utf8&serverTimezone=UTC&useSSL=false&useOldAliasMetadataBehavior=true\",\"user.encrypted\": \"DA4E53DE72CFC257\",\"validationQuery\": \"SELECT 1\"},\"savedays\": 180}', 'etl.dispatch.java.dw.Dw_CubeCallLog', 'yangluchao@shixinyun.com', -1, 'admin', '2017-07-26 11:19:28', NULL, '2017-11-29 15:23:25');
INSERT INTO `conf_info_java_script` VALUES (45, 'st功能统计日汇总', 'st.function_statistic', '{\"datasource\": {\"driverClass.encrypted\": \"802623216DB1D640D1657C65EFD1DEBF6DCC751ED195C0A9\",\"filters\": \"stat\",\"initialSize\": 2,\"maxActive\": 5,\"maxPoolPreparedStatementPerConnectionSize\": 200,\"maxWait\": 60000,\"minEvictableIdleTimeMillis\": 300000,\"password.encrypted\": \"AE3357509433CC801B2A4C5D20922C66\",\"poolPreparedStatements\": false,\"testOnBorrow\": false,\"testOnReturn\": false,\"testWhileIdle\": true,\"timeBetweenEvictionRunsMillis\": 60000,\"url\": \"jdbc:mysql://125.208.1.67:33665/etl_config?useUnicode=true&characterEncoding=utf8&serverTimezone=UTC&useSSL=false&useOldAliasMetadataBehavior=true\",\"user.encrypted\": \"DA4E53DE72CFC257\",\"validationQuery\": \"SELECT 1\"}}', 'etl.dispatch.java.st.St_Function_Statistic', 'yangluchao@shixinyun.com', -1, 'admin', '2017-07-26 15:32:53', NULL, '2017-11-29 15:23:37');
INSERT INTO `conf_info_java_script` VALUES (46, 'dw注册用户数据,日轻度汇总', 'dw.applicationUserInfo', '{\"datasource\": {\"driverClass.encrypted\": \"802623216DB1D640D1657C65EFD1DEBF6DCC751ED195C0A9\",\"filters\": \"stat\",\"initialSize\": 2,\"maxActive\": 5,\"maxPoolPreparedStatementPerConnectionSize\": 200,\"maxWait\": 60000,\"minEvictableIdleTimeMillis\": 300000,\"password.encrypted\": \"AE3357509433CC801B2A4C5D20922C66\",\"poolPreparedStatements\": false,\"testOnBorrow\": false,\"testOnReturn\": false,\"testWhileIdle\": true,\"timeBetweenEvictionRunsMillis\": 60000,\"url\": \"jdbc:mysql://125.208.1.67:33665/etl_config?useUnicode=true&characterEncoding=utf8&serverTimezone=UTC&useSSL=false&useOldAliasMetadataBehavior=true\",\"user.encrypted\": \"DA4E53DE72CFC257\",\"validationQuery\": \"SELECT 1\"},\"savedays\": 180}', 'etl.dispatch.java.dw.Dw_ApplicationUserInfo', 'yangluchao@shixinyun.com', 1, 'admin', '2017-08-01 15:44:42', NULL, '2017-11-07 10:20:08');
INSERT INTO `conf_info_java_script` VALUES (47, 'ods引擎信息数据清洗', 'ods.EngineMessage', '{\"datasource\": {\"driverClass.encrypted\": \"802623216DB1D640D1657C65EFD1DEBF6DCC751ED195C0A9\",\"filters\": \"stat\",\"initialSize\": 2,\"maxActive\": 5,\"maxPoolPreparedStatementPerConnectionSize\": 200,\"maxWait\": 60000,\"minEvictableIdleTimeMillis\": 300000,\"password.encrypted\": \"AE3357509433CC801B2A4C5D20922C66\",\"poolPreparedStatements\": false,\"testOnBorrow\": false,\"testOnReturn\": false,\"testWhileIdle\": true,\"timeBetweenEvictionRunsMillis\": 60000,\"url\": \"jdbc:mysql://125.208.1.67:33665/etl_config?useUnicode=true&characterEncoding=utf8&serverTimezone=UTC&useSSL=false&useOldAliasMetadataBehavior=true\",\"user.encrypted\": \"DA4E53DE72CFC257\",\"validationQuery\": \"SELECT 1\"},\"savedays\": 3}', 'etl.dispatch.java.ods.Ods_EngineMessageLog', 'yangluchao@shixinyun.com', 1, '管理员', '2017-11-03 17:00:57', NULL, '2017-11-03 17:00:57');
INSERT INTO `conf_info_java_script` VALUES (48, 'ods引擎单人视频语音数据清洗', 'ods.EngineSingleCallLog', '{\"datasource\": {\"driverClass.encrypted\": \"802623216DB1D640D1657C65EFD1DEBF6DCC751ED195C0A9\",\"filters\": \"stat\",\"initialSize\": 2,\"maxActive\": 5,\"maxPoolPreparedStatementPerConnectionSize\": 200,\"maxWait\": 60000,\"minEvictableIdleTimeMillis\": 300000,\"password.encrypted\": \"AE3357509433CC801B2A4C5D20922C66\",\"poolPreparedStatements\": false,\"testOnBorrow\": false,\"testOnReturn\": false,\"testWhileIdle\": true,\"timeBetweenEvictionRunsMillis\": 60000,\"url\": \"jdbc:mysql://125.208.1.67:33665/etl_config?useUnicode=true&characterEncoding=utf8&serverTimezone=UTC&useSSL=false&useOldAliasMetadataBehavior=true\",\"user.encrypted\": \"DA4E53DE72CFC257\",\"validationQuery\": \"SELECT 1\"},\"savedays\": 3}', 'etl.dispatch.java.ods.Ods_SingleCallLog', 'yangluchao@shixinyun.com', 1, '管理员', '2017-11-03 17:02:24', NULL, '2017-11-03 17:02:23');
INSERT INTO `conf_info_java_script` VALUES (49, 'ods引擎多人视频语音数据清洗', 'ods.EngineMutliCallLog', '{\"datasource\": {\"driverClass.encrypted\": \"802623216DB1D640D1657C65EFD1DEBF6DCC751ED195C0A9\",\"filters\": \"stat\",\"initialSize\": 2,\"maxActive\": 5,\"maxPoolPreparedStatementPerConnectionSize\": 200,\"maxWait\": 60000,\"minEvictableIdleTimeMillis\": 300000,\"password.encrypted\": \"AE3357509433CC801B2A4C5D20922C66\",\"poolPreparedStatements\": false,\"testOnBorrow\": false,\"testOnReturn\": false,\"testWhileIdle\": true,\"timeBetweenEvictionRunsMillis\": 60000,\"url\": \"jdbc:mysql://125.208.1.67:33665/etl_config?useUnicode=true&characterEncoding=utf8&serverTimezone=UTC&useSSL=false&useOldAliasMetadataBehavior=true\",\"user.encrypted\": \"DA4E53DE72CFC257\",\"validationQuery\": \"SELECT 1\"},\"savedays\": 3}', 'etl.dispatch.java.ods.Ods_MultiCallLog', 'yangluchao@shixinyun.com', 1, '管理员', '2017-11-03 17:03:20', NULL, '2017-11-03 17:03:19');
INSERT INTO `conf_info_java_script` VALUES (50, 'dwd引擎信息数据增强', 'dwd.EngineMessageLog', '{\"datasource\": {\"driverClass.encrypted\": \"802623216DB1D640D1657C65EFD1DEBF6DCC751ED195C0A9\",\"filters\": \"stat\",\"initialSize\": 2,\"maxActive\": 5,\"maxPoolPreparedStatementPerConnectionSize\": 200,\"maxWait\": 60000,\"minEvictableIdleTimeMillis\": 300000,\"password.encrypted\": \"AE3357509433CC801B2A4C5D20922C66\",\"poolPreparedStatements\": false,\"testOnBorrow\": false,\"testOnReturn\": false,\"testWhileIdle\": true,\"timeBetweenEvictionRunsMillis\": 60000,\"url\": \"jdbc:mysql://125.208.1.67:33665/etl_config?useUnicode=true&characterEncoding=utf8&serverTimezone=UTC&useSSL=false&useOldAliasMetadataBehavior=true\",\"user.encrypted\": \"DA4E53DE72CFC257\",\"validationQuery\": \"SELECT 1\"},\"savedays\": 10}', 'etl.dispatch.java.dwd.Dwd_EngineMessageLog', 'yangluchao@shixinyun.com', 1, '管理员', '2017-11-03 17:04:36', '管理员', '2017-11-03 17:07:01');
INSERT INTO `conf_info_java_script` VALUES (51, 'dwd引擎单人语音视屏数据增强', 'dwd.EngineSingleCallLog', '{\"datasource\": {\"driverClass.encrypted\": \"802623216DB1D640D1657C65EFD1DEBF6DCC751ED195C0A9\",\"filters\": \"stat\",\"initialSize\": 2,\"maxActive\": 5,\"maxPoolPreparedStatementPerConnectionSize\": 200,\"maxWait\": 60000,\"minEvictableIdleTimeMillis\": 300000,\"password.encrypted\": \"AE3357509433CC801B2A4C5D20922C66\",\"poolPreparedStatements\": false,\"testOnBorrow\": false,\"testOnReturn\": false,\"testWhileIdle\": true,\"timeBetweenEvictionRunsMillis\": 60000,\"url\": \"jdbc:mysql://125.208.1.67:33665/etl_config?useUnicode=true&characterEncoding=utf8&serverTimezone=UTC&useSSL=false&useOldAliasMetadataBehavior=true\",\"user.encrypted\": \"DA4E53DE72CFC257\",\"validationQuery\": \"SELECT 1\"},\"savedays\": 10}', 'etl.dispatch.java.dwd.Dwd_SingleCallLog', 'yangluchao@shixinyun.com', 1, '管理员', '2017-11-03 17:05:36', '管理员', '2017-11-03 17:06:50');
INSERT INTO `conf_info_java_script` VALUES (52, 'dwd引擎多人语音视频数据增强', 'dwd.EngineSingleCallLog', '{\"datasource\": {\"driverClass.encrypted\": \"802623216DB1D640D1657C65EFD1DEBF6DCC751ED195C0A9\",\"filters\": \"stat\",\"initialSize\": 2,\"maxActive\": 5,\"maxPoolPreparedStatementPerConnectionSize\": 200,\"maxWait\": 60000,\"minEvictableIdleTimeMillis\": 300000,\"password.encrypted\": \"AE3357509433CC801B2A4C5D20922C66\",\"poolPreparedStatements\": false,\"testOnBorrow\": false,\"testOnReturn\": false,\"testWhileIdle\": true,\"timeBetweenEvictionRunsMillis\": 60000,\"url\": \"jdbc:mysql://125.208.1.67:33665/etl_config?useUnicode=true&characterEncoding=utf8&serverTimezone=UTC&useSSL=false&useOldAliasMetadataBehavior=true\",\"user.encrypted\": \"DA4E53DE72CFC257\",\"validationQuery\": \"SELECT 1\"},\"savedays\": 10}', 'etl.dispatch.java.dwd.Dwd_SingleCallLog', 'yangluchao@shixinyun.com', 1, '管理员', '2017-11-03 17:06:38', NULL, '2017-11-03 17:06:38');
INSERT INTO `conf_info_java_script` VALUES (53, 'dw引擎信息数据轻度汇总', 'dw.EngineMessageLog', '{\"datasource\": {\"driverClass.encrypted\": \"802623216DB1D640D1657C65EFD1DEBF6DCC751ED195C0A9\",\"filters\": \"stat\",\"initialSize\": 2,\"maxActive\": 5,\"maxPoolPreparedStatementPerConnectionSize\": 200,\"maxWait\": 60000,\"minEvictableIdleTimeMillis\": 300000,\"password.encrypted\": \"AE3357509433CC801B2A4C5D20922C66\",\"poolPreparedStatements\": false,\"testOnBorrow\": false,\"testOnReturn\": false,\"testWhileIdle\": true,\"timeBetweenEvictionRunsMillis\": 60000,\"url\": \"jdbc:mysql://125.208.1.67:33665/etl_config?useUnicode=true&characterEncoding=utf8&serverTimezone=UTC&useSSL=false&useOldAliasMetadataBehavior=true\",\"user.encrypted\": \"DA4E53DE72CFC257\",\"validationQuery\": \"SELECT 1\"},\"savedays\": 180}', 'etl.dispatch.java.dw.Dw_EngineMessageLog', 'yangluchao@shixinyun.com', 1, '管理员', '2017-11-03 17:08:01', '管理员', '2017-11-03 17:18:14');
INSERT INTO `conf_info_java_script` VALUES (54, 'dw引擎单人语音视频数据轻度汇总', 'dw.EngineSingleCallLog', '{\"datasource\": {\"driverClass.encrypted\": \"802623216DB1D640D1657C65EFD1DEBF6DCC751ED195C0A9\",\"filters\": \"stat\",\"initialSize\": 2,\"maxActive\": 5,\"maxPoolPreparedStatementPerConnectionSize\": 200,\"maxWait\": 60000,\"minEvictableIdleTimeMillis\": 300000,\"password.encrypted\": \"AE3357509433CC801B2A4C5D20922C66\",\"poolPreparedStatements\": false,\"testOnBorrow\": false,\"testOnReturn\": false,\"testWhileIdle\": true,\"timeBetweenEvictionRunsMillis\": 60000,\"url\": \"jdbc:mysql://125.208.1.67:33665/etl_config?useUnicode=true&characterEncoding=utf8&serverTimezone=UTC&useSSL=false&useOldAliasMetadataBehavior=true\",\"user.encrypted\": \"DA4E53DE72CFC257\",\"validationQuery\": \"SELECT 1\"},\"savedays\": 180}', 'etl.dispatch.java.dw.Dw_SingleCallLog', 'yangluchao@shixinyun.com', 1, '管理员', '2017-11-03 17:09:09', NULL, '2017-11-03 17:09:09');
INSERT INTO `conf_info_java_script` VALUES (55, 'dw引擎多人语音视屏数据轻度汇总', 'dw.EngineMutliCallLog', '{\"datasource\": {\"driverClass.encrypted\": \"802623216DB1D640D1657C65EFD1DEBF6DCC751ED195C0A9\",\"filters\": \"stat\",\"initialSize\": 2,\"maxActive\": 5,\"maxPoolPreparedStatementPerConnectionSize\": 200,\"maxWait\": 60000,\"minEvictableIdleTimeMillis\": 300000,\"password.encrypted\": \"AE3357509433CC801B2A4C5D20922C66\",\"poolPreparedStatements\": false,\"testOnBorrow\": false,\"testOnReturn\": false,\"testWhileIdle\": true,\"timeBetweenEvictionRunsMillis\": 60000,\"url\": \"jdbc:mysql://125.208.1.67:33665/etl_config?useUnicode=true&characterEncoding=utf8&serverTimezone=UTC&useSSL=false&useOldAliasMetadataBehavior=true\",\"user.encrypted\": \"DA4E53DE72CFC257\",\"validationQuery\": \"SELECT 1\"},\"savedays\": 180}', 'etl.dispatch.java.dw.Dw_MutliCallLog', 'yangluchao@shixinyun.com', 1, '管理员', '2017-11-03 17:10:00', NULL, '2017-11-03 17:10:00');
INSERT INTO `conf_info_java_script` VALUES (56, 'st引擎功能统计', 'st.FunctionStatistic', '{\"datasource\": {\"driverClass.encrypted\": \"802623216DB1D640D1657C65EFD1DEBF6DCC751ED195C0A9\",\"filters\": \"stat\",\"initialSize\": 2,\"maxActive\": 5,\"maxPoolPreparedStatementPerConnectionSize\": 200,\"maxWait\": 60000,\"minEvictableIdleTimeMillis\": 300000,\"password.encrypted\": \"AE3357509433CC801B2A4C5D20922C66\",\"poolPreparedStatements\": false,\"testOnBorrow\": false,\"testOnReturn\": false,\"testWhileIdle\": true,\"timeBetweenEvictionRunsMillis\": 60000,\"url\": \"jdbc:mysql://125.208.1.67:33665/etl_config?useUnicode=true&characterEncoding=utf8&serverTimezone=UTC&useSSL=false&useOldAliasMetadataBehavior=true\",\"user.encrypted\": \"DA4E53DE72CFC257\",\"validationQuery\": \"SELECT 1\"}}\n', 'etl.dispatch.java.st.St_Engine_Function_Statistic', 'yangluchao@shixinyun.com', 1, '管理员', '2017-11-03 17:11:23', NULL, '2017-11-03 17:11:23');
INSERT INTO `conf_info_java_script` VALUES (57, 'dw引擎信息数据轻度汇总', 'dw.EngineMessageLog', '{\"datasource\": {\"driverClass.encrypted\": \"802623216DB1D640D1657C65EFD1DEBF6DCC751ED195C0A9\",\"filters\": \"stat\",\"initialSize\": 2,\"maxActive\": 5,\"maxPoolPreparedStatementPerConnectionSize\": 200,\"maxWait\": 60000,\"minEvictableIdleTimeMillis\": 300000,\"password.encrypted\": \"AE3357509433CC801B2A4C5D20922C66\",\"poolPreparedStatements\": false,\"testOnBorrow\": false,\"testOnReturn\": false,\"testWhileIdle\": true,\"timeBetweenEvictionRunsMillis\": 60000,\"url\": \"jdbc:mysql://125.208.1.67:33665/etl_config?useUnicode=true&characterEncoding=utf8&serverTimezone=UTC&useSSL=false&useOldAliasMetadataBehavior=true\",\"user.encrypted\": \"DA4E53DE72CFC257\",\"validationQuery\": \"SELECT 1\"},\"savedays\": 10}', 'etl.dispatch.java.dw.Dw_EngineMessageLog', 'yangluchao@shixinyun.com', -1, '管理员', '2017-11-03 17:16:34', NULL, '2017-11-03 17:18:03');
INSERT INTO `conf_info_java_script` VALUES (58, 'st访问用户终端操作系统分析', 'st.terminal_os_analysis', '{\"datasource\": {\"driverClass.encrypted\": \"802623216DB1D640D1657C65EFD1DEBF6DCC751ED195C0A9\",\"filters\": \"stat\",\"initialSize\": 2,\"maxActive\": 5,\"maxPoolPreparedStatementPerConnectionSize\": 200,\"maxWait\": 60000,\"minEvictableIdleTimeMillis\": 300000,\"password.encrypted\": \"AE3357509433CC801B2A4C5D20922C66\",\"poolPreparedStatements\": false,\"testOnBorrow\": false,\"testOnReturn\": false,\"testWhileIdle\": true,\"timeBetweenEvictionRunsMillis\": 60000,\"url\": \"jdbc:mysql://125.208.1.67:33665/etl_config?useUnicode=true&characterEncoding=utf8&serverTimezone=UTC&useSSL=false&useOldAliasMetadataBehavior=true\",\"user.encrypted\": \"DA4E53DE72CFC257\",\"validationQuery\": \"SELECT 1\"}}', 'etl.dispatch.java.st.St_Terminal_Os_Analysis', 'yangluchao@shixinyun.com', 1, '管理员', '2017-11-22 17:23:07', '管理员', '2017-11-22 17:28:09');
INSERT INTO `conf_info_java_script` VALUES (59, 'st访问用户终端运营商分析', 'st.terminal_isp_analysis', '{\"datasource\": {\"driverClass.encrypted\": \"802623216DB1D640D1657C65EFD1DEBF6DCC751ED195C0A9\",\"filters\": \"stat\",\"initialSize\": 2,\"maxActive\": 5,\"maxPoolPreparedStatementPerConnectionSize\": 200,\"maxWait\": 60000,\"minEvictableIdleTimeMillis\": 300000,\"password.encrypted\": \"AE3357509433CC801B2A4C5D20922C66\",\"poolPreparedStatements\": false,\"testOnBorrow\": false,\"testOnReturn\": false,\"testWhileIdle\": true,\"timeBetweenEvictionRunsMillis\": 60000,\"url\": \"jdbc:mysql://125.208.1.67:33665/etl_config?useUnicode=true&characterEncoding=utf8&serverTimezone=UTC&useSSL=false&useOldAliasMetadataBehavior=true\",\"user.encrypted\": \"DA4E53DE72CFC257\",\"validationQuery\": \"SELECT 1\"}}', 'etl.dispatch.java.st.St_Terminal_Isp_Analysis', 'yangluchao@shixinyun.com', 1, '管理员', '2017-11-22 17:23:45', '管理员', '2017-11-22 17:28:03');
INSERT INTO `conf_info_java_script` VALUES (60, 'st访问用户终端联网方式分析', 'st.terminal_network_analysis', '{\"datasource\": {\"driverClass.encrypted\": \"802623216DB1D640D1657C65EFD1DEBF6DCC751ED195C0A9\",\"filters\": \"stat\",\"initialSize\": 2,\"maxActive\": 5,\"maxPoolPreparedStatementPerConnectionSize\": 200,\"maxWait\": 60000,\"minEvictableIdleTimeMillis\": 300000,\"password.encrypted\": \"AE3357509433CC801B2A4C5D20922C66\",\"poolPreparedStatements\": false,\"testOnBorrow\": false,\"testOnReturn\": false,\"testWhileIdle\": true,\"timeBetweenEvictionRunsMillis\": 60000,\"url\": \"jdbc:mysql://125.208.1.67:33665/etl_config?useUnicode=true&characterEncoding=utf8&serverTimezone=UTC&useSSL=false&useOldAliasMetadataBehavior=true\",\"user.encrypted\": \"DA4E53DE72CFC257\",\"validationQuery\": \"SELECT 1\"}}', 'etl.dispatch.java.st.St_Terminal_Network_Analysis', 'yangluchao@shixinyun.com', 1, '管理员', '2017-11-22 17:24:13', '管理员', '2017-11-22 17:27:56');
INSERT INTO `conf_info_java_script` VALUES (61, 'st访问用户终端设备分析', 'st.terminal_manufacturer_analysis', '{\"datasource\": {\"driverClass.encrypted\": \"802623216DB1D640D1657C65EFD1DEBF6DCC751ED195C0A9\",\"filters\": \"stat\",\"initialSize\": 2,\"maxActive\": 5,\"maxPoolPreparedStatementPerConnectionSize\": 200,\"maxWait\": 60000,\"minEvictableIdleTimeMillis\": 300000,\"password.encrypted\": \"AE3357509433CC801B2A4C5D20922C66\",\"poolPreparedStatements\": false,\"testOnBorrow\": false,\"testOnReturn\": false,\"testWhileIdle\": true,\"timeBetweenEvictionRunsMillis\": 60000,\"url\": \"jdbc:mysql://125.208.1.67:33665/etl_config?useUnicode=true&characterEncoding=utf8&serverTimezone=UTC&useSSL=false&useOldAliasMetadataBehavior=true\",\"user.encrypted\": \"DA4E53DE72CFC257\",\"validationQuery\": \"SELECT 1\"},\"savedays\": 180}', 'etl.dispatch.java.st.St_Terminal_Manufacturer_Analysis', 'yangluchao@shixinyun.com', -1, '管理员', '2017-11-22 17:25:01', NULL, '2017-12-12 09:41:41');
INSERT INTO `conf_info_java_script` VALUES (62, 'st友盟埋点数据拉取', 'st.umeng_events_api', '{\"datasource\": {\"driverClass.encrypted\": \"802623216DB1D640D1657C65EFD1DEBF6DCC751ED195C0A9\",\"filters\": \"stat\",\"initialSize\": 2,\"maxActive\": 5,\"maxPoolPreparedStatementPerConnectionSize\": 200,\"maxWait\": 60000,\"minEvictableIdleTimeMillis\": 300000,\"password.encrypted\": \"AE3357509433CC801B2A4C5D20922C66\",\"poolPreparedStatements\": false,\"testOnBorrow\": false,\"testOnReturn\": false,\"testWhileIdle\": true,\"timeBetweenEvictionRunsMillis\": 60000,\"url\": \"jdbc:mysql://125.208.1.67:33665/etl_config?useUnicode=true&characterEncoding=utf8&serverTimezone=UTC&useSSL=false&useOldAliasMetadataBehavior=true\",\"user.encrypted\": \"DA4E53DE72CFC257\",\"validationQuery\": \"SELECT 1\"},\"savedays\": 180}', 'etl.dispatch.gather.api.umeng.events.Events_ApiEventsValServiceImpl', 'yangluchao@shixinyun.com', 1, '管理员', '2017-12-11 17:31:25', NULL, '2017-12-26 12:50:41');
INSERT INTO `conf_info_java_script` VALUES (63, '在线时长即时采集', 'bi_onlin.online_time_gather', '{\n	\"sourcedata\": {\n        \"driverClass.encrypted\": \"802623216DB1D640D1657C65EFD1DEBF6DCC751ED195C0A9\",\n        \"filters\": \"stat\",\n        \"initialSize\": 2,\n        \"maxActive\": 5,\n        \"maxPoolPreparedStatementPerConnectionSize\": 200,\n        \"maxWait\": 60000,\n        \"minEvictableIdleTimeMillis\": 300000,\n        \"password.encrypted\": \"AE3357509433CC801B2A4C5D20922C66\",\n        \"poolPreparedStatements\": false,\n        \"testOnBorrow\": false,\n        \"testOnReturn\": false,\n        \"testWhileIdle\": true,\n        \"timeBetweenEvictionRunsMillis\": 60000,\n        \"url\": \"jdbc:mysql://125.208.1.67:33665/engine_log?useUnicode=true&characterEncoding=utf8&serverTimezone=UTC&useSSL=false&useOldAliasMetadataBehavior=true\",\n        \"user.encrypted\": \"DA4E53DE72CFC257\",\n        \"validationQuery\": \"SELECT 1\"\n    },\n    \"targetdata\": {\n        \"driverClass.encrypted\": \"802623216DB1D640D1657C65EFD1DEBF6DCC751ED195C0A9\",\n        \"filters\": \"stat\",\n        \"initialSize\": 2,\n        \"maxActive\": 5,\n        \"maxPoolPreparedStatementPerConnectionSize\": 200,\n        \"maxWait\": 60000,\n        \"minEvictableIdleTimeMillis\": 300000,\n        \"password.encrypted\": \"AE3357509433CC801B2A4C5D20922C66\",\n        \"poolPreparedStatements\": false,\n        \"testOnBorrow\": false,\n        \"testOnReturn\": false,\n        \"testWhileIdle\": true,\n        \"timeBetweenEvictionRunsMillis\": 60000,\n        \"url\": \"jdbc:mysql://125.208.1.67:33665/etl_config?useUnicode=true&characterEncoding=utf8&serverTimezone=UTC&useSSL=false&useOldAliasMetadataBehavior=true\",\n        \"user.encrypted\": \"DA4E53DE72CFC257\",\n        \"validationQuery\": \"SELECT 1\"\n    },\n    \"savedays\": 180\n}', 'etl.dispatch.gather.bgmgr.onlinetime.Online_Time_Gather', 'yangluchao@shixinyun.com', 1, '管理员', '2018-01-05 18:45:45', '管理员', '2018-01-09 17:56:20');
INSERT INTO `conf_info_java_script` VALUES (64, '在线时长即时统计', 'bi_online.online_time_statis', '{\"datasource\": {\"driverClass.encrypted\": \"802623216DB1D640D1657C65EFD1DEBF6DCC751ED195C0A9\",\"filters\": \"stat\",\"initialSize\": 2,\"maxActive\": 5,\"maxPoolPreparedStatementPerConnectionSize\": 200,\"maxWait\": 60000,\"minEvictableIdleTimeMillis\": 300000,\"password.encrypted\": \"AE3357509433CC801B2A4C5D20922C66\",\"poolPreparedStatements\": false,\"testOnBorrow\": false,\"testOnReturn\": false,\"testWhileIdle\": true,\"timeBetweenEvictionRunsMillis\": 60000,\"url\": \"jdbc:mysql://125.208.1.67:33665/etl_config?useUnicode=true&characterEncoding=utf8&serverTimezone=UTC&useSSL=false&useOldAliasMetadataBehavior=true\",\"user.encrypted\": \"DA4E53DE72CFC257\",\"validationQuery\": \"SELECT 1\"},\"savedays\": 180}', 'etl.dispatch.gather.bgmgr.onlinetime.Online_Time_Statis', 'yangluchao@shixinyun.com', 1, '管理员', '2018-01-05 18:46:54', '管理员', '2018-01-05 18:51:45');
INSERT INTO `conf_info_java_script` VALUES (65, '日程即时采集统计', 'bi_online.schedule_info_online_service', '{\n	\"sourcedata\": {\n        \"driverClass.encrypted\": \"802623216DB1D640D1657C65EFD1DEBF6DCC751ED195C0A9\",\n        \"filters\": \"stat\",\n        \"initialSize\": 2,\n        \"maxActive\": 5,\n        \"maxPoolPreparedStatementPerConnectionSize\": 200,\n        \"maxWait\": 60000,\n        \"minEvictableIdleTimeMillis\": 300000,\n        \"password.encrypted\": \"AE3357509433CC801B2A4C5D20922C66\",\n        \"poolPreparedStatements\": false,\n        \"testOnBorrow\": false,\n        \"testOnReturn\": false,\n        \"testWhileIdle\": true,\n        \"timeBetweenEvictionRunsMillis\": 60000,\n        \"url\": \"jdbc:mysql://125.208.1.67:33665/engine_log?useUnicode=true&characterEncoding=utf8&serverTimezone=UTC&useSSL=false&useOldAliasMetadataBehavior=true\",\n        \"user.encrypted\": \"DA4E53DE72CFC257\",\n        \"validationQuery\": \"SELECT 1\"\n    },\n    \"targetdata\": {\n        \"driverClass.encrypted\": \"802623216DB1D640D1657C65EFD1DEBF6DCC751ED195C0A9\",\n        \"filters\": \"stat\",\n        \"initialSize\": 2,\n        \"maxActive\": 5,\n        \"maxPoolPreparedStatementPerConnectionSize\": 200,\n        \"maxWait\": 60000,\n        \"minEvictableIdleTimeMillis\": 300000,\n        \"password.encrypted\": \"AE3357509433CC801B2A4C5D20922C66\",\n        \"poolPreparedStatements\": false,\n        \"testOnBorrow\": false,\n        \"testOnReturn\": false,\n        \"testWhileIdle\": true,\n        \"timeBetweenEvictionRunsMillis\": 60000,\n        \"url\": \"jdbc:mysql://125.208.1.67:33665/etl_config?useUnicode=true&characterEncoding=utf8&serverTimezone=UTC&useSSL=false&useOldAliasMetadataBehavior=true\",\n        \"user.encrypted\": \"DA4E53DE72CFC257\",\n        \"validationQuery\": \"SELECT 1\"\n    },\n    \"savedays\": 180\n}', 'etl.dispatch.gather.bgmgr.schedule.online.ScheduleInfoOnLineService', 'yangluchao@shixinyun.com', 1, '管理员', '2018-01-05 18:48:10', '管理员', '2018-01-09 17:56:39');
INSERT INTO `conf_info_java_script` VALUES (66, 'dwd自定义事件分析', 'dwd.applicationEventReport', '{\"datasource\": {\"driverClass.encrypted\": \"802623216DB1D640D1657C65EFD1DEBF6DCC751ED195C0A9\",\"filters\": \"stat\",\"initialSize\": 2,\"maxActive\": 5,\"maxPoolPreparedStatementPerConnectionSize\": 200,\"maxWait\": 60000,\"minEvictableIdleTimeMillis\": 300000,\"password.encrypted\": \"AE3357509433CC801B2A4C5D20922C66\",\"poolPreparedStatements\": false,\"testOnBorrow\": false,\"testOnReturn\": false,\"testWhileIdle\": true,\"timeBetweenEvictionRunsMillis\": 60000,\"url\": \"jdbc:mysql://125.208.1.67:33665/etl_config?useUnicode=true&characterEncoding=utf8&serverTimezone=UTC&useSSL=false&useOldAliasMetadataBehavior=true\",\"user.encrypted\": \"DA4E53DE72CFC257\",\"validationQuery\": \"SELECT 1\"},\"savedays\": 180}', 'etl.dispatch.java.dwd.Dwd_ApplicationEventReport', 'xucong@shixinyun.com', 1, '管理员', '2018-01-09 15:18:57', NULL, '2018-01-09 15:18:56');
INSERT INTO `conf_info_java_script` VALUES (67, 'dw自定义事件分析', 'dw.applicationEventReport', '{\"datasource\": {\"driverClass.encrypted\": \"802623216DB1D640D1657C65EFD1DEBF6DCC751ED195C0A9\",\"filters\": \"stat\",\"initialSize\": 2,\"maxActive\": 5,\"maxPoolPreparedStatementPerConnectionSize\": 200,\"maxWait\": 60000,\"minEvictableIdleTimeMillis\": 300000,\"password.encrypted\": \"AE3357509433CC801B2A4C5D20922C66\",\"poolPreparedStatements\": false,\"testOnBorrow\": false,\"testOnReturn\": false,\"testWhileIdle\": true,\"timeBetweenEvictionRunsMillis\": 60000,\"url\": \"jdbc:mysql://125.208.1.67:33665/etl_config?useUnicode=true&characterEncoding=utf8&serverTimezone=UTC&useSSL=false&useOldAliasMetadataBehavior=true\",\"user.encrypted\": \"DA4E53DE72CFC257\",\"validationQuery\": \"SELECT 1\"},\"savedays\": 180}', 'etl.dispatch.java.dw.Dw_ApplicationEventReport', 'xucong@shixinyun.com', 1, '管理员', '2018-01-09 15:19:37', NULL, '2018-01-09 15:19:37');
INSERT INTO `conf_info_java_script` VALUES (68, 'st自定义事件分析', 'st.applicationEventReport', '{\"datasource\": {\"driverClass.encrypted\": \"802623216DB1D640D1657C65EFD1DEBF6DCC751ED195C0A9\",\"filters\": \"stat\",\"initialSize\": 2,\"maxActive\": 5,\"maxPoolPreparedStatementPerConnectionSize\": 200,\"maxWait\": 60000,\"minEvictableIdleTimeMillis\": 300000,\"password.encrypted\": \"AE3357509433CC801B2A4C5D20922C66\",\"poolPreparedStatements\": false,\"testOnBorrow\": false,\"testOnReturn\": false,\"testWhileIdle\": true,\"timeBetweenEvictionRunsMillis\": 60000,\"url\": \"jdbc:mysql://125.208.1.67:33665/etl_config?useUnicode=true&characterEncoding=utf8&serverTimezone=UTC&useSSL=false&useOldAliasMetadataBehavior=true\",\"user.encrypted\": \"DA4E53DE72CFC257\",\"validationQuery\": \"SELECT 1\"},\"savedays\": 180}', 'etl.dispatch.java.st.St_ApplicationEventReport', 'xucong@shixinyun.com', 1, '管理员', '2018-01-09 15:20:19', NULL, '2018-01-09 15:20:18');
INSERT INTO `conf_info_java_script` VALUES (69, '日程统计分析采集', 'bi_gather.ScheduleInfoGatherService', '{\n	\"sourcedata\": {\n        \"driverClass.encrypted\": \"802623216DB1D640D1657C65EFD1DEBF6DCC751ED195C0A9\",\n        \"filters\": \"stat\",\n        \"initialSize\": 2,\n        \"maxActive\": 5,\n        \"maxPoolPreparedStatementPerConnectionSize\": 200,\n        \"maxWait\": 60000,\n        \"minEvictableIdleTimeMillis\": 300000,\n        \"password.encrypted\": \"AE3357509433CC801B2A4C5D20922C66\",\n        \"poolPreparedStatements\": false,\n        \"testOnBorrow\": false,\n        \"testOnReturn\": false,\n        \"testWhileIdle\": true,\n        \"timeBetweenEvictionRunsMillis\": 60000,\n        \"url\": \"jdbc:mysql://125.208.1.67:33665/engine_log?useUnicode=true&characterEncoding=utf8&serverTimezone=UTC&useSSL=false&useOldAliasMetadataBehavior=true\",\n        \"user.encrypted\": \"DA4E53DE72CFC257\",\n        \"validationQuery\": \"SELECT 1\"\n    },\n    \"targetdata\": {\n        \"driverClass.encrypted\": \"802623216DB1D640D1657C65EFD1DEBF6DCC751ED195C0A9\",\n        \"filters\": \"stat\",\n        \"initialSize\": 2,\n        \"maxActive\": 5,\n        \"maxPoolPreparedStatementPerConnectionSize\": 200,\n        \"maxWait\": 60000,\n        \"minEvictableIdleTimeMillis\": 300000,\n        \"password.encrypted\": \"AE3357509433CC801B2A4C5D20922C66\",\n        \"poolPreparedStatements\": false,\n        \"testOnBorrow\": false,\n        \"testOnReturn\": false,\n        \"testWhileIdle\": true,\n        \"timeBetweenEvictionRunsMillis\": 60000,\n        \"url\": \"jdbc:mysql://125.208.1.67:33665/etl_config?useUnicode=true&characterEncoding=utf8&serverTimezone=UTC&useSSL=false&useOldAliasMetadataBehavior=true\",\n        \"user.encrypted\": \"DA4E53DE72CFC257\",\n        \"validationQuery\": \"SELECT 1\"\n    },\n    \"savedays\": 180\n}', 'etl.dispatch.gather.bgmgr.schedule.offline.ScheduleInfoGatherService', 'xucong@shixinyun.com', 1, '管理员', '2018-01-09 16:53:28', '管理员', '2018-01-09 18:14:05');
INSERT INTO `conf_info_java_script` VALUES (70, 'Dwd日程统计分析', 'dwd.schedule_info_service', '{\"datasource\": {\"driverClass.encrypted\": \"802623216DB1D640D1657C65EFD1DEBF6DCC751ED195C0A9\",\"filters\": \"stat\",\"initialSize\": 2,\"maxActive\": 5,\"maxPoolPreparedStatementPerConnectionSize\": 200,\"maxWait\": 60000,\"minEvictableIdleTimeMillis\": 300000,\"password.encrypted\": \"AE3357509433CC801B2A4C5D20922C66\",\"poolPreparedStatements\": false,\"testOnBorrow\": false,\"testOnReturn\": false,\"testWhileIdle\": true,\"timeBetweenEvictionRunsMillis\": 60000,\"url\": \"jdbc:mysql://125.208.1.67:33665/etl_config?useUnicode=true&characterEncoding=utf8&serverTimezone=UTC&useSSL=false&useOldAliasMetadataBehavior=true\",\"user.encrypted\": \"DA4E53DE72CFC257\",\"validationQuery\": \"SELECT 1\"},\"savedays\": 180}', 'etl.dispatch.java.dwd.Dwd_ScheduleInfoService', 'xucong@shixinyun.com', 1, '管理员', '2018-01-09 18:22:17', NULL, '2018-01-09 18:22:17');
INSERT INTO `conf_info_java_script` VALUES (71, 'Dw日程统计分析', 'dw.Dw_ScheduleInfoService', '{\"datasource\": {\"driverClass.encrypted\": \"802623216DB1D640D1657C65EFD1DEBF6DCC751ED195C0A9\",\"filters\": \"stat\",\"initialSize\": 2,\"maxActive\": 5,\"maxPoolPreparedStatementPerConnectionSize\": 200,\"maxWait\": 60000,\"minEvictableIdleTimeMillis\": 300000,\"password.encrypted\": \"AE3357509433CC801B2A4C5D20922C66\",\"poolPreparedStatements\": false,\"testOnBorrow\": false,\"testOnReturn\": false,\"testWhileIdle\": true,\"timeBetweenEvictionRunsMillis\": 60000,\"url\": \"jdbc:mysql://125.208.1.67:33665/etl_config?useUnicode=true&characterEncoding=utf8&serverTimezone=UTC&useSSL=false&useOldAliasMetadataBehavior=true\",\"user.encrypted\": \"DA4E53DE72CFC257\",\"validationQuery\": \"SELECT 1\"},\"savedays\": 180}', 'etl.dispatch.java.dw.Dw_ScheduleInfoService', 'xucong@shixinyun.com', 1, '管理员', '2018-01-09 18:23:09', NULL, '2018-01-09 18:23:08');
INSERT INTO `conf_info_java_script` VALUES (72, 'St日程统计分析', 'st.St_ScheduleInfoService', '{\"datasource\": {\"driverClass.encrypted\": \"802623216DB1D640D1657C65EFD1DEBF6DCC751ED195C0A9\",\"filters\": \"stat\",\"initialSize\": 2,\"maxActive\": 5,\"maxPoolPreparedStatementPerConnectionSize\": 200,\"maxWait\": 60000,\"minEvictableIdleTimeMillis\": 300000,\"password.encrypted\": \"AE3357509433CC801B2A4C5D20922C66\",\"poolPreparedStatements\": false,\"testOnBorrow\": false,\"testOnReturn\": false,\"testWhileIdle\": true,\"timeBetweenEvictionRunsMillis\": 60000,\"url\": \"jdbc:mysql://125.208.1.67:33665/etl_config?useUnicode=true&characterEncoding=utf8&serverTimezone=UTC&useSSL=false&useOldAliasMetadataBehavior=true\",\"user.encrypted\": \"DA4E53DE72CFC257\",\"validationQuery\": \"SELECT 1\"},\"savedays\": 180}', 'etl.dispatch.java.st.St_ScheduleInfoService', 'xucong@shixinyun.com', 1, '管理员', '2018-01-09 18:23:51', NULL, '2018-01-09 18:23:51');

-- ----------------------------
-- Table structure for conf_info_python_script
-- ----------------------------
DROP TABLE IF EXISTS `conf_info_python_script`;
CREATE TABLE `conf_info_python_script`  (
  `pk_id` int(11) NOT NULL AUTO_INCREMENT COMMENT '自增主键 (script_id),任务脚本id',
  `script_name` varchar(100) CHARACTER SET utf8 COLLATE utf8_general_ci DEFAULT NULL COMMENT '执行脚本名称',
  `preset_param` text CHARACTER SET utf8 COLLATE utf8_general_ci COMMENT 'json串，初始化参数数据，如数据库连接等',
  `script_path` varchar(1024) CHARACTER SET utf8 COLLATE utf8_general_ci DEFAULT NULL COMMENT 'python 脚本路径 PythonInterpreter.execfile 执行python脚本',
  `personal` varchar(100) CHARACTER SET utf8 COLLATE utf8_general_ci DEFAULT NULL COMMENT '脚本开发者，若出现执行脚本异常，会告警抄送开发者',
  `status` smallint(6) DEFAULT 1 COMMENT '1 : 正常 -1：删除 0: 暂停',
  `create_user` varchar(30) CHARACTER SET utf8 COLLATE utf8_general_ci DEFAULT NULL,
  `create_time` datetime(0) DEFAULT NULL,
  `update_user` varchar(30) CHARACTER SET utf8 COLLATE utf8_general_ci DEFAULT NULL,
  `update_time` timestamp(0) NOT NULL DEFAULT CURRENT_TIMESTAMP ON UPDATE CURRENT_TIMESTAMP(0),
  PRIMARY KEY (`pk_id`) USING BTREE,
  INDEX `idx_conf_info_python_script`(`pk_id`) USING BTREE
) ENGINE = InnoDB AUTO_INCREMENT = 1 CHARACTER SET = utf8 COLLATE = utf8_general_ci COMMENT = '存储 python汇总实现脚本' ROW_FORMAT = Dynamic;

-- ----------------------------
-- Table structure for conf_info_shell_script
-- ----------------------------
DROP TABLE IF EXISTS `conf_info_shell_script`;
CREATE TABLE `conf_info_shell_script`  (
  `pk_id` int(11) NOT NULL AUTO_INCREMENT COMMENT '自增主键 (script_id),任务脚本id',
  `script_name` varchar(100) CHARACTER SET utf8 COLLATE utf8_general_ci DEFAULT NULL COMMENT '执行脚本名称',
  `preset_param` text CHARACTER SET utf8 COLLATE utf8_general_ci COMMENT 'json串，初始化参数数据，如数据库连接等',
  `script_path` varchar(1024) CHARACTER SET utf8 COLLATE utf8_general_ci DEFAULT NULL COMMENT 'shell 脚本路径 执行shell脚本',
  `personal` varchar(100) CHARACTER SET utf8 COLLATE utf8_general_ci DEFAULT NULL COMMENT '脚本开发者，若出现执行脚本异常，会告警抄送开发者',
  `status` smallint(6) DEFAULT 1 COMMENT '1 : 正常 -1：删除 0: 暂停',
  `create_user` varchar(30) CHARACTER SET utf8 COLLATE utf8_general_ci DEFAULT NULL,
  `create_time` datetime(0) DEFAULT NULL,
  `update_user` varchar(30) CHARACTER SET utf8 COLLATE utf8_general_ci DEFAULT NULL,
  `update_time` timestamp(0) NOT NULL DEFAULT CURRENT_TIMESTAMP ON UPDATE CURRENT_TIMESTAMP(0),
  PRIMARY KEY (`pk_id`) USING BTREE,
  INDEX `idx_conf_info_shell_script`(`pk_id`) USING BTREE
) ENGINE = InnoDB AUTO_INCREMENT = 1 CHARACTER SET = utf8 COLLATE = utf8_general_ci COMMENT = '存储 shell 汇总实现脚本' ROW_FORMAT = Dynamic;

-- ----------------------------
-- Table structure for conf_info_tasks
-- ----------------------------
DROP TABLE IF EXISTS `conf_info_tasks`;
CREATE TABLE `conf_info_tasks`  (
  `pk_id` int(11) NOT NULL AUTO_INCREMENT COMMENT '自增主键 (tasks_id),调度任务id',
  `tasks_name` varchar(100) CHARACTER SET utf8 COLLATE utf8_general_ci DEFAULT NULL COMMENT '调度任务命名，调度任务名称',
  `remark` varchar(2048) CHARACTER SET utf8 COLLATE utf8_general_ci DEFAULT NULL COMMENT '调度任务描述',
  `script_type` smallint(6) DEFAULT NULL COMMENT 'shell、python、java等',
  `script_id` int(11) DEFAULT NULL COMMENT '执行脚本id',
  `take_eval` int(20) DEFAULT NULL COMMENT '任务耗时',
  `alarm_notice` varchar(1024) CHARACTER SET utf8 COLLATE utf8_general_ci DEFAULT NULL COMMENT '延迟告警，若任务脚本执行延迟，则告警',
  `status` smallint(6) DEFAULT 1 COMMENT '1 : 正常 -1：删除',
  `create_user` varchar(30) CHARACTER SET utf8 COLLATE utf8_general_ci DEFAULT NULL,
  `create_time` datetime(0) DEFAULT NULL,
  `update_user` varchar(30) CHARACTER SET utf8 COLLATE utf8_general_ci DEFAULT NULL,
  `update_time` timestamp(0) NOT NULL DEFAULT CURRENT_TIMESTAMP ON UPDATE CURRENT_TIMESTAMP(0),
  PRIMARY KEY (`pk_id`) USING BTREE,
  INDEX `idx_conf_info_tasks`(`pk_id`, `script_type`) USING BTREE
) ENGINE = InnoDB AUTO_INCREMENT = 72 CHARACTER SET = utf8 COLLATE = utf8_general_ci COMMENT = '存储各个任务配置' ROW_FORMAT = Dynamic;

-- ----------------------------
-- Records of conf_info_tasks
-- ----------------------------
INSERT INTO `conf_info_tasks` VALUES (17, 'dwd交互追踪数据增强', '', 1, 17, 1000, '{\"sms\":\"18281012309\",\"email\":\"yangluchao@shixinyun.com\"}', 1, 'admin', '2017-06-28 14:14:43', NULL, '2017-11-13 11:17:20');
INSERT INTO `conf_info_tasks` VALUES (18, 'dwd错误崩溃数据增强', '', 1, 18, 1000, '{\"sms\":\"18281012309\",\"email\":\"yangluchao@shixinyun.com\"}', 1, 'admin', '2017-06-28 14:15:42', NULL, '2017-11-13 11:17:20');
INSERT INTO `conf_info_tasks` VALUES (19, 'dw交互追踪,日轻度汇总', '', 1, 16, 1000, '{\"sms\":\"18281012309\",\"email\":\"yangluchao@shixinyun.com\"}', 1, 'admin', '2017-06-30 14:28:04', NULL, '2017-11-13 11:17:20');
INSERT INTO `conf_info_tasks` VALUES (20, 'dw错误崩溃,日轻度汇总', '', 1, 19, 1000, '{\"sms\":\"18281012309\",\"email\":\"yangluchao@shixinyun.com\"}', 1, 'admin', '2017-06-30 16:15:48', NULL, '2017-11-13 11:17:21');
INSERT INTO `conf_info_tasks` VALUES (21, 'st交互追踪,日累计脚本', '', 1, 20, 1000, '{\"sms\":\"18281012309\",\"email\":\"yangluchao@shixinyun.com\"}', 1, 'admin', '2017-06-30 20:37:50', NULL, '2017-11-13 11:17:21');
INSERT INTO `conf_info_tasks` VALUES (22, 'st错误崩溃,日汇总脚本', '', 1, 21, 1000, '{\"sms\":\"18281012309\",\"email\":\"yangluchao@shixinyun.com\"}', 1, 'admin', '2017-07-04 16:35:55', NULL, '2017-11-13 11:17:21');
INSERT INTO `conf_info_tasks` VALUES (23, 'ods用户访问数据清洗转换', '', 1, 23, 1000, '{\"sms\":\"18281012309\",\"email\":\"yangluchao@shixinyun.com\"}', 1, 'admin', '2017-07-13 11:00:38', NULL, '2017-11-13 11:17:21');
INSERT INTO `conf_info_tasks` VALUES (24, 'ods注册用户数据清洗转换', '', 1, 22, 1000, '{\"sms\":\"18281012309\",\"email\":\"yangluchao@shixinyun.com\"}', 1, 'admin', '2017-07-13 11:00:40', NULL, '2017-11-13 11:17:21');
INSERT INTO `conf_info_tasks` VALUES (25, 'dwd注册用户数据增强', '', 1, 24, 1000, '{\"sms\":\"18281012309\",\"email\":\"yangluchao@shixinyun.com\"}', 1, 'admin', '2017-07-13 11:00:42', NULL, '2017-11-13 11:17:21');
INSERT INTO `conf_info_tasks` VALUES (26, 'dwd用户访问数据增强', '', 1, 25, 1000, '{\"sms\":\"18281012309\",\"email\":\"yangluchao@shixinyun.com\"}', 1, 'admin', '2017-07-13 11:00:44', NULL, '2017-11-13 11:17:21');
INSERT INTO `conf_info_tasks` VALUES (27, 'dw用户访问日志,日轻度汇总', '', 1, 26, 1000, '{\"sms\":\"18281012309\",\"email\":\"yangluchao@shixinyun.com\"}', 1, 'admin', '2017-07-17 16:44:44', NULL, '2017-11-13 11:17:21');
INSERT INTO `conf_info_tasks` VALUES (28, 'st概览统计脚本', '', 1, 27, 1000, '{\"sms\":\"18281012309\",\"email\":\"yangluchao@shixinyun.com\"}', 1, 'admin', '2017-07-18 15:43:06', NULL, '2017-11-13 11:17:21');
INSERT INTO `conf_info_tasks` VALUES (29, 'st趋势分析脚本', '', 1, 28, 1000, '{\"sms\":\"18281012309\",\"email\":\"yangluchao@shixinyun.com\"}', 1, 'admin', '2017-07-18 17:27:34', NULL, '2017-11-13 11:17:21');
INSERT INTO `conf_info_tasks` VALUES (30, 'st活跃用户脚本', '', 1, 29, 1000, '{\"sms\":\"18281012309\",\"email\":\"yangluchao@shixinyun.com\"}', 1, 'admin', '2017-07-19 15:50:42', NULL, '2017-11-13 11:17:22');
INSERT INTO `conf_info_tasks` VALUES (31, 'st新增用户首次使用日留存', NULL, 1, 30, 1000, '{\"sms\":\"18281012309\",\"email\":\"yangluchao@shixinyun.com\"}', 1, 'admin', '2017-07-20 09:41:32', NULL, '2017-11-13 11:17:22');
INSERT INTO `conf_info_tasks` VALUES (32, 'st新增用户首次使用周留存', NULL, 1, 31, 1000, '{\"sms\":\"18281012309\",\"email\":\"yangluchao@shixinyun.com\"}', 1, 'admin', '2017-07-20 14:00:47', NULL, '2017-11-13 11:17:22');
INSERT INTO `conf_info_tasks` VALUES (33, 'st新增用户首次使用月留存', NULL, 1, 32, 1000, '{\"sms\":\"18281012309\",\"email\":\"yangluchao@shixinyun.com\"}', 1, 'admin', '2017-07-20 15:05:12', NULL, '2017-11-13 11:17:22');
INSERT INTO `conf_info_tasks` VALUES (34, 'st活跃用户日留存', NULL, 1, 33, 1000, '{\"sms\":\"18281012309\",\"email\":\"yangluchao@shixinyun.com\"}', 1, 'admin', '2017-07-20 15:24:24', NULL, '2017-11-13 11:17:22');
INSERT INTO `conf_info_tasks` VALUES (35, 'st活跃用户周留存', NULL, 1, 34, 1000, '{\"sms\":\"18281012309\",\"email\":\"yangluchao@shixinyun.com\"}', 1, 'admin', '2017-07-20 15:28:07', NULL, '2017-11-13 11:17:22');
INSERT INTO `conf_info_tasks` VALUES (36, 'st活跃用户月留', NULL, 1, 35, 1000, '{\"sms\":\"18281012309\",\"email\":\"yangluchao@shixinyun.com\"}', 1, 'admin', '2017-07-20 15:31:18', NULL, '2017-11-13 11:17:22');
INSERT INTO `conf_info_tasks` VALUES (37, 'st访问用户属性分析', NULL, 1, 36, 1000, '{\"sms\":\"18281012309\",\"email\":\"yangluchao@shixinyun.com\"}', 1, 'admin', '2017-07-21 14:23:52', NULL, '2017-11-13 11:17:22');
INSERT INTO `conf_info_tasks` VALUES (38, 'st访问用户地域分析', NULL, 1, 37, 1000, '{\"sms\":\"18281012309\",\"email\":\"yangluchao@shixinyun.com\"}', 1, 'admin', '2017-07-21 17:13:25', NULL, '2017-11-13 11:17:22');
INSERT INTO `conf_info_tasks` VALUES (39, 'st访问用户终端设备分析', NULL, 1, 38, 1000, '{\"sms\":\"18281012309\",\"email\":\"yangluchao@shixinyun.com\"}', 1, 'admin', '2017-07-21 18:19:46', '管理员', '2017-11-22 17:28:58');
INSERT INTO `conf_info_tasks` VALUES (40, 'ods消息日志数据清洗转换', NULL, 1, 39, 1000, '{\"sms\":\"18281012309\",\"email\":\"yangluchao@shixinyun.com\"}', -1, 'admin', '2017-07-25 11:23:10', NULL, '2017-11-29 15:21:53');
INSERT INTO `conf_info_tasks` VALUES (41, 'ods呼叫日志数据清洗转换', NULL, 1, 40, 1000, '{\"sms\":\"18281012309\",\"email\":\"yangluchao@shixinyun.com\"}', -1, 'admin', '2017-07-25 14:38:19', NULL, '2017-11-29 15:22:02');
INSERT INTO `conf_info_tasks` VALUES (42, 'dwd消息日志数据增强', NULL, 1, 41, 1000, '{\"sms\":\"18281012309\",\"email\":\"yangluchao@shixinyun.com\"}', -1, 'admin', '2017-07-25 15:47:18', NULL, '2017-11-29 15:22:09');
INSERT INTO `conf_info_tasks` VALUES (43, 'dwd呼叫日志数据增强', NULL, 1, 42, 1000, '{\"sms\":\"18281012309\",\"email\":\"yangluchao@shixinyun.com\"}', -1, 'admin', '2017-07-25 15:47:20', NULL, '2017-11-29 15:22:14');
INSERT INTO `conf_info_tasks` VALUES (44, 'dw消息日志数据,日轻度汇总', NULL, 1, 43, 1000, '{\"sms\":\"18281012309\",\"email\":\"yangluchao@shixinyun.com\"}', -1, 'admin', '2017-07-26 11:20:43', NULL, '2017-11-29 15:22:22');
INSERT INTO `conf_info_tasks` VALUES (45, 'dw呼叫日志数据,日轻度汇总', NULL, 1, 44, 1000, '{\"sms\":\"18281012309\",\"email\":\"yangluchao@shixinyun.com\"}', -1, 'admin', '2017-07-26 11:20:40', NULL, '2017-11-29 15:22:26');
INSERT INTO `conf_info_tasks` VALUES (46, 'st功能统计日汇总', NULL, 1, 45, 1000, '{\"sms\":\"18281012309\",\"email\":\"yangluchao@shixinyun.com\"}', -1, 'admin', '2017-07-26 15:34:07', NULL, '2017-11-29 15:21:17');
INSERT INTO `conf_info_tasks` VALUES (47, 'dw注册用户数据,日轻度汇总', NULL, 1, 46, 1000, '{\"sms\":\"18281012309\",\"email\":\"yangluchao@shixinyun.com\"}', 1, 'admin', '2017-08-01 15:45:41', NULL, '2017-11-13 11:17:23');
INSERT INTO `conf_info_tasks` VALUES (48, 'ods引擎信息数据清洗', '', 1, 47, 10000, '{\"sms\":\"18281012309\",\"email\":\"yangluchao@shixinyun.com\"}', 1, '管理员', '2017-11-03 17:12:56', NULL, '2017-11-13 11:17:23');
INSERT INTO `conf_info_tasks` VALUES (49, 'ods引擎单人视频语音数据清洗', '', 1, 48, 10000, '{\"sms\":\"18281012309\",\"email\":\"yangluchao@shixinyun.com\"}', 1, '管理员', '2017-11-03 17:13:40', NULL, '2017-11-13 11:17:23');
INSERT INTO `conf_info_tasks` VALUES (50, ' ods引擎多人视频语音数据清洗', '', 1, 49, 10000, '{\"sms\":\"18281012309\",\"email\":\"yangluchao@shixinyun.com\"}', 1, '管理员', '2017-11-03 17:14:10', NULL, '2017-11-13 11:17:23');
INSERT INTO `conf_info_tasks` VALUES (51, 'dwd引擎信息数据增强', '', 1, 50, 10000, '{\"sms\":\"18281012309\",\"email\":\"yangluchao@shixinyun.com\"}', 1, '管理员', '2017-11-03 17:14:29', NULL, '2017-11-13 11:17:24');
INSERT INTO `conf_info_tasks` VALUES (52, 'dwd引擎单人语音视屏数据增强', '', 1, 51, 10000, '{\"sms\":\"18281012309\",\"email\":\"yangluchao@shixinyun.com\"}', 1, '管理员', '2017-11-03 17:14:51', NULL, '2017-11-13 11:17:24');
INSERT INTO `conf_info_tasks` VALUES (53, 'dwd引擎多人语音视频数据增强', '', 1, 52, 10000, '{\"sms\":\"18281012309\",\"email\":\"yangluchao@shixinyun.com\"}', 1, '管理员', '2017-11-03 17:15:30', NULL, '2017-11-13 11:17:24');
INSERT INTO `conf_info_tasks` VALUES (54, 'dw引擎信息数据轻度汇总', '', 1, 53, 10000, '{\"sms\":\"18281012309\",\"email\":\"yangluchao@shixinyun.com\"}', 1, '管理员', '2017-11-03 17:19:07', NULL, '2017-11-13 11:17:24');
INSERT INTO `conf_info_tasks` VALUES (55, 'dw引擎单人语音视频数据轻度汇总', '', 1, 54, 10000, '{\"sms\":\"18281012309\",\"email\":\"yangluchao@shixinyun.com\"}', 1, '管理员', '2017-11-03 17:19:31', NULL, '2017-11-13 11:17:24');
INSERT INTO `conf_info_tasks` VALUES (56, 'dw引擎多人语音视屏数据轻度汇总', '', 1, 55, 1000, '{\"sms\":\"18281012309\",\"email\":\"yangluchao@shixinyun.com\"}', 1, '管理员', '2017-11-03 17:20:06', NULL, '2017-11-13 11:17:24');
INSERT INTO `conf_info_tasks` VALUES (57, 'st引擎功能统计', '', 1, 56, 10000, '{\"sms\":\"18281012309\",\"email\":\"yangluchao@shixinyun.com\"}', 1, '管理员', '2017-11-03 17:20:26', NULL, '2017-11-13 11:17:24');
INSERT INTO `conf_info_tasks` VALUES (58, 'st访问用户终端操作系统分析', '', 1, 58, 10000, '{\"sms\":\"18939195459,13462401088\",\"email\":\"yangluchao@shixinyun.com\"}', 1, '管理员', '2017-11-22 17:29:24', NULL, '2017-11-22 17:29:24');
INSERT INTO `conf_info_tasks` VALUES (59, 'st访问用户终端运营商分析', '', 1, 59, 10000, '{\"sms\":\"18939195459,13462401088\",\"email\":\"yangluchao@shixinyun.com\"}', 1, '管理员', '2017-11-22 17:29:45', NULL, '2017-11-22 17:29:44');
INSERT INTO `conf_info_tasks` VALUES (60, 'st访问用户终端连网方式分析', '', 1, 60, 10000, '{\"sms\":\"18939195459,13462401088\",\"email\":\"yangluchao@shixinyun.com\"}', 1, '管理员', '2017-11-22 17:30:02', NULL, '2017-11-22 17:30:02');
INSERT INTO `conf_info_tasks` VALUES (61, 'st友盟埋点数据拉取', 'st友盟埋点数据拉取', 1, 62, 10000000, '{\"sms\":\"18939195459,13462401088\",\"email\":\"yangluchao@shixinyun.com\"}', 1, '管理员', '2017-12-11 17:31:59', NULL, '2017-12-11 17:31:58');
INSERT INTO `conf_info_tasks` VALUES (62, '在线实时数据拉取', '在线实时数据拉取', 1, 63, 10000, '{\"sms\":\"18939195459,13462401088\",\"email\":\"yangluchao@shixinyun.com\"}', 1, '管理员', '2018-01-05 18:48:58', '管理员', '2018-01-05 18:52:19');
INSERT INTO `conf_info_tasks` VALUES (63, '在线实时数据统计', '在线实时数据统计', 1, 64, 10000, '{\"sms\":\"18939195459,13462401088\",\"email\":\"yangluchao@shixinyun.com\"}', 1, '管理员', '2018-01-05 18:49:29', '管理员', '2018-01-05 18:52:29');
INSERT INTO `conf_info_tasks` VALUES (64, '日程即时任务', '日程即时任务', 1, 65, 10000, '{\"sms\":\"18939195459,13462401088\",\"email\":\"yangluchao@shixinyun.com\"}', 1, '管理员', '2018-01-05 18:50:51', NULL, '2018-01-05 18:50:51');
INSERT INTO `conf_info_tasks` VALUES (65, 'dwd自定义事件分析', 'dwd层自定义事件分析', 1, 66, 1000, '{\"sms\":\"18281012309\",\"email\":\"yangluchao@shixinyun.com\"}', 1, '管理员', '2018-01-09 15:21:51', '管理员', '2018-01-09 15:22:07');
INSERT INTO `conf_info_tasks` VALUES (66, 'dw自定义事件分析', 'dw层自定义事件分析', 1, 67, 1000, '{\"sms\":\"18281012309\",\"email\":\"yangluchao@shixinyun.com\"}', 1, '管理员', '2018-01-09 15:22:33', NULL, '2018-01-09 15:22:33');
INSERT INTO `conf_info_tasks` VALUES (67, 'st自定义事件分析', 'st层自定义事件分析', 1, 68, 1000, '{\"sms\":\"18281012309\",\"email\":\"yangluchao@shixinyun.com\"}', 1, '管理员', '2018-01-09 15:22:55', '管理员', '2018-01-09 15:23:03');
INSERT INTO `conf_info_tasks` VALUES (68, 'dwd日程统计分析', 'dwd日程统计分析', 1, 70, 10000, '{\"sms\":\"18281012309\",\"email\":\"yangluchao@shixinyun.com\"}', 1, '管理员', '2018-01-09 18:24:29', NULL, '2018-01-09 18:24:28');
INSERT INTO `conf_info_tasks` VALUES (69, 'Dw日程统计分析', 'Dw日程统计分析', 1, 71, 10000, '{\"sms\":\"18281012309\",\"email\":\"yangluchao@shixinyun.com\"}', 1, '管理员', '2018-01-09 18:25:06', '管理员', '2018-01-09 18:25:37');
INSERT INTO `conf_info_tasks` VALUES (70, 'St日程统计分析', 'St日程统计分析', 1, 72, 10000, '{\"sms\":\"18281012309\",\"email\":\"yangluchao@shixinyun.com\"}', 1, '管理员', '2018-01-09 18:25:29', NULL, '2018-01-09 18:25:28');
INSERT INTO `conf_info_tasks` VALUES (71, '日程统计分析采集', '日程统计分析采集', 1, 69, 1000, '{\"sms\":\"18281012309\",\"email\":\"yangluchao@shixinyun.com\"}', 1, '管理员', '2018-01-09 18:27:40', NULL, '2018-01-09 18:27:39');

-- ----------------------------
-- Table structure for conf_rely_group
-- ----------------------------
DROP TABLE IF EXISTS `conf_rely_group`;
CREATE TABLE `conf_rely_group`  (
  `pk_id` int(11) NOT NULL AUTO_INCREMENT COMMENT '记录自增主键',
  `group_id` int(11) DEFAULT NULL COMMENT '任务分组id，来源 conf_rely_tasks ',
  `relygroup_id` int(11) DEFAULT NULL COMMENT '依赖任务组id；来源 conf_rely_tasks  ；group_id，依赖任务组id 为-1，则为顶级任务组',
  `status` smallint(6) DEFAULT 1 COMMENT '1 : 正常 -1：删除',
  `create_user` varchar(30) CHARACTER SET utf8 COLLATE utf8_general_ci DEFAULT NULL,
  `create_time` datetime(0) DEFAULT NULL,
  `update_user` varchar(30) CHARACTER SET utf8 COLLATE utf8_general_ci DEFAULT NULL,
  `update_time` timestamp(0) NOT NULL DEFAULT CURRENT_TIMESTAMP ON UPDATE CURRENT_TIMESTAMP(0),
  PRIMARY KEY (`pk_id`) USING BTREE,
  INDEX `idx_conf_rely_group`(`pk_id`, `group_id`) USING BTREE
) ENGINE = InnoDB AUTO_INCREMENT = 92 CHARACTER SET = utf8 COLLATE = utf8_general_ci COMMENT = '存储各个任务组之间依赖配置' ROW_FORMAT = Dynamic;

-- ----------------------------
-- Records of conf_rely_group
-- ----------------------------
INSERT INTO `conf_rely_group` VALUES (61, 48, -1, 1, '管理员', '2017-09-07 11:07:58', NULL, '2017-09-09 10:50:06');
INSERT INTO `conf_rely_group` VALUES (62, 49, -1, -1, '管理员', '2017-09-08 13:42:15', NULL, '2017-09-11 10:34:38');
INSERT INTO `conf_rely_group` VALUES (63, 50, -1, 1, '管理员', '2017-09-07 14:13:39', NULL, '2017-09-07 14:13:39');
INSERT INTO `conf_rely_group` VALUES (64, 51, -1, 1, '管理员', '2017-09-07 14:30:24', NULL, '2017-09-09 10:50:06');
INSERT INTO `conf_rely_group` VALUES (66, 53, 50, -1, '管理员', '2017-09-07 16:00:33', NULL, '2017-09-11 10:34:33');
INSERT INTO `conf_rely_group` VALUES (67, 53, 49, -1, '管理员', '2017-09-07 16:00:33', NULL, '2017-09-11 10:34:33');
INSERT INTO `conf_rely_group` VALUES (68, 54, 50, 1, '管理员', '2017-09-07 16:05:34', NULL, '2017-09-07 16:05:33');
INSERT INTO `conf_rely_group` VALUES (69, 55, 50, 1, '管理员', '2017-09-07 16:07:29', NULL, '2017-09-07 16:07:28');
INSERT INTO `conf_rely_group` VALUES (70, 56, 50, 1, '管理员', '2017-09-07 16:09:20', NULL, '2017-09-07 16:09:19');
INSERT INTO `conf_rely_group` VALUES (76, 62, 50, 1, '管理员', '2017-09-07 16:42:48', NULL, '2017-09-07 16:42:48');
INSERT INTO `conf_rely_group` VALUES (77, 63, 50, 1, '管理员', '2017-09-07 16:49:11', NULL, '2017-09-07 16:49:10');
INSERT INTO `conf_rely_group` VALUES (78, 64, 50, 1, '管理员', '2017-09-07 16:50:26', NULL, '2017-09-07 16:50:26');
INSERT INTO `conf_rely_group` VALUES (79, 65, 50, 1, '管理员', '2017-09-07 16:51:36', NULL, '2017-09-07 16:51:35');
INSERT INTO `conf_rely_group` VALUES (80, 66, 50, 1, '管理员', '2017-09-07 16:53:54', NULL, '2017-09-07 16:53:53');
INSERT INTO `conf_rely_group` VALUES (81, 67, 50, 1, '管理员', '2017-09-07 16:55:07', NULL, '2017-09-07 16:55:06');
INSERT INTO `conf_rely_group` VALUES (82, 68, -1, -1, '管理员', '2017-09-07 16:57:06', NULL, '2017-09-07 16:57:29');
INSERT INTO `conf_rely_group` VALUES (83, 69, 50, 1, '管理员', '2017-09-07 16:58:30', NULL, '2017-09-07 16:58:30');
INSERT INTO `conf_rely_group` VALUES (84, 70, 50, 1, '管理员', '2017-09-07 16:59:13', NULL, '2017-09-07 16:59:12');
INSERT INTO `conf_rely_group` VALUES (85, 71, -1, -1, '管理员', '2017-09-11 10:45:08', NULL, '2017-09-11 10:54:29');
INSERT INTO `conf_rely_group` VALUES (86, 72, 50, 1, '管理员', '2017-09-11 10:55:25', NULL, '2017-09-11 10:55:24');
INSERT INTO `conf_rely_group` VALUES (87, 73, -1, 1, '管理员', '2017-12-11 17:32:41', NULL, '2017-12-11 17:32:41');
INSERT INTO `conf_rely_group` VALUES (88, 74, -1, 1, '管理员', '2018-01-05 18:55:16', NULL, '2018-01-05 18:55:15');
INSERT INTO `conf_rely_group` VALUES (89, 75, -1, 1, '管理员', '2018-01-05 18:59:22', NULL, '2018-01-05 18:59:22');
INSERT INTO `conf_rely_group` VALUES (90, 76, -1, 1, '管理员', '2018-01-09 15:24:57', NULL, '2018-01-09 15:24:56');
INSERT INTO `conf_rely_group` VALUES (91, 77, -1, 1, '管理员', '2018-01-09 18:26:27', NULL, '2018-01-09 18:26:26');

-- ----------------------------
-- Table structure for conf_rely_tasks
-- ----------------------------
DROP TABLE IF EXISTS `conf_rely_tasks`;
CREATE TABLE `conf_rely_tasks`  (
  `pk_id` int(11) NOT NULL AUTO_INCREMENT COMMENT '记录自增主键',
  `group_id` int(11) DEFAULT NULL COMMENT '任务分组id',
  `tasks_id` int(11) DEFAULT NULL COMMENT '调度任务id；来源 conf_info_ltasks ；tasks_id',
  `relytasks_id` int(11) DEFAULT NULL COMMENT '依赖任务id；来源 conf_info_tasks ；tasks_id，依赖任务id 为-1，则为顶级任务',
  `status` smallint(6) DEFAULT 1 COMMENT '1 : 正常 -1：删除',
  `create_user` varchar(30) CHARACTER SET utf8 COLLATE utf8_general_ci DEFAULT NULL,
  `create_time` datetime(0) DEFAULT NULL,
  `update_user` varchar(30) CHARACTER SET utf8 COLLATE utf8_general_ci DEFAULT NULL,
  `update_time` timestamp(0) NOT NULL DEFAULT CURRENT_TIMESTAMP ON UPDATE CURRENT_TIMESTAMP(0),
  PRIMARY KEY (`pk_id`) USING BTREE,
  INDEX `idx_conf_rely_tasks`(`pk_id`, `group_id`) USING BTREE
) ENGINE = InnoDB AUTO_INCREMENT = 71 CHARACTER SET = utf8 COLLATE = utf8_general_ci COMMENT = '存储各个任务之间依赖配置' ROW_FORMAT = Dynamic;

-- ----------------------------
-- Records of conf_rely_tasks
-- ----------------------------
INSERT INTO `conf_rely_tasks` VALUES (1, 48, 40, -1, -1, '管理员', '2017-09-11 10:23:25', NULL, '2017-11-03 16:56:24');
INSERT INTO `conf_rely_tasks` VALUES (2, 48, 41, -1, -1, '管理员', '2017-09-11 10:23:25', NULL, '2017-11-03 16:56:21');
INSERT INTO `conf_rely_tasks` VALUES (3, 48, 42, 40, -1, '管理员', '2017-09-11 10:24:35', NULL, '2017-11-03 16:56:19');
INSERT INTO `conf_rely_tasks` VALUES (4, 48, 44, 42, -1, '管理员', '2017-09-11 10:25:10', NULL, '2017-11-03 16:56:16');
INSERT INTO `conf_rely_tasks` VALUES (5, 48, 43, 41, -1, '管理员', '2017-09-11 10:25:51', NULL, '2017-11-03 16:56:13');
INSERT INTO `conf_rely_tasks` VALUES (6, 48, 45, 43, -1, '管理员', '2017-09-11 10:27:07', NULL, '2017-11-03 16:56:10');
INSERT INTO `conf_rely_tasks` VALUES (7, 48, 46, 44, -1, '管理员', '2017-09-11 10:27:20', NULL, '2017-11-03 16:56:07');
INSERT INTO `conf_rely_tasks` VALUES (8, 48, 46, 45, -1, '管理员', '2017-09-11 10:27:20', NULL, '2017-11-03 16:56:07');
INSERT INTO `conf_rely_tasks` VALUES (9, 71, 17, -1, -1, '管理员', '2017-09-11 10:47:50', NULL, '2017-09-11 10:48:28');
INSERT INTO `conf_rely_tasks` VALUES (10, 70, 17, -1, -1, '管理员', '2017-09-11 10:51:20', NULL, '2017-09-11 10:51:40');
INSERT INTO `conf_rely_tasks` VALUES (11, 70, 17, -1, -1, '管理员', '2017-09-11 10:52:22', NULL, '2017-09-11 10:52:32');
INSERT INTO `conf_rely_tasks` VALUES (12, 70, 18, -1, -1, '管理员', '2017-09-11 10:52:22', NULL, '2017-09-11 10:52:29');
INSERT INTO `conf_rely_tasks` VALUES (13, 51, 17, -1, -1, '管理员', '2017-09-11 10:53:14', NULL, '2017-11-29 15:13:44');
INSERT INTO `conf_rely_tasks` VALUES (14, 51, 18, -1, 1, '管理员', '2017-09-11 10:53:14', NULL, '2017-09-11 10:53:13');
INSERT INTO `conf_rely_tasks` VALUES (15, 51, 19, 17, -1, '管理员', '2017-09-11 10:53:22', NULL, '2017-11-29 15:13:39');
INSERT INTO `conf_rely_tasks` VALUES (16, 51, 20, 18, 1, '管理员', '2017-09-11 10:53:29', NULL, '2017-09-11 10:53:29');
INSERT INTO `conf_rely_tasks` VALUES (17, 51, 22, 20, 1, '管理员', '2017-09-11 10:53:50', NULL, '2017-09-11 10:53:50');
INSERT INTO `conf_rely_tasks` VALUES (18, 51, 21, 19, -1, '管理员', '2017-09-11 10:53:59', NULL, '2017-11-29 15:13:30');
INSERT INTO `conf_rely_tasks` VALUES (19, 50, 23, -1, 1, '管理员', '2017-09-11 10:56:32', NULL, '2017-09-11 10:56:32');
INSERT INTO `conf_rely_tasks` VALUES (20, 50, 24, -1, 1, '管理员', '2017-09-11 10:56:32', NULL, '2017-09-11 10:56:32');
INSERT INTO `conf_rely_tasks` VALUES (21, 50, 25, -1, -1, '管理员', '2017-09-11 10:56:32', NULL, '2017-09-11 10:56:40');
INSERT INTO `conf_rely_tasks` VALUES (22, 50, 26, -1, -1, '管理员', '2017-09-11 10:56:32', NULL, '2017-09-11 10:56:37');
INSERT INTO `conf_rely_tasks` VALUES (23, 50, 26, 23, -1, '管理员', '2017-09-11 10:58:02', NULL, '2018-01-05 19:25:49');
INSERT INTO `conf_rely_tasks` VALUES (24, 50, 27, 26, -1, '管理员', '2017-09-11 10:58:11', NULL, '2018-01-05 19:25:39');
INSERT INTO `conf_rely_tasks` VALUES (25, 50, 25, 24, 1, '管理员', '2017-09-11 10:58:17', NULL, '2017-09-11 10:58:16');
INSERT INTO `conf_rely_tasks` VALUES (26, 50, 47, 25, 1, '管理员', '2017-09-11 10:58:24', NULL, '2017-09-11 10:58:24');
INSERT INTO `conf_rely_tasks` VALUES (27, 72, 28, -1, 1, '管理员', '2017-09-11 10:58:53', NULL, '2017-09-11 10:58:52');
INSERT INTO `conf_rely_tasks` VALUES (28, 54, 29, -1, 1, '管理员', '2017-09-11 10:59:07', NULL, '2017-09-11 10:59:07');
INSERT INTO `conf_rely_tasks` VALUES (29, 55, 30, -1, 1, '管理员', '2017-09-11 10:59:26', NULL, '2017-09-11 10:59:26');
INSERT INTO `conf_rely_tasks` VALUES (30, 56, 31, -1, 1, '管理员', '2017-09-11 10:59:42', NULL, '2017-09-11 10:59:42');
INSERT INTO `conf_rely_tasks` VALUES (31, 62, 32, -1, 1, '管理员', '2017-09-11 10:59:54', NULL, '2017-09-11 10:59:53');
INSERT INTO `conf_rely_tasks` VALUES (32, 63, 33, -1, 1, '管理员', '2017-09-11 11:00:05', NULL, '2017-09-11 11:00:05');
INSERT INTO `conf_rely_tasks` VALUES (33, 64, 34, -1, 1, '管理员', '2017-09-11 11:00:17', NULL, '2017-09-11 11:00:16');
INSERT INTO `conf_rely_tasks` VALUES (34, 65, 35, -1, 1, '管理员', '2017-09-11 11:00:27', NULL, '2017-09-11 11:00:27');
INSERT INTO `conf_rely_tasks` VALUES (35, 66, 36, -1, 1, '管理员', '2017-09-11 11:00:40', NULL, '2017-09-11 11:00:39');
INSERT INTO `conf_rely_tasks` VALUES (36, 67, 37, -1, 1, '管理员', '2017-09-11 11:00:51', NULL, '2017-09-11 11:00:50');
INSERT INTO `conf_rely_tasks` VALUES (37, 69, 38, -1, 1, '管理员', '2017-09-11 11:01:00', NULL, '2017-09-11 11:01:00');
INSERT INTO `conf_rely_tasks` VALUES (38, 70, 39, -1, -1, '管理员', '2017-09-11 11:01:13', NULL, '2017-09-12 09:59:53');
INSERT INTO `conf_rely_tasks` VALUES (39, 70, 39, -1, -1, '管理员', '2017-09-13 11:50:02', NULL, '2017-11-22 17:20:18');
INSERT INTO `conf_rely_tasks` VALUES (40, 48, 48, -1, 1, '管理员', '2017-11-03 17:20:52', NULL, '2017-11-03 17:20:52');
INSERT INTO `conf_rely_tasks` VALUES (41, 48, 49, -1, 1, '管理员', '2017-11-03 17:20:52', NULL, '2017-11-03 17:20:52');
INSERT INTO `conf_rely_tasks` VALUES (42, 48, 50, -1, 1, '管理员', '2017-11-03 17:20:52', NULL, '2017-11-03 17:20:52');
INSERT INTO `conf_rely_tasks` VALUES (43, 48, 51, 48, 1, '管理员', '2017-11-03 17:21:03', NULL, '2017-11-03 17:21:03');
INSERT INTO `conf_rely_tasks` VALUES (44, 48, 54, 51, 1, '管理员', '2017-11-03 17:21:14', NULL, '2017-11-03 17:21:13');
INSERT INTO `conf_rely_tasks` VALUES (45, 48, 52, 49, 1, '管理员', '2017-11-03 17:21:24', NULL, '2017-11-03 17:21:23');
INSERT INTO `conf_rely_tasks` VALUES (46, 48, 55, 52, 1, '管理员', '2017-11-03 17:21:31', NULL, '2017-11-03 17:21:31');
INSERT INTO `conf_rely_tasks` VALUES (47, 48, 53, 50, 1, '管理员', '2017-11-03 17:21:38', NULL, '2017-11-03 17:21:38');
INSERT INTO `conf_rely_tasks` VALUES (48, 48, 56, 53, 1, '管理员', '2017-11-03 17:21:52', NULL, '2017-11-03 17:21:51');
INSERT INTO `conf_rely_tasks` VALUES (49, 48, 57, 54, 1, '管理员', '2017-11-03 17:22:03', NULL, '2017-11-03 17:22:03');
INSERT INTO `conf_rely_tasks` VALUES (50, 48, 57, 55, 1, '管理员', '2017-11-03 17:22:03', NULL, '2017-11-03 17:22:03');
INSERT INTO `conf_rely_tasks` VALUES (51, 48, 57, 56, 1, '管理员', '2017-11-03 17:22:03', NULL, '2017-11-03 17:22:03');
INSERT INTO `conf_rely_tasks` VALUES (52, 70, 39, -1, 1, '管理员', '2017-11-22 17:30:33', NULL, '2017-11-22 17:30:32');
INSERT INTO `conf_rely_tasks` VALUES (53, 70, 58, -1, 1, '管理员', '2017-11-22 17:30:33', NULL, '2017-11-22 17:30:32');
INSERT INTO `conf_rely_tasks` VALUES (54, 70, 59, -1, 1, '管理员', '2017-11-22 17:30:33', NULL, '2017-11-22 17:30:32');
INSERT INTO `conf_rely_tasks` VALUES (55, 70, 60, -1, 1, '管理员', '2017-11-22 17:30:33', NULL, '2017-11-22 17:30:32');
INSERT INTO `conf_rely_tasks` VALUES (56, 73, 61, -1, 1, '管理员', '2017-12-11 17:32:52', NULL, '2017-12-11 17:32:52');
INSERT INTO `conf_rely_tasks` VALUES (57, 74, 62, -1, 1, '管理员', '2018-01-05 18:55:33', NULL, '2018-01-05 18:55:33');
INSERT INTO `conf_rely_tasks` VALUES (58, 74, 63, 62, 1, '管理员', '2018-01-05 18:57:09', NULL, '2018-01-05 18:57:08');
INSERT INTO `conf_rely_tasks` VALUES (59, 75, 64, -1, 1, '管理员', '2018-01-05 18:59:30', NULL, '2018-01-05 18:59:29');
INSERT INTO `conf_rely_tasks` VALUES (60, 50, 26, 23, 1, '管理员', '2018-01-05 19:26:44', NULL, '2018-01-05 19:26:44');
INSERT INTO `conf_rely_tasks` VALUES (61, 50, 26, 24, 1, '管理员', '2018-01-05 19:26:44', NULL, '2018-01-05 19:26:44');
INSERT INTO `conf_rely_tasks` VALUES (62, 50, 27, 26, 1, '管理员', '2018-01-05 19:26:55', NULL, '2018-01-05 19:26:54');
INSERT INTO `conf_rely_tasks` VALUES (63, 76, 65, -1, 1, '管理员', '2018-01-09 15:25:36', NULL, '2018-01-09 15:25:35');
INSERT INTO `conf_rely_tasks` VALUES (64, 76, 66, 65, 1, '管理员', '2018-01-09 15:25:44', NULL, '2018-01-09 15:25:43');
INSERT INTO `conf_rely_tasks` VALUES (65, 76, 67, 66, 1, '管理员', '2018-01-09 15:25:54', NULL, '2018-01-09 15:25:53');
INSERT INTO `conf_rely_tasks` VALUES (66, 77, 71, -1, 1, '管理员', '2018-01-09 18:27:58', NULL, '2018-01-09 18:27:58');
INSERT INTO `conf_rely_tasks` VALUES (67, 77, 68, 71, 1, '管理员', '2018-01-09 18:28:04', NULL, '2018-01-09 18:28:04');
INSERT INTO `conf_rely_tasks` VALUES (68, 77, 19, 68, -1, '管理员', '2018-01-09 18:28:17', NULL, '2018-01-09 18:28:45');
INSERT INTO `conf_rely_tasks` VALUES (69, 77, 69, 68, 1, '管理员', '2018-01-09 18:28:55', NULL, '2018-01-09 18:28:54');
INSERT INTO `conf_rely_tasks` VALUES (70, 77, 70, 69, 1, '管理员', '2018-01-09 18:29:01', NULL, '2018-01-09 18:29:00');

-- ----------------------------
-- Table structure for conf_user_info
-- ----------------------------
DROP TABLE IF EXISTS `conf_user_info`;
CREATE TABLE `conf_user_info`  (
  `id` mediumint(9) NOT NULL AUTO_INCREMENT COMMENT 'ID',
  `name` varchar(15) CHARACTER SET utf8 COLLATE utf8_general_ci NOT NULL,
  `user_name` varchar(30) CHARACTER SET utf8 COLLATE utf8_general_ci NOT NULL COMMENT '用户名',
  `pass_word` varchar(512) CHARACTER SET utf8 COLLATE utf8_general_ci DEFAULT NULL COMMENT '密码',
  `phone` varchar(20) CHARACTER SET utf8 COLLATE utf8_general_ci NOT NULL COMMENT '联系电话',
  `mail` varchar(256) CHARACTER SET utf8 COLLATE utf8_general_ci NOT NULL COMMENT '公司邮箱',
  `cuser` varchar(30) CHARACTER SET utf8 COLLATE utf8_general_ci DEFAULT NULL COMMENT '创建人',
  `ctime` datetime(0) DEFAULT NULL COMMENT '创建时间',
  `muser` varchar(30) CHARACTER SET utf8 COLLATE utf8_general_ci DEFAULT NULL COMMENT '修改人',
  `mtime` datetime(0) DEFAULT NULL COMMENT '修改时间',
  `status` tinyint(4) NOT NULL DEFAULT 1 COMMENT '状态:  1 - 启用   0 - 禁用  -1 - 已删除',
  PRIMARY KEY (`id`) USING BTREE
) ENGINE = InnoDB AUTO_INCREMENT = 1 CHARACTER SET = utf8 COLLATE = utf8_general_ci COMMENT = '组织机构(部门+岗位)' ROW_FORMAT = Dynamic;

-- ----------------------------
-- Records of conf_user_info
-- ----------------------------
INSERT INTO `conf_user_info` VALUES (-1, '管理员', 'admin', '202cc9b0383b17524dc1086113e42c55', '11111111111', 'admin@mail.com', NULL, '2017-08-17 15:14:22', NULL, NULL, 1);

-- ----------------------------
-- Table structure for sign_info_tasks
-- ----------------------------
DROP TABLE IF EXISTS `sign_info_tasks`;
CREATE TABLE `sign_info_tasks`  (
  `pk_id` int(11) NOT NULL AUTO_INCREMENT COMMENT '自增主键 (log_id),任务运行id',
  `classify` tinyint(4) DEFAULT NULL COMMENT '1: task log ,2: group log',
  `task_id` varchar(512) CHARACTER SET utf8 COLLATE utf8_general_ci DEFAULT NULL COMMENT '任务组Id或者任务Id',
  `task_name` varchar(1024) CHARACTER SET utf8 COLLATE utf8_general_ci DEFAULT NULL COMMENT '任务组名或者任务名',
  `script_path` varchar(1024) CHARACTER SET utf8 COLLATE utf8_general_ci DEFAULT NULL,
  `time_sign` varchar(100) CHARACTER SET utf8 COLLATE utf8_general_ci DEFAULT NULL COMMENT '调度执行标记',
  `start_time` datetime(0) DEFAULT NULL COMMENT '执行开始时间',
  `end_time` datetime(0) DEFAULT NULL COMMENT '执行结束时间',
  `log_time` timestamp(0) NOT NULL DEFAULT CURRENT_TIMESTAMP ON UPDATE CURRENT_TIMESTAMP(0) COMMENT '日志插入时间',
  `is_success` tinyint(4) DEFAULT 1 COMMENT '0:失败； 1:成功',
  `message` mediumtext CHARACTER SET utf8 COLLATE utf8_general_ci COMMENT '消息日志',
  PRIMARY KEY (`pk_id`) USING BTREE,
  INDEX `idx_conf_log_tasks`(`pk_id`, `classify`) USING BTREE
) ENGINE = InnoDB AUTO_INCREMENT = 485 CHARACTER SET = utf8 COLLATE = utf8_general_ci COMMENT = '存储各个任务任务组执行完成标记' ROW_FORMAT = Dynamic;

-- ----------------------------
-- Records of sign_info_tasks
-- ----------------------------
INSERT INTO `sign_info_tasks` VALUES (92, 1, '73_61', 'st友盟埋点数据拉取', 'etl.dispatch.gather.api.umeng.events.Events_ApiEventsValServiceImpl', '2018-01-08', '2018-01-08 19:00:40', '2018-01-08 23:23:43', '2018-01-08 23:23:42', 1, '脚本执行成功; {\"alarmNotice\":\"{\\\"sms\\\":\\\"18939195459,13462401088\\\",\\\"email\\\":\\\"yangluchao@shixinyun.com\\\"}\",\"endTimes\":1515425022789,\"groupId\":\"73\",\"personal\":\"yangluchao@shixinyun.com\",\"scriptId\":\"62\",\"scriptName\":\"st友盟埋点数据拉取\",\"scriptPath\":\"etl.dispatch.gather.api.umeng.events.Events_ApiEventsValServiceImpl\",\"startTimes\":1515409239861,\"takeEval\":10000000,\"taskId\":\"61\",\"taskName\":\"st友盟埋点数据拉取\"};');
INSERT INTO `sign_info_tasks` VALUES (93, 2, '73', NULL, NULL, '2018-01-08', '2018-01-08 19:00:40', '2018-01-08 23:23:43', '2018-01-08 23:23:42', 1, 'Etl调度任务组 执行完毕 ; job Group Config [groupId:73 , groupName:友盟自定义事件任务], 涵盖1个调度任务');
INSERT INTO `sign_info_tasks` VALUES (94, 1, '74_62', '在线实时数据拉取', 'etl.dispatch.gather.bgmgr.onlinetime.Online_Time_Gather', '2018-01-08', '2018-01-08 23:30:00', '2018-01-08 23:30:00', '2018-01-08 23:30:00', 1, '脚本执行成功; {\"alarmNotice\":\"{\\\"sms\\\":\\\"18939195459,13462401088\\\",\\\"email\\\":\\\"yangluchao@shixinyun.com\\\"}\",\"endTimes\":1515425400051,\"groupId\":\"74\",\"personal\":\"yangluchao@shixinyun.com\",\"scriptId\":\"63\",\"scriptName\":\"在线时长即时拉取\",\"scriptPath\":\"etl.dispatch.gather.bgmgr.onlinetime.Online_Time_Gather\",\"startTimes\":1515425400013,\"takeEval\":10000,\"taskId\":\"62\",\"taskName\":\"在线实时数据拉取\"};');
INSERT INTO `sign_info_tasks` VALUES (95, 1, '74_63', '在线实时数据统计', 'etl.dispatch.gather.bgmgr.onlinetime.Online_Time_Statis', '2018-01-08', '2018-01-08 23:30:30', '2018-01-08 23:30:30', '2018-01-08 23:30:30', 1, '脚本执行成功; {\"alarmNotice\":\"{\\\"sms\\\":\\\"18939195459,13462401088\\\",\\\"email\\\":\\\"yangluchao@shixinyun.com\\\"}\",\"endTimes\":1515425430067,\"groupId\":\"74\",\"personal\":\"yangluchao@shixinyun.com\",\"scriptId\":\"64\",\"scriptName\":\"在线时长即时统计\",\"scriptPath\":\"etl.dispatch.gather.bgmgr.onlinetime.Online_Time_Statis\",\"startTimes\":1515425430017,\"takeEval\":10000,\"taskId\":\"63\",\"taskName\":\"在线实时数据统计\"};');
INSERT INTO `sign_info_tasks` VALUES (96, 2, '74', '在线时长实时任务', NULL, '2018-01-08', '2018-01-08 23:30:00', '2018-01-08 23:30:30', '2018-01-08 23:30:30', 1, 'Job execution success; time2018-01-08 ,job Group Config [groupId:74 , groupName:在线时长实时任务], Contains 2scheduling tasks');
INSERT INTO `sign_info_tasks` VALUES (118, 1, '51_18', 'dwd错误崩溃数据增强', 'etl.dispatch.java.dwd.Dwd_ApplicationErrorReport', '2018-01-09', '2018-01-09 03:13:00', '2018-01-09 03:13:00', '2018-01-09 03:13:00', 1, '脚本执行成功; {\"alarmNotice\":\"{\\\"sms\\\":\\\"18281012309\\\",\\\"email\\\":\\\"yangluchao@shixinyun.com\\\"}\",\"endTimes\":1515438780408,\"groupId\":\"51\",\"personal\":\"yangluchao@shixinyun.com\",\"scriptId\":\"18\",\"scriptName\":\"dwd错误崩溃数据增强\",\"scriptPath\":\"etl.dispatch.java.dwd.Dwd_ApplicationErrorReport\",\"startTimes\":1515438780048,\"takeEval\":1000,\"taskId\":\"18\",\"taskName\":\"dwd错误崩溃数据增强\"};');
INSERT INTO `sign_info_tasks` VALUES (119, 1, '48_49', 'ods引擎单人视频语音数据清洗', 'etl.dispatch.java.ods.Ods_SingleCallLog', '2018-01-09', '2018-01-09 03:13:00', '2018-01-09 03:13:00', '2018-01-09 03:13:00', 1, '脚本执行成功; {\"alarmNotice\":\"{\\\"sms\\\":\\\"18281012309\\\",\\\"email\\\":\\\"yangluchao@shixinyun.com\\\"}\",\"endTimes\":1515438780408,\"groupId\":\"48\",\"personal\":\"yangluchao@shixinyun.com\",\"scriptId\":\"48\",\"scriptName\":\"ods引擎单人视频语音数据清洗\",\"scriptPath\":\"etl.dispatch.java.ods.Ods_SingleCallLog\",\"startTimes\":1515438780055,\"takeEval\":10000,\"taskId\":\"49\",\"taskName\":\"ods引擎单人视频语音数据清洗\"};');
INSERT INTO `sign_info_tasks` VALUES (120, 1, '48_50', ' ods引擎多人视频语音数据清洗', 'etl.dispatch.java.ods.Ods_MultiCallLog', '2018-01-09', '2018-01-09 03:13:00', '2018-01-09 03:13:00', '2018-01-09 03:13:00', 1, '脚本执行成功; {\"alarmNotice\":\"{\\\"sms\\\":\\\"18281012309\\\",\\\"email\\\":\\\"yangluchao@shixinyun.com\\\"}\",\"endTimes\":1515438780408,\"groupId\":\"48\",\"personal\":\"yangluchao@shixinyun.com\",\"scriptId\":\"49\",\"scriptName\":\"ods引擎多人视频语音数据清洗\",\"scriptPath\":\"etl.dispatch.java.ods.Ods_MultiCallLog\",\"startTimes\":1515438780055,\"takeEval\":10000,\"taskId\":\"50\",\"taskName\":\" ods引擎多人视频语音数据清洗\"};');
INSERT INTO `sign_info_tasks` VALUES (121, 1, '48_52', 'dwd引擎单人语音视屏数据增强', 'etl.dispatch.java.dwd.Dwd_SingleCallLog', '2018-01-09', '2018-01-09 03:13:30', '2018-01-09 03:13:30', '2018-01-09 03:13:30', 1, '脚本执行成功; {\"alarmNotice\":\"{\\\"sms\\\":\\\"18281012309\\\",\\\"email\\\":\\\"yangluchao@shixinyun.com\\\"}\",\"endTimes\":1515438810098,\"groupId\":\"48\",\"personal\":\"yangluchao@shixinyun.com\",\"scriptId\":\"51\",\"scriptName\":\"dwd引擎单人语音视屏数据增强\",\"scriptPath\":\"etl.dispatch.java.dwd.Dwd_SingleCallLog\",\"startTimes\":1515438810081,\"takeEval\":10000,\"taskId\":\"52\",\"taskName\":\"dwd引擎单人语音视屏数据增强\"};');
INSERT INTO `sign_info_tasks` VALUES (122, 1, '48_53', 'dwd引擎多人语音视频数据增强', 'etl.dispatch.java.dwd.Dwd_SingleCallLog', '2018-01-09', '2018-01-09 03:13:30', '2018-01-09 03:13:30', '2018-01-09 03:13:30', 1, '脚本执行成功; {\"alarmNotice\":\"{\\\"sms\\\":\\\"18281012309\\\",\\\"email\\\":\\\"yangluchao@shixinyun.com\\\"}\",\"endTimes\":1515438810099,\"groupId\":\"48\",\"personal\":\"yangluchao@shixinyun.com\",\"scriptId\":\"52\",\"scriptName\":\"dwd引擎多人语音视频数据增强\",\"scriptPath\":\"etl.dispatch.java.dwd.Dwd_SingleCallLog\",\"startTimes\":1515438810084,\"takeEval\":10000,\"taskId\":\"53\",\"taskName\":\"dwd引擎多人语音视频数据增强\"};');
INSERT INTO `sign_info_tasks` VALUES (123, 1, '51_20', 'dw错误崩溃,日轻度汇总', 'etl.dispatch.java.dw.Dw_ApplicationErrorReport', '2018-01-09', '2018-01-09 03:13:30', '2018-01-09 03:13:30', '2018-01-09 03:13:30', 1, '脚本执行成功; {\"alarmNotice\":\"{\\\"sms\\\":\\\"18281012309\\\",\\\"email\\\":\\\"yangluchao@shixinyun.com\\\"}\",\"endTimes\":1515438810133,\"groupId\":\"51\",\"personal\":\"yangluchao@shixinyun.com\",\"scriptId\":\"19\",\"scriptName\":\"dw错误崩溃,日轻度汇总\",\"scriptPath\":\"etl.dispatch.java.dw.Dw_ApplicationErrorReport\",\"startTimes\":1515438810052,\"takeEval\":1000,\"taskId\":\"20\",\"taskName\":\"dw错误崩溃,日轻度汇总\"};');
INSERT INTO `sign_info_tasks` VALUES (124, 1, '48_48', 'ods引擎信息数据清洗', 'etl.dispatch.java.ods.Ods_EngineMessageLog', '2018-01-09', '2018-01-09 03:13:00', '2018-01-09 03:13:35', '2018-01-09 03:13:34', 1, '脚本执行成功; {\"alarmNotice\":\"{\\\"sms\\\":\\\"18281012309\\\",\\\"email\\\":\\\"yangluchao@shixinyun.com\\\"}\",\"endTimes\":1515438814593,\"groupId\":\"48\",\"personal\":\"yangluchao@shixinyun.com\",\"scriptId\":\"47\",\"scriptName\":\"ods引擎信息数据清洗\",\"scriptPath\":\"etl.dispatch.java.ods.Ods_EngineMessageLog\",\"startTimes\":1515438780055,\"takeEval\":10000,\"taskId\":\"48\",\"taskName\":\"ods引擎信息数据清洗\"};');
INSERT INTO `sign_info_tasks` VALUES (125, 1, '51_22', 'st错误崩溃,日汇总脚本', 'etl.dispatch.java.st.St_ApplicationErrorReport', '2018-01-09', '2018-01-09 03:14:00', '2018-01-09 03:14:00', '2018-01-09 03:14:00', 1, '脚本执行成功; {\"alarmNotice\":\"{\\\"sms\\\":\\\"18281012309\\\",\\\"email\\\":\\\"yangluchao@shixinyun.com\\\"}\",\"endTimes\":1515438840087,\"groupId\":\"51\",\"personal\":\"yangluchao@shixinyun.com\",\"scriptId\":\"21\",\"scriptName\":\"st错误崩溃日汇总\",\"scriptPath\":\"etl.dispatch.java.st.St_ApplicationErrorReport\",\"startTimes\":1515438840053,\"takeEval\":1000,\"taskId\":\"22\",\"taskName\":\"st错误崩溃,日汇总脚本\"};');
INSERT INTO `sign_info_tasks` VALUES (126, 2, '51', '埋点分析任务组', NULL, '2018-01-09', '2018-01-09 03:13:00', '2018-01-09 03:14:00', '2018-01-09 03:14:00', 1, 'Job execution success; time2018-01-09 ,job Group Config [groupId:51 , groupName:埋点分析任务组], Contains 3scheduling tasks');
INSERT INTO `sign_info_tasks` VALUES (127, 1, '48_55', 'dw引擎单人语音视频数据轻度汇总', 'etl.dispatch.java.dw.Dw_SingleCallLog', '2018-01-09', '2018-01-09 03:14:00', '2018-01-09 03:14:00', '2018-01-09 03:14:00', 1, '脚本执行成功; {\"alarmNotice\":\"{\\\"sms\\\":\\\"18281012309\\\",\\\"email\\\":\\\"yangluchao@shixinyun.com\\\"}\",\"endTimes\":1515438840126,\"groupId\":\"48\",\"personal\":\"yangluchao@shixinyun.com\",\"scriptId\":\"54\",\"scriptName\":\"dw引擎单人语音视频数据轻度汇总\",\"scriptPath\":\"etl.dispatch.java.dw.Dw_SingleCallLog\",\"startTimes\":1515438840085,\"takeEval\":10000,\"taskId\":\"55\",\"taskName\":\"dw引擎单人语音视频数据轻度汇总\"};');
INSERT INTO `sign_info_tasks` VALUES (128, 1, '48_56', 'dw引擎多人语音视屏数据轻度汇总', 'etl.dispatch.java.dw.Dw_MutliCallLog', '2018-01-09', '2018-01-09 03:14:00', '2018-01-09 03:14:00', '2018-01-09 03:14:00', 1, '脚本执行成功; {\"alarmNotice\":\"{\\\"sms\\\":\\\"18281012309\\\",\\\"email\\\":\\\"yangluchao@shixinyun.com\\\"}\",\"endTimes\":1515438840132,\"groupId\":\"48\",\"personal\":\"yangluchao@shixinyun.com\",\"scriptId\":\"55\",\"scriptName\":\"dw引擎多人语音视屏数据轻度汇总\",\"scriptPath\":\"etl.dispatch.java.dw.Dw_MutliCallLog\",\"startTimes\":1515438840084,\"takeEval\":1000,\"taskId\":\"56\",\"taskName\":\"dw引擎多人语音视屏数据轻度汇总\"};');
INSERT INTO `sign_info_tasks` VALUES (129, 1, '48_51', 'dwd引擎信息数据增强', 'etl.dispatch.java.dwd.Dwd_EngineMessageLog', '2018-01-09', '2018-01-09 03:14:00', '2018-01-09 03:15:15', '2018-01-09 03:15:15', 1, '脚本执行成功; {\"alarmNotice\":\"{\\\"sms\\\":\\\"18281012309\\\",\\\"email\\\":\\\"yangluchao@shixinyun.com\\\"}\",\"endTimes\":1515438915170,\"groupId\":\"48\",\"personal\":\"yangluchao@shixinyun.com\",\"scriptId\":\"50\",\"scriptName\":\"dwd引擎信息数据增强\",\"scriptPath\":\"etl.dispatch.java.dwd.Dwd_EngineMessageLog\",\"startTimes\":1515438840083,\"takeEval\":10000,\"taskId\":\"51\",\"taskName\":\"dwd引擎信息数据增强\"};');
INSERT INTO `sign_info_tasks` VALUES (130, 1, '48_54', 'dw引擎信息数据轻度汇总', 'etl.dispatch.java.dw.Dw_EngineMessageLog', '2018-01-09', '2018-01-09 03:15:30', '2018-01-09 03:15:31', '2018-01-09 03:15:30', 1, '脚本执行成功; {\"alarmNotice\":\"{\\\"sms\\\":\\\"18281012309\\\",\\\"email\\\":\\\"yangluchao@shixinyun.com\\\"}\",\"endTimes\":1515438930746,\"groupId\":\"48\",\"personal\":\"yangluchao@shixinyun.com\",\"scriptId\":\"53\",\"scriptName\":\"dw引擎信息数据轻度汇总\",\"scriptPath\":\"etl.dispatch.java.dw.Dw_EngineMessageLog\",\"startTimes\":1515438930090,\"takeEval\":10000,\"taskId\":\"54\",\"taskName\":\"dw引擎信息数据轻度汇总\"};');
INSERT INTO `sign_info_tasks` VALUES (131, 1, '50_24', 'ods注册用户数据清洗转换', 'etl.dispatch.java.ods.Ods_ApplicationUserInfo', '2018-01-09', '2018-01-09 03:15:00', '2018-01-09 03:15:32', '2018-01-09 03:15:31', 1, '脚本执行成功; {\"alarmNotice\":\"{\\\"sms\\\":\\\"18281012309\\\",\\\"email\\\":\\\"yangluchao@shixinyun.com\\\"}\",\"endTimes\":1515438931979,\"groupId\":\"50\",\"personal\":\"yangluchao@shixinyun.com\",\"scriptId\":\"22\",\"scriptName\":\"ods注册用户数据清洗转换\",\"scriptPath\":\"etl.dispatch.java.ods.Ods_ApplicationUserInfo\",\"startTimes\":1515438900014,\"takeEval\":1000,\"taskId\":\"24\",\"taskName\":\"ods注册用户数据清洗转换\"};');
INSERT INTO `sign_info_tasks` VALUES (132, 1, '50_23', 'ods用户访问数据清洗转换', 'etl.dispatch.java.ods.Ods_ApplicationLoginLog', '2018-01-09', '2018-01-09 03:15:00', '2018-01-09 03:15:36', '2018-01-09 03:15:35', 1, '脚本执行成功; {\"alarmNotice\":\"{\\\"sms\\\":\\\"18281012309\\\",\\\"email\\\":\\\"yangluchao@shixinyun.com\\\"}\",\"endTimes\":1515438935678,\"groupId\":\"50\",\"personal\":\"yangluchao@shixinyun.com\",\"scriptId\":\"23\",\"scriptName\":\"ods用户访问数据清洗转换\",\"scriptPath\":\"etl.dispatch.java.ods.Ods_ApplicationLoginLog\",\"startTimes\":1515438900014,\"takeEval\":1000,\"taskId\":\"23\",\"taskName\":\"ods用户访问数据清洗转换\"};');
INSERT INTO `sign_info_tasks` VALUES (133, 1, '50_25', 'dwd注册用户数据增强', 'etl.dispatch.java.dwd.Dwd_ApplicationUserInfo', '2018-01-09', '2018-01-09 03:16:00', '2018-01-09 03:16:01', '2018-01-09 03:16:00', 1, '脚本执行成功; {\"alarmNotice\":\"{\\\"sms\\\":\\\"18281012309\\\",\\\"email\\\":\\\"yangluchao@shixinyun.com\\\"}\",\"endTimes\":1515438960728,\"groupId\":\"50\",\"personal\":\"yangluchao@shixinyun.com\",\"scriptId\":\"24\",\"scriptName\":\"dwd注册用户数据增强\",\"scriptPath\":\"etl.dispatch.java.dwd.Dwd_ApplicationUserInfo\",\"startTimes\":1515438960024,\"takeEval\":1000,\"taskId\":\"25\",\"taskName\":\"dwd注册用户数据增强\"};');
INSERT INTO `sign_info_tasks` VALUES (134, 1, '48_57', 'st引擎功能统计', 'etl.dispatch.java.st.St_Engine_Function_Statistic', '2018-01-09', '2018-01-09 03:16:00', '2018-01-09 03:16:02', '2018-01-09 03:16:01', 1, '脚本执行成功; {\"alarmNotice\":\"{\\\"sms\\\":\\\"18281012309\\\",\\\"email\\\":\\\"yangluchao@shixinyun.com\\\"}\",\"endTimes\":1515438961550,\"groupId\":\"48\",\"personal\":\"yangluchao@shixinyun.com\",\"scriptId\":\"56\",\"scriptName\":\"st引擎功能统计\",\"scriptPath\":\"etl.dispatch.java.st.St_Engine_Function_Statistic\",\"startTimes\":1515438960090,\"takeEval\":10000,\"taskId\":\"57\",\"taskName\":\"st引擎功能统计\"};');
INSERT INTO `sign_info_tasks` VALUES (135, 2, '48', 'Cube引擎统计任务组', NULL, '2018-01-09', '2018-01-09 03:13:00', '2018-01-09 03:16:02', '2018-01-09 03:16:01', 1, 'Job execution success; time2018-01-09 ,job Group Config [groupId:48 , groupName:Cube引擎统计任务组], Contains 10scheduling tasks');
INSERT INTO `sign_info_tasks` VALUES (136, 1, '50_26', 'dwd用户访问数据增强', 'etl.dispatch.java.dwd.Dwd_ApplicationLoginLog', '2018-01-09', '2018-01-09 03:16:00', '2018-01-09 03:16:04', '2018-01-09 03:16:03', 1, '脚本执行成功; {\"alarmNotice\":\"{\\\"sms\\\":\\\"18281012309\\\",\\\"email\\\":\\\"yangluchao@shixinyun.com\\\"}\",\"endTimes\":1515438963840,\"groupId\":\"50\",\"personal\":\"yangluchao@shixinyun.com\",\"scriptId\":\"25\",\"scriptName\":\"dwd用户访问数据增强\",\"scriptPath\":\"etl.dispatch.java.dwd.Dwd_ApplicationLoginLog\",\"startTimes\":1515438960025,\"takeEval\":1000,\"taskId\":\"26\",\"taskName\":\"dwd用户访问数据增强\"};');
INSERT INTO `sign_info_tasks` VALUES (137, 1, '50_47', 'dw注册用户数据,日轻度汇总', 'etl.dispatch.java.dw.Dw_ApplicationUserInfo', '2018-01-09', '2018-01-09 03:16:30', '2018-01-09 03:16:30', '2018-01-09 03:16:30', 1, '脚本执行成功; {\"alarmNotice\":\"{\\\"sms\\\":\\\"18281012309\\\",\\\"email\\\":\\\"yangluchao@shixinyun.com\\\"}\",\"endTimes\":1515438990098,\"groupId\":\"50\",\"personal\":\"yangluchao@shixinyun.com\",\"scriptId\":\"46\",\"scriptName\":\"dw注册用户数据,日轻度汇总\",\"scriptPath\":\"etl.dispatch.java.dw.Dw_ApplicationUserInfo\",\"startTimes\":1515438990027,\"takeEval\":1000,\"taskId\":\"47\",\"taskName\":\"dw注册用户数据,日轻度汇总\"};');
INSERT INTO `sign_info_tasks` VALUES (138, 1, '50_27', 'dw用户访问日志,日轻度汇总', 'etl.dispatch.java.dw.Dw_ApplicationLoginLog', '2018-01-09', '2018-01-09 03:16:30', '2018-01-09 03:16:30', '2018-01-09 03:16:30', 1, '脚本执行成功; {\"alarmNotice\":\"{\\\"sms\\\":\\\"18281012309\\\",\\\"email\\\":\\\"yangluchao@shixinyun.com\\\"}\",\"endTimes\":1515438990112,\"groupId\":\"50\",\"personal\":\"yangluchao@shixinyun.com\",\"scriptId\":\"26\",\"scriptName\":\"dw用户访问日志,日轻度汇总\",\"scriptPath\":\"etl.dispatch.java.dw.Dw_ApplicationLoginLog\",\"startTimes\":1515438990027,\"takeEval\":1000,\"taskId\":\"27\",\"taskName\":\"dw用户访问日志,日轻度汇总\"};');
INSERT INTO `sign_info_tasks` VALUES (139, 2, '50', '接口层->ods->dwd->dw任务组', NULL, '2018-01-09', '2018-01-09 03:15:00', '2018-01-09 03:16:30', '2018-01-09 03:16:30', 1, 'Job execution success; time2018-01-09 ,job Group Config [groupId:50 , groupName:接口层->ods->dwd->dw任务组], Contains 6scheduling tasks');
INSERT INTO `sign_info_tasks` VALUES (140, 1, '54_29', 'st趋势分析脚本', 'etl.dispatch.java.st.St_Trend_Analysis', '2018-01-09', '2018-01-09 03:20:00', '2018-01-09 03:20:00', '2018-01-09 03:20:00', 1, '脚本执行成功; {\"alarmNotice\":\"{\\\"sms\\\":\\\"18281012309\\\",\\\"email\\\":\\\"yangluchao@shixinyun.com\\\"}\",\"endTimes\":1515439200079,\"groupId\":\"54\",\"personal\":\"yangluchao@shixinyun.com\",\"scriptId\":\"28\",\"scriptName\":\"st趋势分析脚本\",\"scriptPath\":\"etl.dispatch.java.st.St_Trend_Analysis\",\"startTimes\":1515439200017,\"takeEval\":1000,\"taskId\":\"29\",\"taskName\":\"st趋势分析脚本\"};');
INSERT INTO `sign_info_tasks` VALUES (141, 2, '54', 'st趋势分析', NULL, '2018-01-09', '2018-01-09 03:20:00', '2018-01-09 03:20:00', '2018-01-09 03:20:00', 1, 'Job execution success; time2018-01-09 ,job Group Config [groupId:54 , groupName:st趋势分析], Contains 1scheduling tasks');
INSERT INTO `sign_info_tasks` VALUES (142, 1, '55_30', 'st活跃用户脚本', 'etl.dispatch.java.st.St_Active_User', '2018-01-09', '2018-01-09 03:20:00', '2018-01-09 03:20:00', '2018-01-09 03:20:00', 1, '脚本执行成功; {\"alarmNotice\":\"{\\\"sms\\\":\\\"18281012309\\\",\\\"email\\\":\\\"yangluchao@shixinyun.com\\\"}\",\"endTimes\":1515439200311,\"groupId\":\"55\",\"personal\":\"yangluchao@shixinyun.com\",\"scriptId\":\"29\",\"scriptName\":\"st活跃用户脚本\",\"scriptPath\":\"etl.dispatch.java.st.St_Active_User\",\"startTimes\":1515439200020,\"takeEval\":1000,\"taskId\":\"30\",\"taskName\":\"st活跃用户脚本\"};');
INSERT INTO `sign_info_tasks` VALUES (143, 2, '55', 'st活跃用户脚本', NULL, '2018-01-09', '2018-01-09 03:20:00', '2018-01-09 03:20:00', '2018-01-09 03:20:00', 1, 'Job execution success; time2018-01-09 ,job Group Config [groupId:55 , groupName:st活跃用户脚本], Contains 1scheduling tasks');
INSERT INTO `sign_info_tasks` VALUES (144, 1, '72_28', 'st概览统计脚本', 'etl.dispatch.java.st.St_Overview_Analysis', '2018-01-09', '2018-01-09 03:20:00', '2018-01-09 03:20:00', '2018-01-09 03:20:00', 1, '脚本执行成功; {\"alarmNotice\":\"{\\\"sms\\\":\\\"18281012309\\\",\\\"email\\\":\\\"yangluchao@shixinyun.com\\\"}\",\"endTimes\":1515439200360,\"groupId\":\"72\",\"personal\":\"yangluchao@shixinyun.com\",\"scriptId\":\"27\",\"scriptName\":\"st概览统计脚本\",\"scriptPath\":\"etl.dispatch.java.st.St_Overview_Analysis\",\"startTimes\":1515439200065,\"takeEval\":1000,\"taskId\":\"28\",\"taskName\":\"st概览统计脚本\"};');
INSERT INTO `sign_info_tasks` VALUES (145, 2, '72', '概览统计St层汇总', NULL, '2018-01-09', '2018-01-09 03:20:00', '2018-01-09 03:20:00', '2018-01-09 03:20:00', 1, 'Job execution success; time2018-01-09 ,job Group Config [groupId:72 , groupName:概览统计St层汇总], Contains 1scheduling tasks');
INSERT INTO `sign_info_tasks` VALUES (146, 1, '69_38', 'st访问用户地域分析', 'etl.dispatch.java.st.St_Area_Analysis', '2018-01-09', '2018-01-09 03:20:00', '2018-01-09 03:21:00', '2018-01-09 03:21:00', 1, '脚本执行成功; {\"alarmNotice\":\"{\\\"sms\\\":\\\"18281012309\\\",\\\"email\\\":\\\"yangluchao@shixinyun.com\\\"}\",\"endTimes\":1515439260024,\"groupId\":\"69\",\"personal\":\"yangluchao@shixinyun.com\",\"scriptId\":\"37\",\"scriptName\":\"st访问用户地域分析\",\"scriptPath\":\"etl.dispatch.java.st.St_Area_Analysis\",\"startTimes\":1515439200059,\"takeEval\":1000,\"taskId\":\"38\",\"taskName\":\"st访问用户地域分析\"};');
INSERT INTO `sign_info_tasks` VALUES (147, 2, '69', '访问用户地域st层汇总 ', NULL, '2018-01-09', '2018-01-09 03:20:00', '2018-01-09 03:21:00', '2018-01-09 03:21:00', 1, 'Job execution success; time2018-01-09 ,job Group Config [groupId:69 , groupName:访问用户地域st层汇总 ], Contains 1scheduling tasks');
INSERT INTO `sign_info_tasks` VALUES (148, 1, '67_37', 'st访问用户属性分析', 'etl.dispatch.java.st.St_User_Analysis', '2018-01-09', '2018-01-09 03:20:00', '2018-01-09 03:21:08', '2018-01-09 03:21:07', 1, '脚本执行成功; {\"alarmNotice\":\"{\\\"sms\\\":\\\"18281012309\\\",\\\"email\\\":\\\"yangluchao@shixinyun.com\\\"}\",\"endTimes\":1515439267744,\"groupId\":\"67\",\"personal\":\"yangluchao@shixinyun.com\",\"scriptId\":\"36\",\"scriptName\":\"st访问用户属性分析\",\"scriptPath\":\"etl.dispatch.java.st.St_User_Analysis\",\"startTimes\":1515439200051,\"takeEval\":1000,\"taskId\":\"37\",\"taskName\":\"st访问用户属性分析\"};');
INSERT INTO `sign_info_tasks` VALUES (149, 2, '67', 'st访问用户属性分析', NULL, '2018-01-09', '2018-01-09 03:20:00', '2018-01-09 03:21:08', '2018-01-09 03:21:07', 1, 'Job execution success; time2018-01-09 ,job Group Config [groupId:67 , groupName:st访问用户属性分析], Contains 1scheduling tasks');
INSERT INTO `sign_info_tasks` VALUES (150, 1, '56_31', 'st新增用户首次使用日留存', 'etl.dispatch.java.st.St_New_User_Retain_Ds', '2018-01-09', '2018-01-09 03:22:00', '2018-01-09 03:22:00', '2018-01-09 03:22:00', 1, '脚本执行成功; {\"alarmNotice\":\"{\\\"sms\\\":\\\"18281012309\\\",\\\"email\\\":\\\"yangluchao@shixinyun.com\\\"}\",\"endTimes\":1515439320349,\"groupId\":\"56\",\"personal\":\"yangluchao@shixinyun.com\",\"scriptId\":\"30\",\"scriptName\":\"st新增用户首次使用日留存\",\"scriptPath\":\"etl.dispatch.java.st.St_New_User_Retain_Ds\",\"startTimes\":1515439320016,\"takeEval\":1000,\"taskId\":\"31\",\"taskName\":\"st新增用户首次使用日留存\"};');
INSERT INTO `sign_info_tasks` VALUES (151, 2, '56', 'st新增用户首次使用日留存', NULL, '2018-01-09', '2018-01-09 03:22:00', '2018-01-09 03:22:00', '2018-01-09 03:22:00', 1, 'Job execution success; time2018-01-09 ,job Group Config [groupId:56 , groupName:st新增用户首次使用日留存], Contains 1scheduling tasks');
INSERT INTO `sign_info_tasks` VALUES (152, 1, '64_34', 'st活跃用户日留存', 'etl.dispatch.java.st.St_Active_User_Retain_Ds', '2018-01-09', '2018-01-09 03:22:00', '2018-01-09 03:22:01', '2018-01-09 03:22:01', 1, '脚本执行成功; {\"alarmNotice\":\"{\\\"sms\\\":\\\"18281012309\\\",\\\"email\\\":\\\"yangluchao@shixinyun.com\\\"}\",\"endTimes\":1515439321208,\"groupId\":\"64\",\"personal\":\"yangluchao@shixinyun.com\",\"scriptId\":\"33\",\"scriptName\":\"st活跃用户日留存\",\"scriptPath\":\"etl.dispatch.java.st.St_Active_User_Retain_Ds\",\"startTimes\":1515439320022,\"takeEval\":1000,\"taskId\":\"34\",\"taskName\":\"st活跃用户日留存\"};');
INSERT INTO `sign_info_tasks` VALUES (153, 2, '64', 'st活跃用户日留存', NULL, '2018-01-09', '2018-01-09 03:22:00', '2018-01-09 03:22:01', '2018-01-09 03:22:01', 1, 'Job execution success; time2018-01-09 ,job Group Config [groupId:64 , groupName:st活跃用户日留存], Contains 1scheduling tasks');
INSERT INTO `sign_info_tasks` VALUES (154, 1, '70_60', 'st访问用户终端连网方式分析', 'etl.dispatch.java.st.St_Terminal_Network_Analysis', '2018-01-09', '2018-01-09 03:25:00', '2018-01-09 03:25:02', '2018-01-09 03:25:01', 1, '脚本执行成功; {\"alarmNotice\":\"{\\\"sms\\\":\\\"18939195459,13462401088\\\",\\\"email\\\":\\\"yangluchao@shixinyun.com\\\"}\",\"endTimes\":1515439501533,\"groupId\":\"70\",\"personal\":\"yangluchao@shixinyun.com\",\"scriptId\":\"60\",\"scriptName\":\"st访问用户终端联网方式分析\",\"scriptPath\":\"etl.dispatch.java.st.St_Terminal_Network_Analysis\",\"startTimes\":1515439500020,\"takeEval\":10000,\"taskId\":\"60\",\"taskName\":\"st访问用户终端连网方式分析\"};');
INSERT INTO `sign_info_tasks` VALUES (155, 1, '70_59', 'st访问用户终端运营商分析', 'etl.dispatch.java.st.St_Terminal_Isp_Analysis', '2018-01-09', '2018-01-09 03:25:00', '2018-01-09 03:25:02', '2018-01-09 03:25:01', 1, '脚本执行成功; {\"alarmNotice\":\"{\\\"sms\\\":\\\"18939195459,13462401088\\\",\\\"email\\\":\\\"yangluchao@shixinyun.com\\\"}\",\"endTimes\":1515439501868,\"groupId\":\"70\",\"personal\":\"yangluchao@shixinyun.com\",\"scriptId\":\"59\",\"scriptName\":\"st访问用户终端运营商分析\",\"scriptPath\":\"etl.dispatch.java.st.St_Terminal_Isp_Analysis\",\"startTimes\":1515439500020,\"takeEval\":10000,\"taskId\":\"59\",\"taskName\":\"st访问用户终端运营商分析\"};');
INSERT INTO `sign_info_tasks` VALUES (156, 1, '70_58', 'st访问用户终端操作系统分析', 'etl.dispatch.java.st.St_Terminal_Os_Analysis', '2018-01-09', '2018-01-09 03:25:00', '2018-01-09 03:25:02', '2018-01-09 03:25:01', 1, '脚本执行成功; {\"alarmNotice\":\"{\\\"sms\\\":\\\"18939195459,13462401088\\\",\\\"email\\\":\\\"yangluchao@shixinyun.com\\\"}\",\"endTimes\":1515439501997,\"groupId\":\"70\",\"personal\":\"yangluchao@shixinyun.com\",\"scriptId\":\"58\",\"scriptName\":\"st访问用户终端操作系统分析\",\"scriptPath\":\"etl.dispatch.java.st.St_Terminal_Os_Analysis\",\"startTimes\":1515439500019,\"takeEval\":10000,\"taskId\":\"58\",\"taskName\":\"st访问用户终端操作系统分析\"};');
INSERT INTO `sign_info_tasks` VALUES (157, 1, '70_39', 'st访问用户终端设备分析', 'etl.dispatch.java.st.St_Terminal_Manufacturer_Analysis', '2018-01-09', '2018-01-09 03:25:00', '2018-01-09 03:25:09', '2018-01-09 03:25:08', 1, '脚本执行成功; {\"alarmNotice\":\"{\\\"sms\\\":\\\"18281012309\\\",\\\"email\\\":\\\"yangluchao@shixinyun.com\\\"}\",\"endTimes\":1515439508541,\"groupId\":\"70\",\"personal\":\"yangluchao@shixinyun.com\",\"scriptId\":\"38\",\"scriptName\":\"st访问用户终端设备分析\",\"scriptPath\":\"etl.dispatch.java.st.St_Terminal_Manufacturer_Analysis\",\"startTimes\":1515439500019,\"takeEval\":1000,\"taskId\":\"39\",\"taskName\":\"st访问用户终端设备分析\"};');
INSERT INTO `sign_info_tasks` VALUES (158, 2, '70', '访问用户终端st层汇总', NULL, '2018-01-09', '2018-01-09 03:25:00', '2018-01-09 03:25:09', '2018-01-09 03:25:08', 1, 'Job execution success; time2018-01-09 ,job Group Config [groupId:70 , groupName:访问用户终端st层汇总], Contains 4scheduling tasks');
INSERT INTO `sign_info_tasks` VALUES (231, 1, '76_65', 'dwd自定义事件分析', 'etl.dispatch.java.dwd.Dwd_ApplicationEventReport', '2018-01-09', '2018-01-09 15:35:01', '2018-01-09 15:43:50', '2018-01-09 15:43:49', 1, '脚本执行成功; {\"alarmNotice\":\"{\\\"sms\\\":\\\"18281012309\\\",\\\"email\\\":\\\"yangluchao@shixinyun.com\\\"}\",\"endTimes\":1515483830298,\"groupId\":\"76\",\"personal\":\"xucong@shixinyun.com\",\"scriptId\":\"66\",\"scriptName\":\"dwd自定义事件分析\",\"scriptPath\":\"etl.dispatch.java.dwd.Dwd_ApplicationEventReport\",\"startTimes\":1515483301094,\"takeEval\":1000,\"taskId\":\"65\",\"taskName\":\"dwd自定义事件分析\"};');
INSERT INTO `sign_info_tasks` VALUES (232, 1, '76_66', 'dw自定义事件分析', 'etl.dispatch.java.dw.Dw_ApplicationEventReport', '2018-01-09', '2018-01-09 15:44:02', '2018-01-09 15:46:07', '2018-01-09 15:46:06', 1, '脚本执行成功; {\"alarmNotice\":\"{\\\"sms\\\":\\\"18281012309\\\",\\\"email\\\":\\\"yangluchao@shixinyun.com\\\"}\",\"endTimes\":1515483967413,\"groupId\":\"76\",\"personal\":\"xucong@shixinyun.com\",\"scriptId\":\"67\",\"scriptName\":\"dw自定义事件分析\",\"scriptPath\":\"etl.dispatch.java.dw.Dw_ApplicationEventReport\",\"startTimes\":1515483842112,\"takeEval\":1000,\"taskId\":\"66\",\"taskName\":\"dw自定义事件分析\"};');
INSERT INTO `sign_info_tasks` VALUES (236, 1, '76_67', 'st自定义事件分析', 'etl.dispatch.java.st.St_ApplicationEventReport', '2018-01-09', '2018-01-09 15:46:32', '2018-01-09 16:12:33', '2018-01-09 16:12:32', 1, '脚本执行超时; {\"alarmNotice\":\"{\\\"sms\\\":\\\"18281012309\\\",\\\"email\\\":\\\"yangluchao@shixinyun.com\\\"}\",\"endTimes\":1515485553399,\"groupId\":\"76\",\"personal\":\"xucong@shixinyun.com\",\"scriptId\":\"68\",\"scriptName\":\"st自定义事件分析\",\"scriptPath\":\"etl.dispatch.java.st.St_ApplicationEventReport\",\"startTimes\":1515483992416,\"takeEval\":1000,\"taskId\":\"67\",\"taskName\":\"st自定义事件分析\"}; 共计耗时:1560秒 , 超时:560秒');
INSERT INTO `sign_info_tasks` VALUES (237, 2, '76', '自定义事件任务组', NULL, '2018-01-09', '2018-01-09 15:35:00', '2018-01-09 16:12:34', '2018-01-09 16:12:32', 1, 'Job execution success; time2018-01-09 ,job Group Config [groupId:76 , groupName:自定义事件任务组], Contains 3scheduling tasks');
INSERT INTO `sign_info_tasks` VALUES (247, 1, '77_71', '日程统计分析采集', 'etl.dispatch.gather.bgmgr.schedule.offline.ScheduleInfoGatherService', '2018-01-09', '2018-01-09 18:29:21', '2018-01-09 18:29:52', '2018-01-09 18:29:51', 1, '脚本执行成功; {\"alarmNotice\":\"{\\\"sms\\\":\\\"18281012309\\\",\\\"email\\\":\\\"yangluchao@shixinyun.com\\\"}\",\"endTimes\":1515493791870,\"groupId\":\"77\",\"personal\":\"xucong@shixinyun.com\",\"scriptId\":\"69\",\"scriptName\":\"日程统计分析采集\",\"scriptPath\":\"etl.dispatch.gather.bgmgr.schedule.offline.ScheduleInfoGatherService\",\"startTimes\":1515493761493,\"takeEval\":1000,\"taskId\":\"71\",\"taskName\":\"日程统计分析采集\"};');
INSERT INTO `sign_info_tasks` VALUES (249, 1, '77_68', 'dwd日程统计分析', 'etl.dispatch.java.dwd.Dwd_ScheduleInfoService', '2018-01-09', '2018-01-09 18:30:22', '2018-01-09 18:30:22', '2018-01-09 18:30:21', 1, '脚本执行成功; {\"alarmNotice\":\"{\\\"sms\\\":\\\"18281012309\\\",\\\"email\\\":\\\"yangluchao@shixinyun.com\\\"}\",\"endTimes\":1515493821668,\"groupId\":\"77\",\"personal\":\"xucong@shixinyun.com\",\"scriptId\":\"70\",\"scriptName\":\"Dwd日程统计分析\",\"scriptPath\":\"etl.dispatch.java.dwd.Dwd_ScheduleInfoService\",\"startTimes\":1515493821528,\"takeEval\":10000,\"taskId\":\"68\",\"taskName\":\"dwd日程统计分析\"};');
INSERT INTO `sign_info_tasks` VALUES (252, 1, '77_69', 'Dw日程统计分析', 'etl.dispatch.java.dw.Dw_ScheduleInfoService', '2018-01-09', '2018-01-09 18:30:52', '2018-01-09 18:30:52', '2018-01-09 18:30:51', 1, '脚本执行成功; {\"alarmNotice\":\"{\\\"sms\\\":\\\"18281012309\\\",\\\"email\\\":\\\"yangluchao@shixinyun.com\\\"}\",\"endTimes\":1515493851611,\"groupId\":\"77\",\"personal\":\"xucong@shixinyun.com\",\"scriptId\":\"71\",\"scriptName\":\"Dw日程统计分析\",\"scriptPath\":\"etl.dispatch.java.dw.Dw_ScheduleInfoService\",\"startTimes\":1515493851530,\"takeEval\":10000,\"taskId\":\"69\",\"taskName\":\"Dw日程统计分析\"};');
INSERT INTO `sign_info_tasks` VALUES (253, 1, '77_70', 'St日程统计分析', 'etl.dispatch.java.st.St_ScheduleInfoService', '2018-01-09', '2018-01-09 18:31:22', '2018-01-09 18:31:22', '2018-01-09 18:31:21', 1, '脚本执行成功; {\"alarmNotice\":\"{\\\"sms\\\":\\\"18281012309\\\",\\\"email\\\":\\\"yangluchao@shixinyun.com\\\"}\",\"endTimes\":1515493881716,\"groupId\":\"77\",\"personal\":\"xucong@shixinyun.com\",\"scriptId\":\"72\",\"scriptName\":\"St日程统计分析\",\"scriptPath\":\"etl.dispatch.java.st.St_ScheduleInfoService\",\"startTimes\":1515493881532,\"takeEval\":10000,\"taskId\":\"70\",\"taskName\":\"St日程统计分析\"};');
INSERT INTO `sign_info_tasks` VALUES (254, 2, '77', NULL, NULL, '2018-01-09', '2018-01-09 18:29:21', '2018-01-09 18:31:22', '2018-01-09 18:31:21', 1, 'Etl调度任务组 执行完毕 ; job Group Config [groupId:77 , groupName:日程统计分析任务组], 涵盖4个调度任务');
INSERT INTO `sign_info_tasks` VALUES (300, 1, '75_64', '日程即时任务', 'etl.dispatch.gather.bgmgr.schedule.online.ScheduleInfoOnLineService', '2018-01-09', '2018-01-09 23:30:00', '2018-01-09 23:30:00', '2018-01-09 23:30:00', 1, '脚本执行成功; {\"alarmNotice\":\"{\\\"sms\\\":\\\"18939195459,13462401088\\\",\\\"email\\\":\\\"yangluchao@shixinyun.com\\\"}\",\"endTimes\":1515511800182,\"groupId\":\"75\",\"personal\":\"yangluchao@shixinyun.com\",\"scriptId\":\"65\",\"scriptName\":\"日程即时采集统计\",\"scriptPath\":\"etl.dispatch.gather.bgmgr.schedule.online.ScheduleInfoOnLineService\",\"startTimes\":1515511800063,\"takeEval\":10000,\"taskId\":\"64\",\"taskName\":\"日程即时任务\"};');
INSERT INTO `sign_info_tasks` VALUES (301, 2, '75', '日程实时任务', NULL, '2018-01-09', '2018-01-09 23:30:00', '2018-01-09 23:30:00', '2018-01-09 23:30:00', 1, 'Job execution success; time2018-01-09 ,job Group Config [groupId:75 , groupName:日程实时任务], Contains 1scheduling tasks');
INSERT INTO `sign_info_tasks` VALUES (302, 1, '74_62', '在线实时数据拉取', 'etl.dispatch.gather.bgmgr.onlinetime.Online_Time_Gather', '2018-01-09', '2018-01-09 23:30:00', '2018-01-09 23:30:00', '2018-01-09 23:30:00', 1, '脚本执行成功; {\"alarmNotice\":\"{\\\"sms\\\":\\\"18939195459,13462401088\\\",\\\"email\\\":\\\"yangluchao@shixinyun.com\\\"}\",\"endTimes\":1515511800202,\"groupId\":\"74\",\"personal\":\"yangluchao@shixinyun.com\",\"scriptId\":\"63\",\"scriptName\":\"在线时长即时采集\",\"scriptPath\":\"etl.dispatch.gather.bgmgr.onlinetime.Online_Time_Gather\",\"startTimes\":1515511800045,\"takeEval\":10000,\"taskId\":\"62\",\"taskName\":\"在线实时数据拉取\"};');
INSERT INTO `sign_info_tasks` VALUES (303, 1, '74_63', '在线实时数据统计', 'etl.dispatch.gather.bgmgr.onlinetime.Online_Time_Statis', '2018-01-09', '2018-01-09 23:30:30', '2018-01-09 23:30:30', '2018-01-09 23:30:30', 1, '脚本执行成功; {\"alarmNotice\":\"{\\\"sms\\\":\\\"18939195459,13462401088\\\",\\\"email\\\":\\\"yangluchao@shixinyun.com\\\"}\",\"endTimes\":1515511830160,\"groupId\":\"74\",\"personal\":\"yangluchao@shixinyun.com\",\"scriptId\":\"64\",\"scriptName\":\"在线时长即时统计\",\"scriptPath\":\"etl.dispatch.gather.bgmgr.onlinetime.Online_Time_Statis\",\"startTimes\":1515511830051,\"takeEval\":10000,\"taskId\":\"63\",\"taskName\":\"在线实时数据统计\"};');
INSERT INTO `sign_info_tasks` VALUES (304, 2, '74', '在线时长实时任务', NULL, '2018-01-09', '2018-01-09 23:30:00', '2018-01-09 23:30:30', '2018-01-09 23:30:30', 1, 'Job execution success; time2018-01-09 ,job Group Config [groupId:74 , groupName:在线时长实时任务], Contains 2scheduling tasks');
INSERT INTO `sign_info_tasks` VALUES (340, 1, '48_48', 'ods引擎信息数据清洗', 'etl.dispatch.java.ods.Ods_EngineMessageLog', '2018-01-10', '2018-01-10 03:13:00', '2018-01-10 03:13:00', '2018-01-10 03:13:00', 0, '脚本执行异常; ScriptBean [groupId=48, taskId=48, taskName=ods引擎信息数据清洗, scriptId=47, scriptName=ods引擎信息数据清洗, scriptPath=etl.dispatch.java.ods.Ods_EngineMessageLog, paramMap=null, personal=yangluchao@shixinyun.com, takeEval=10000, alarmNotice={\"sms\":\"18281012309\",\"email\":\"yangluchao@shixinyun.com\"}, startTimes=1515525180069, endTimes=1515525180348, serviceIp=null]; error :fatal error while do java script Ods.EngineMessage, DataBase IP :125.208.1.67,message: Unknown column \'e.sn\' in \'field list\'');
INSERT INTO `sign_info_tasks` VALUES (341, 1, '48_49', 'ods引擎单人视频语音数据清洗', 'etl.dispatch.java.ods.Ods_SingleCallLog', '2018-01-10', '2018-01-10 03:13:00', '2018-01-10 03:13:00', '2018-01-10 03:13:00', 1, '脚本执行成功; {\"alarmNotice\":\"{\\\"sms\\\":\\\"18281012309\\\",\\\"email\\\":\\\"yangluchao@shixinyun.com\\\"}\",\"endTimes\":1515525180360,\"groupId\":\"48\",\"personal\":\"yangluchao@shixinyun.com\",\"scriptId\":\"48\",\"scriptName\":\"ods引擎单人视频语音数据清洗\",\"scriptPath\":\"etl.dispatch.java.ods.Ods_SingleCallLog\",\"startTimes\":1515525180070,\"takeEval\":10000,\"taskId\":\"49\",\"taskName\":\"ods引擎单人视频语音数据清洗\"};');
INSERT INTO `sign_info_tasks` VALUES (342, 1, '48_50', ' ods引擎多人视频语音数据清洗', 'etl.dispatch.java.ods.Ods_MultiCallLog', '2018-01-10', '2018-01-10 03:13:00', '2018-01-10 03:13:00', '2018-01-10 03:13:00', 1, '脚本执行成功; {\"alarmNotice\":\"{\\\"sms\\\":\\\"18281012309\\\",\\\"email\\\":\\\"yangluchao@shixinyun.com\\\"}\",\"endTimes\":1515525180360,\"groupId\":\"48\",\"personal\":\"yangluchao@shixinyun.com\",\"scriptId\":\"49\",\"scriptName\":\"ods引擎多人视频语音数据清洗\",\"scriptPath\":\"etl.dispatch.java.ods.Ods_MultiCallLog\",\"startTimes\":1515525180070,\"takeEval\":10000,\"taskId\":\"50\",\"taskName\":\" ods引擎多人视频语音数据清洗\"};');
INSERT INTO `sign_info_tasks` VALUES (343, 1, '51_18', 'dwd错误崩溃数据增强', 'etl.dispatch.java.dwd.Dwd_ApplicationErrorReport', '2018-01-10', '2018-01-10 03:13:00', '2018-01-10 03:13:00', '2018-01-10 03:13:00', 1, '脚本执行成功; {\"alarmNotice\":\"{\\\"sms\\\":\\\"18281012309\\\",\\\"email\\\":\\\"yangluchao@shixinyun.com\\\"}\",\"endTimes\":1515525180370,\"groupId\":\"51\",\"personal\":\"yangluchao@shixinyun.com\",\"scriptId\":\"18\",\"scriptName\":\"dwd错误崩溃数据增强\",\"scriptPath\":\"etl.dispatch.java.dwd.Dwd_ApplicationErrorReport\",\"startTimes\":1515525180102,\"takeEval\":1000,\"taskId\":\"18\",\"taskName\":\"dwd错误崩溃数据增强\"};');
INSERT INTO `sign_info_tasks` VALUES (344, 1, '48_52', 'dwd引擎多人语音视频数据增强', 'etl.dispatch.java.dwd.Dwd_SingleCallLog', '2018-01-10', '2018-01-10 03:13:30', '2018-01-10 03:13:30', '2018-01-10 03:13:30', 1, '脚本执行成功; {\"alarmNotice\":\"{\\\"sms\\\":\\\"18281012309\\\",\\\"email\\\":\\\"yangluchao@shixinyun.com\\\"}\",\"endTimes\":1515525210203,\"groupId\":\"48\",\"personal\":\"yangluchao@shixinyun.com\",\"scriptId\":\"52\",\"scriptName\":\"dwd引擎多人语音视频数据增强\",\"scriptPath\":\"etl.dispatch.java.dwd.Dwd_SingleCallLog\",\"startTimes\":1515525210078,\"takeEval\":10000,\"taskId\":\"52\",\"taskName\":\"dwd引擎多人语音视频数据增强\"};');
INSERT INTO `sign_info_tasks` VALUES (345, 1, '48_53', 'dwd引擎多人语音视频数据增强', 'etl.dispatch.java.dwd.Dwd_SingleCallLog', '2018-01-10', '2018-01-10 03:13:30', '2018-01-10 03:13:30', '2018-01-10 03:13:30', 1, '脚本执行成功; {\"alarmNotice\":\"{\\\"sms\\\":\\\"18281012309\\\",\\\"email\\\":\\\"yangluchao@shixinyun.com\\\"}\",\"endTimes\":1515525210203,\"groupId\":\"48\",\"personal\":\"yangluchao@shixinyun.com\",\"scriptId\":\"52\",\"scriptName\":\"dwd引擎多人语音视频数据增强\",\"scriptPath\":\"etl.dispatch.java.dwd.Dwd_SingleCallLog\",\"startTimes\":1515525210079,\"takeEval\":10000,\"taskId\":\"53\",\"taskName\":\"dwd引擎多人语音视频数据增强\"};');
INSERT INTO `sign_info_tasks` VALUES (346, 1, '51_20', 'dw错误崩溃,日轻度汇总', 'etl.dispatch.java.dw.Dw_ApplicationErrorReport', '2018-01-10', '2018-01-10 03:13:30', '2018-01-10 03:13:30', '2018-01-10 03:13:30', 1, '脚本执行成功; {\"alarmNotice\":\"{\\\"sms\\\":\\\"18281012309\\\",\\\"email\\\":\\\"yangluchao@shixinyun.com\\\"}\",\"endTimes\":1515525210204,\"groupId\":\"51\",\"personal\":\"yangluchao@shixinyun.com\",\"scriptId\":\"19\",\"scriptName\":\"dw错误崩溃,日轻度汇总\",\"scriptPath\":\"etl.dispatch.java.dw.Dw_ApplicationErrorReport\",\"startTimes\":1515525210106,\"takeEval\":1000,\"taskId\":\"20\",\"taskName\":\"dw错误崩溃,日轻度汇总\"};');
INSERT INTO `sign_info_tasks` VALUES (347, 1, '48_51', 'dwd引擎信息数据增强', 'etl.dispatch.java.dwd.Dwd_EngineMessageLog', '2018-01-10', '2018-01-10 03:13:30', '2018-01-10 03:13:30', '2018-01-10 03:13:30', 1, '脚本执行成功; {\"alarmNotice\":\"{\\\"sms\\\":\\\"18281012309\\\",\\\"email\\\":\\\"yangluchao@shixinyun.com\\\"}\",\"endTimes\":1515525210238,\"groupId\":\"48\",\"personal\":\"yangluchao@shixinyun.com\",\"scriptId\":\"50\",\"scriptName\":\"dwd引擎信息数据增强\",\"scriptPath\":\"etl.dispatch.java.dwd.Dwd_EngineMessageLog\",\"startTimes\":1515525210078,\"takeEval\":10000,\"taskId\":\"51\",\"taskName\":\"dwd引擎信息数据增强\"};');
INSERT INTO `sign_info_tasks` VALUES (348, 1, '48_54', 'dw引擎信息数据轻度汇总', 'etl.dispatch.java.dw.Dw_EngineMessageLog', '2018-01-10', '2018-01-10 03:14:00', '2018-01-10 03:14:00', '2018-01-10 03:14:00', 1, '脚本执行成功; {\"alarmNotice\":\"{\\\"sms\\\":\\\"18281012309\\\",\\\"email\\\":\\\"yangluchao@shixinyun.com\\\"}\",\"endTimes\":1515525240169,\"groupId\":\"48\",\"personal\":\"yangluchao@shixinyun.com\",\"scriptId\":\"53\",\"scriptName\":\"dw引擎信息数据轻度汇总\",\"scriptPath\":\"etl.dispatch.java.dw.Dw_EngineMessageLog\",\"startTimes\":1515525240080,\"takeEval\":10000,\"taskId\":\"54\",\"taskName\":\"dw引擎信息数据轻度汇总\"};');
INSERT INTO `sign_info_tasks` VALUES (349, 1, '48_56', 'dw引擎多人语音视屏数据轻度汇总', 'etl.dispatch.java.dw.Dw_MutliCallLog', '2018-01-10', '2018-01-10 03:14:00', '2018-01-10 03:14:00', '2018-01-10 03:14:00', 1, '脚本执行成功; {\"alarmNotice\":\"{\\\"sms\\\":\\\"18281012309\\\",\\\"email\\\":\\\"yangluchao@shixinyun.com\\\"}\",\"endTimes\":1515525240189,\"groupId\":\"48\",\"personal\":\"yangluchao@shixinyun.com\",\"scriptId\":\"55\",\"scriptName\":\"dw引擎多人语音视屏数据轻度汇总\",\"scriptPath\":\"etl.dispatch.java.dw.Dw_MutliCallLog\",\"startTimes\":1515525240080,\"takeEval\":1000,\"taskId\":\"56\",\"taskName\":\"dw引擎多人语音视屏数据轻度汇总\"};');
INSERT INTO `sign_info_tasks` VALUES (350, 1, '48_55', 'dw引擎单人语音视频数据轻度汇总', 'etl.dispatch.java.dw.Dw_SingleCallLog', '2018-01-10', '2018-01-10 03:14:00', '2018-01-10 03:14:00', '2018-01-10 03:14:00', 1, '脚本执行成功; {\"alarmNotice\":\"{\\\"sms\\\":\\\"18281012309\\\",\\\"email\\\":\\\"yangluchao@shixinyun.com\\\"}\",\"endTimes\":1515525240189,\"groupId\":\"48\",\"personal\":\"yangluchao@shixinyun.com\",\"scriptId\":\"54\",\"scriptName\":\"dw引擎单人语音视频数据轻度汇总\",\"scriptPath\":\"etl.dispatch.java.dw.Dw_SingleCallLog\",\"startTimes\":1515525240080,\"takeEval\":10000,\"taskId\":\"55\",\"taskName\":\"dw引擎单人语音视频数据轻度汇总\"};');
INSERT INTO `sign_info_tasks` VALUES (351, 1, '51_22', 'st错误崩溃,日汇总脚本', 'etl.dispatch.java.st.St_ApplicationErrorReport', '2018-01-10', '2018-01-10 03:14:00', '2018-01-10 03:14:00', '2018-01-10 03:14:00', 1, '脚本执行成功; {\"alarmNotice\":\"{\\\"sms\\\":\\\"18281012309\\\",\\\"email\\\":\\\"yangluchao@shixinyun.com\\\"}\",\"endTimes\":1515525240190,\"groupId\":\"51\",\"personal\":\"yangluchao@shixinyun.com\",\"scriptId\":\"21\",\"scriptName\":\"st错误崩溃日汇总\",\"scriptPath\":\"etl.dispatch.java.st.St_ApplicationErrorReport\",\"startTimes\":1515525240107,\"takeEval\":1000,\"taskId\":\"22\",\"taskName\":\"st错误崩溃,日汇总脚本\"};');
INSERT INTO `sign_info_tasks` VALUES (352, 2, '51', '埋点分析任务组', NULL, '2018-01-10', '2018-01-10 03:13:00', '2018-01-10 03:14:00', '2018-01-10 03:14:00', 1, 'Job execution success; time2018-01-10 ,job Group Config [groupId:51 , groupName:埋点分析任务组], Contains 3scheduling tasks');
INSERT INTO `sign_info_tasks` VALUES (353, 1, '48_57', 'st引擎功能统计', 'etl.dispatch.java.st.St_Engine_Function_Statistic', '2018-01-10', '2018-01-10 03:14:30', '2018-01-10 03:14:30', '2018-01-10 03:14:30', 1, '脚本执行成功; {\"alarmNotice\":\"{\\\"sms\\\":\\\"18281012309\\\",\\\"email\\\":\\\"yangluchao@shixinyun.com\\\"}\",\"endTimes\":1515525270256,\"groupId\":\"48\",\"personal\":\"yangluchao@shixinyun.com\",\"scriptId\":\"56\",\"scriptName\":\"st引擎功能统计\",\"scriptPath\":\"etl.dispatch.java.st.St_Engine_Function_Statistic\",\"startTimes\":1515525270116,\"takeEval\":10000,\"taskId\":\"57\",\"taskName\":\"st引擎功能统计\"};');
INSERT INTO `sign_info_tasks` VALUES (354, 2, '48', 'Cube引擎统计任务组', NULL, '2018-01-10', '2018-01-10 03:13:00', '2018-01-10 03:14:30', '2018-01-10 03:14:30', 0, 'Job execution success; time2018-01-10 ,job Group Config [groupId:48 , groupName:Cube引擎统计任务组], Contains 10scheduling tasks');
INSERT INTO `sign_info_tasks` VALUES (355, 1, '50_23', 'ods用户访问数据清洗转换', 'etl.dispatch.java.ods.Ods_ApplicationLoginLog', '2018-01-10', '2018-01-10 03:15:00', '2018-01-10 03:15:00', '2018-01-10 03:15:00', 1, '脚本执行成功; {\"alarmNotice\":\"{\\\"sms\\\":\\\"18281012309\\\",\\\"email\\\":\\\"yangluchao@shixinyun.com\\\"}\",\"endTimes\":1515525300118,\"groupId\":\"50\",\"personal\":\"yangluchao@shixinyun.com\",\"scriptId\":\"23\",\"scriptName\":\"ods用户访问数据清洗转换\",\"scriptPath\":\"etl.dispatch.java.ods.Ods_ApplicationLoginLog\",\"startTimes\":1515525300023,\"takeEval\":1000,\"taskId\":\"23\",\"taskName\":\"ods用户访问数据清洗转换\"};');
INSERT INTO `sign_info_tasks` VALUES (356, 1, '50_24', 'ods注册用户数据清洗转换', 'etl.dispatch.java.ods.Ods_ApplicationUserInfo', '2018-01-10', '2018-01-10 03:15:00', '2018-01-10 03:16:13', '2018-01-10 03:16:12', 1, '脚本执行成功; {\"alarmNotice\":\"{\\\"sms\\\":\\\"18281012309\\\",\\\"email\\\":\\\"yangluchao@shixinyun.com\\\"}\",\"endTimes\":1515525372710,\"groupId\":\"50\",\"personal\":\"yangluchao@shixinyun.com\",\"scriptId\":\"22\",\"scriptName\":\"ods注册用户数据清洗转换\",\"scriptPath\":\"etl.dispatch.java.ods.Ods_ApplicationUserInfo\",\"startTimes\":1515525300024,\"takeEval\":1000,\"taskId\":\"24\",\"taskName\":\"ods注册用户数据清洗转换\"};');
INSERT INTO `sign_info_tasks` VALUES (357, 1, '50_26', 'dwd用户访问数据增强', 'etl.dispatch.java.dwd.Dwd_ApplicationLoginLog', '2018-01-10', '2018-01-10 03:16:30', '2018-01-10 03:16:30', '2018-01-10 03:16:30', 1, '脚本执行成功; {\"alarmNotice\":\"{\\\"sms\\\":\\\"18281012309\\\",\\\"email\\\":\\\"yangluchao@shixinyun.com\\\"}\",\"endTimes\":1515525390159,\"groupId\":\"50\",\"personal\":\"yangluchao@shixinyun.com\",\"scriptId\":\"25\",\"scriptName\":\"dwd用户访问数据增强\",\"scriptPath\":\"etl.dispatch.java.dwd.Dwd_ApplicationLoginLog\",\"startTimes\":1515525390043,\"takeEval\":1000,\"taskId\":\"26\",\"taskName\":\"dwd用户访问数据增强\"};');
INSERT INTO `sign_info_tasks` VALUES (358, 1, '50_25', 'dwd注册用户数据增强', 'etl.dispatch.java.dwd.Dwd_ApplicationUserInfo', '2018-01-10', '2018-01-10 03:16:30', '2018-01-10 03:16:30', '2018-01-10 03:16:30', 1, '脚本执行成功; {\"alarmNotice\":\"{\\\"sms\\\":\\\"18281012309\\\",\\\"email\\\":\\\"yangluchao@shixinyun.com\\\"}\",\"endTimes\":1515525390366,\"groupId\":\"50\",\"personal\":\"yangluchao@shixinyun.com\",\"scriptId\":\"24\",\"scriptName\":\"dwd注册用户数据增强\",\"scriptPath\":\"etl.dispatch.java.dwd.Dwd_ApplicationUserInfo\",\"startTimes\":1515525390042,\"takeEval\":1000,\"taskId\":\"25\",\"taskName\":\"dwd注册用户数据增强\"};');
INSERT INTO `sign_info_tasks` VALUES (359, 1, '50_27', 'dw用户访问日志,日轻度汇总', 'etl.dispatch.java.dw.Dw_ApplicationLoginLog', '2018-01-10', '2018-01-10 03:17:00', '2018-01-10 03:17:00', '2018-01-10 03:17:00', 1, '脚本执行成功; {\"alarmNotice\":\"{\\\"sms\\\":\\\"18281012309\\\",\\\"email\\\":\\\"yangluchao@shixinyun.com\\\"}\",\"endTimes\":1515525420123,\"groupId\":\"50\",\"personal\":\"yangluchao@shixinyun.com\",\"scriptId\":\"26\",\"scriptName\":\"dw用户访问日志,日轻度汇总\",\"scriptPath\":\"etl.dispatch.java.dw.Dw_ApplicationLoginLog\",\"startTimes\":1515525420045,\"takeEval\":1000,\"taskId\":\"27\",\"taskName\":\"dw用户访问日志,日轻度汇总\"};');
INSERT INTO `sign_info_tasks` VALUES (360, 1, '50_47', 'dw注册用户数据,日轻度汇总', 'etl.dispatch.java.dw.Dw_ApplicationUserInfo', '2018-01-10', '2018-01-10 03:17:00', '2018-01-10 03:17:00', '2018-01-10 03:17:00', 1, '脚本执行成功; {\"alarmNotice\":\"{\\\"sms\\\":\\\"18281012309\\\",\\\"email\\\":\\\"yangluchao@shixinyun.com\\\"}\",\"endTimes\":1515525420142,\"groupId\":\"50\",\"personal\":\"yangluchao@shixinyun.com\",\"scriptId\":\"46\",\"scriptName\":\"dw注册用户数据,日轻度汇总\",\"scriptPath\":\"etl.dispatch.java.dw.Dw_ApplicationUserInfo\",\"startTimes\":1515525420045,\"takeEval\":1000,\"taskId\":\"47\",\"taskName\":\"dw注册用户数据,日轻度汇总\"};');
INSERT INTO `sign_info_tasks` VALUES (361, 2, '50', '接口层->ods->dwd->dw任务组', NULL, '2018-01-10', '2018-01-10 03:15:00', '2018-01-10 03:17:00', '2018-01-10 03:17:00', 1, 'Job execution success; time2018-01-10 ,job Group Config [groupId:50 , groupName:接口层->ods->dwd->dw任务组], Contains 6scheduling tasks');
INSERT INTO `sign_info_tasks` VALUES (362, 1, '54_29', 'st趋势分析脚本', 'etl.dispatch.java.st.St_Trend_Analysis', '2018-01-10', '2018-01-10 03:20:00', '2018-01-10 03:20:00', '2018-01-10 03:20:00', 1, '脚本执行成功; {\"alarmNotice\":\"{\\\"sms\\\":\\\"18281012309\\\",\\\"email\\\":\\\"yangluchao@shixinyun.com\\\"}\",\"endTimes\":1515525600132,\"groupId\":\"54\",\"personal\":\"yangluchao@shixinyun.com\",\"scriptId\":\"28\",\"scriptName\":\"st趋势分析脚本\",\"scriptPath\":\"etl.dispatch.java.st.St_Trend_Analysis\",\"startTimes\":1515525600018,\"takeEval\":1000,\"taskId\":\"29\",\"taskName\":\"st趋势分析脚本\"};');
INSERT INTO `sign_info_tasks` VALUES (363, 2, '54', 'st趋势分析', NULL, '2018-01-10', '2018-01-10 03:20:00', '2018-01-10 03:20:00', '2018-01-10 03:20:00', 1, 'Job execution success; time2018-01-10 ,job Group Config [groupId:54 , groupName:st趋势分析], Contains 1scheduling tasks');
INSERT INTO `sign_info_tasks` VALUES (364, 1, '72_28', 'st概览统计脚本', 'etl.dispatch.java.st.St_Overview_Analysis', '2018-01-10', '2018-01-10 03:20:00', '2018-01-10 03:20:01', '2018-01-10 03:20:00', 1, '脚本执行成功; {\"alarmNotice\":\"{\\\"sms\\\":\\\"18281012309\\\",\\\"email\\\":\\\"yangluchao@shixinyun.com\\\"}\",\"endTimes\":1515525600531,\"groupId\":\"72\",\"personal\":\"yangluchao@shixinyun.com\",\"scriptId\":\"27\",\"scriptName\":\"st概览统计脚本\",\"scriptPath\":\"etl.dispatch.java.st.St_Overview_Analysis\",\"startTimes\":1515525600072,\"takeEval\":1000,\"taskId\":\"28\",\"taskName\":\"st概览统计脚本\"};');
INSERT INTO `sign_info_tasks` VALUES (365, 2, '72', '概览统计St层汇总', NULL, '2018-01-10', '2018-01-10 03:20:00', '2018-01-10 03:20:01', '2018-01-10 03:20:00', 1, 'Job execution success; time2018-01-10 ,job Group Config [groupId:72 , groupName:概览统计St层汇总], Contains 1scheduling tasks');
INSERT INTO `sign_info_tasks` VALUES (366, 1, '55_30', 'st活跃用户脚本', 'etl.dispatch.java.st.St_Active_User', '2018-01-10', '2018-01-10 03:20:00', '2018-01-10 03:20:01', '2018-01-10 03:20:00', 1, '脚本执行成功; {\"alarmNotice\":\"{\\\"sms\\\":\\\"18281012309\\\",\\\"email\\\":\\\"yangluchao@shixinyun.com\\\"}\",\"endTimes\":1515525600589,\"groupId\":\"55\",\"personal\":\"yangluchao@shixinyun.com\",\"scriptId\":\"29\",\"scriptName\":\"st活跃用户脚本\",\"scriptPath\":\"etl.dispatch.java.st.St_Active_User\",\"startTimes\":1515525600023,\"takeEval\":1000,\"taskId\":\"30\",\"taskName\":\"st活跃用户脚本\"};');
INSERT INTO `sign_info_tasks` VALUES (367, 2, '55', 'st活跃用户脚本', NULL, '2018-01-10', '2018-01-10 03:20:00', '2018-01-10 03:20:01', '2018-01-10 03:20:00', 1, 'Job execution success; time2018-01-10 ,job Group Config [groupId:55 , groupName:st活跃用户脚本], Contains 1scheduling tasks');
INSERT INTO `sign_info_tasks` VALUES (368, 1, '69_38', 'st访问用户地域分析', 'etl.dispatch.java.st.St_Area_Analysis', '2018-01-10', '2018-01-10 03:20:00', '2018-01-10 03:20:57', '2018-01-10 03:20:57', 1, '脚本执行成功; {\"alarmNotice\":\"{\\\"sms\\\":\\\"18281012309\\\",\\\"email\\\":\\\"yangluchao@shixinyun.com\\\"}\",\"endTimes\":1515525657058,\"groupId\":\"69\",\"personal\":\"yangluchao@shixinyun.com\",\"scriptId\":\"37\",\"scriptName\":\"st访问用户地域分析\",\"scriptPath\":\"etl.dispatch.java.st.St_Area_Analysis\",\"startTimes\":1515525600065,\"takeEval\":1000,\"taskId\":\"38\",\"taskName\":\"st访问用户地域分析\"};');
INSERT INTO `sign_info_tasks` VALUES (369, 2, '69', '访问用户地域st层汇总 ', NULL, '2018-01-10', '2018-01-10 03:20:00', '2018-01-10 03:20:57', '2018-01-10 03:20:57', 1, 'Job execution success; time2018-01-10 ,job Group Config [groupId:69 , groupName:访问用户地域st层汇总 ], Contains 1scheduling tasks');
INSERT INTO `sign_info_tasks` VALUES (370, 1, '67_37', 'st访问用户属性分析', 'etl.dispatch.java.st.St_User_Analysis', '2018-01-10', '2018-01-10 03:20:00', '2018-01-10 03:21:04', '2018-01-10 03:21:04', 1, '脚本执行成功; {\"alarmNotice\":\"{\\\"sms\\\":\\\"18281012309\\\",\\\"email\\\":\\\"yangluchao@shixinyun.com\\\"}\",\"endTimes\":1515525664092,\"groupId\":\"67\",\"personal\":\"yangluchao@shixinyun.com\",\"scriptId\":\"36\",\"scriptName\":\"st访问用户属性分析\",\"scriptPath\":\"etl.dispatch.java.st.St_User_Analysis\",\"startTimes\":1515525600058,\"takeEval\":1000,\"taskId\":\"37\",\"taskName\":\"st访问用户属性分析\"};');
INSERT INTO `sign_info_tasks` VALUES (371, 2, '67', 'st访问用户属性分析', NULL, '2018-01-10', '2018-01-10 03:20:00', '2018-01-10 03:21:04', '2018-01-10 03:21:04', 1, 'Job execution success; time2018-01-10 ,job Group Config [groupId:67 , groupName:st访问用户属性分析], Contains 1scheduling tasks');
INSERT INTO `sign_info_tasks` VALUES (372, 1, '56_31', 'st新增用户首次使用日留存', 'etl.dispatch.java.st.St_New_User_Retain_Ds', '2018-01-10', '2018-01-10 03:22:00', '2018-01-10 03:22:01', '2018-01-10 03:22:00', 1, '脚本执行成功; {\"alarmNotice\":\"{\\\"sms\\\":\\\"18281012309\\\",\\\"email\\\":\\\"yangluchao@shixinyun.com\\\"}\",\"endTimes\":1515525720525,\"groupId\":\"56\",\"personal\":\"yangluchao@shixinyun.com\",\"scriptId\":\"30\",\"scriptName\":\"st新增用户首次使用日留存\",\"scriptPath\":\"etl.dispatch.java.st.St_New_User_Retain_Ds\",\"startTimes\":1515525720017,\"takeEval\":1000,\"taskId\":\"31\",\"taskName\":\"st新增用户首次使用日留存\"};');
INSERT INTO `sign_info_tasks` VALUES (373, 2, '56', 'st新增用户首次使用日留存', NULL, '2018-01-10', '2018-01-10 03:22:00', '2018-01-10 03:22:01', '2018-01-10 03:22:00', 1, 'Job execution success; time2018-01-10 ,job Group Config [groupId:56 , groupName:st新增用户首次使用日留存], Contains 1scheduling tasks');
INSERT INTO `sign_info_tasks` VALUES (374, 1, '64_34', 'st活跃用户日留存', 'etl.dispatch.java.st.St_Active_User_Retain_Ds', '2018-01-10', '2018-01-10 03:22:00', '2018-01-10 03:22:01', '2018-01-10 03:22:00', 1, '脚本执行成功; {\"alarmNotice\":\"{\\\"sms\\\":\\\"18281012309\\\",\\\"email\\\":\\\"yangluchao@shixinyun.com\\\"}\",\"endTimes\":1515525720609,\"groupId\":\"64\",\"personal\":\"yangluchao@shixinyun.com\",\"scriptId\":\"33\",\"scriptName\":\"st活跃用户日留存\",\"scriptPath\":\"etl.dispatch.java.st.St_Active_User_Retain_Ds\",\"startTimes\":1515525720022,\"takeEval\":1000,\"taskId\":\"34\",\"taskName\":\"st活跃用户日留存\"};');
INSERT INTO `sign_info_tasks` VALUES (375, 2, '64', 'st活跃用户日留存', NULL, '2018-01-10', '2018-01-10 03:22:00', '2018-01-10 03:22:01', '2018-01-10 03:22:00', 1, 'Job execution success; time2018-01-10 ,job Group Config [groupId:64 , groupName:st活跃用户日留存], Contains 1scheduling tasks');
INSERT INTO `sign_info_tasks` VALUES (376, 1, '70_60', 'st访问用户终端连网方式分析', 'etl.dispatch.java.st.St_Terminal_Network_Analysis', '2018-01-10', '2018-01-10 03:25:00', '2018-01-10 03:25:01', '2018-01-10 03:25:01', 1, '脚本执行成功; {\"alarmNotice\":\"{\\\"sms\\\":\\\"18939195459,13462401088\\\",\\\"email\\\":\\\"yangluchao@shixinyun.com\\\"}\",\"endTimes\":1515525901306,\"groupId\":\"70\",\"personal\":\"yangluchao@shixinyun.com\",\"scriptId\":\"60\",\"scriptName\":\"st访问用户终端联网方式分析\",\"scriptPath\":\"etl.dispatch.java.st.St_Terminal_Network_Analysis\",\"startTimes\":1515525900024,\"takeEval\":10000,\"taskId\":\"60\",\"taskName\":\"st访问用户终端连网方式分析\"};');
INSERT INTO `sign_info_tasks` VALUES (377, 1, '70_59', 'st访问用户终端运营商分析', 'etl.dispatch.java.st.St_Terminal_Isp_Analysis', '2018-01-10', '2018-01-10 03:25:00', '2018-01-10 03:25:02', '2018-01-10 03:25:01', 1, '脚本执行成功; {\"alarmNotice\":\"{\\\"sms\\\":\\\"18939195459,13462401088\\\",\\\"email\\\":\\\"yangluchao@shixinyun.com\\\"}\",\"endTimes\":1515525901736,\"groupId\":\"70\",\"personal\":\"yangluchao@shixinyun.com\",\"scriptId\":\"59\",\"scriptName\":\"st访问用户终端运营商分析\",\"scriptPath\":\"etl.dispatch.java.st.St_Terminal_Isp_Analysis\",\"startTimes\":1515525900022,\"takeEval\":10000,\"taskId\":\"59\",\"taskName\":\"st访问用户终端运营商分析\"};');
INSERT INTO `sign_info_tasks` VALUES (378, 1, '70_58', 'st访问用户终端操作系统分析', 'etl.dispatch.java.st.St_Terminal_Os_Analysis', '2018-01-10', '2018-01-10 03:25:00', '2018-01-10 03:25:02', '2018-01-10 03:25:01', 1, '脚本执行成功; {\"alarmNotice\":\"{\\\"sms\\\":\\\"18939195459,13462401088\\\",\\\"email\\\":\\\"yangluchao@shixinyun.com\\\"}\",\"endTimes\":1515525901974,\"groupId\":\"70\",\"personal\":\"yangluchao@shixinyun.com\",\"scriptId\":\"58\",\"scriptName\":\"st访问用户终端操作系统分析\",\"scriptPath\":\"etl.dispatch.java.st.St_Terminal_Os_Analysis\",\"startTimes\":1515525900022,\"takeEval\":10000,\"taskId\":\"58\",\"taskName\":\"st访问用户终端操作系统分析\"};');
INSERT INTO `sign_info_tasks` VALUES (379, 1, '70_39', 'st访问用户终端设备分析', 'etl.dispatch.java.st.St_Terminal_Manufacturer_Analysis', '2018-01-10', '2018-01-10 03:25:00', '2018-01-10 03:25:09', '2018-01-10 03:25:08', 1, '脚本执行成功; {\"alarmNotice\":\"{\\\"sms\\\":\\\"18281012309\\\",\\\"email\\\":\\\"yangluchao@shixinyun.com\\\"}\",\"endTimes\":1515525908834,\"groupId\":\"70\",\"personal\":\"yangluchao@shixinyun.com\",\"scriptId\":\"38\",\"scriptName\":\"st访问用户终端设备分析\",\"scriptPath\":\"etl.dispatch.java.st.St_Terminal_Manufacturer_Analysis\",\"startTimes\":1515525900024,\"takeEval\":1000,\"taskId\":\"39\",\"taskName\":\"st访问用户终端设备分析\"};');
INSERT INTO `sign_info_tasks` VALUES (380, 2, '70', '访问用户终端st层汇总', NULL, '2018-01-10', '2018-01-10 03:25:00', '2018-01-10 03:25:09', '2018-01-10 03:25:08', 1, 'Job execution success; time2018-01-10 ,job Group Config [groupId:70 , groupName:访问用户终端st层汇总], Contains 4scheduling tasks');
INSERT INTO `sign_info_tasks` VALUES (384, 1, '77_71', '日程统计分析采集', 'etl.dispatch.gather.bgmgr.schedule.offline.ScheduleInfoGatherService', '2018-01-10', '2018-01-10 03:30:00', '2018-01-10 03:30:10', '2018-01-10 03:30:10', 1, '脚本执行成功; {\"alarmNotice\":\"{\\\"sms\\\":\\\"18281012309\\\",\\\"email\\\":\\\"yangluchao@shixinyun.com\\\"}\",\"endTimes\":1515526210216,\"groupId\":\"77\",\"personal\":\"xucong@shixinyun.com\",\"scriptId\":\"69\",\"scriptName\":\"日程统计分析采集\",\"scriptPath\":\"etl.dispatch.gather.bgmgr.schedule.offline.ScheduleInfoGatherService\",\"startTimes\":1515526200104,\"takeEval\":1000,\"taskId\":\"71\",\"taskName\":\"日程统计分析采集\"};');
INSERT INTO `sign_info_tasks` VALUES (385, 1, '77_68', 'dwd日程统计分析', 'etl.dispatch.java.dwd.Dwd_ScheduleInfoService', '2018-01-10', '2018-01-10 03:30:30', '2018-01-10 03:30:30', '2018-01-10 03:30:30', 1, '脚本执行成功; {\"alarmNotice\":\"{\\\"sms\\\":\\\"18281012309\\\",\\\"email\\\":\\\"yangluchao@shixinyun.com\\\"}\",\"endTimes\":1515526230172,\"groupId\":\"77\",\"personal\":\"xucong@shixinyun.com\",\"scriptId\":\"70\",\"scriptName\":\"Dwd日程统计分析\",\"scriptPath\":\"etl.dispatch.java.dwd.Dwd_ScheduleInfoService\",\"startTimes\":1515526230106,\"takeEval\":10000,\"taskId\":\"68\",\"taskName\":\"dwd日程统计分析\"};');
INSERT INTO `sign_info_tasks` VALUES (388, 1, '77_69', 'Dw日程统计分析', 'etl.dispatch.java.dw.Dw_ScheduleInfoService', '2018-01-10', '2018-01-10 03:31:00', '2018-01-10 03:31:00', '2018-01-10 03:31:00', 1, '脚本执行成功; {\"alarmNotice\":\"{\\\"sms\\\":\\\"18281012309\\\",\\\"email\\\":\\\"yangluchao@shixinyun.com\\\"}\",\"endTimes\":1515526260198,\"groupId\":\"77\",\"personal\":\"xucong@shixinyun.com\",\"scriptId\":\"71\",\"scriptName\":\"Dw日程统计分析\",\"scriptPath\":\"etl.dispatch.java.dw.Dw_ScheduleInfoService\",\"startTimes\":1515526260111,\"takeEval\":10000,\"taskId\":\"69\",\"taskName\":\"Dw日程统计分析\"};');
INSERT INTO `sign_info_tasks` VALUES (389, 1, '77_70', 'St日程统计分析', 'etl.dispatch.java.st.St_ScheduleInfoService', '2018-01-10', '2018-01-10 03:31:30', '2018-01-10 03:31:30', '2018-01-10 03:31:30', 1, '脚本执行成功; {\"alarmNotice\":\"{\\\"sms\\\":\\\"18281012309\\\",\\\"email\\\":\\\"yangluchao@shixinyun.com\\\"}\",\"endTimes\":1515526290279,\"groupId\":\"77\",\"personal\":\"xucong@shixinyun.com\",\"scriptId\":\"72\",\"scriptName\":\"St日程统计分析\",\"scriptPath\":\"etl.dispatch.java.st.St_ScheduleInfoService\",\"startTimes\":1515526290114,\"takeEval\":10000,\"taskId\":\"70\",\"taskName\":\"St日程统计分析\"};');
INSERT INTO `sign_info_tasks` VALUES (390, 2, '77', '日程统计任务组', NULL, '2018-01-10', '2018-01-10 03:30:00', '2018-01-10 03:31:30', '2018-01-10 03:31:30', 1, 'Job execution success; time2018-01-10 ,job Group Config [groupId:77 , groupName:日程统计任务组], Contains 4scheduling tasks');
INSERT INTO `sign_info_tasks` VALUES (391, 1, '76_65', 'dwd自定义事件分析', 'etl.dispatch.java.dwd.Dwd_ApplicationEventReport', '2018-01-10', '2018-01-10 03:35:00', '2018-01-10 03:35:00', '2018-01-10 03:35:00', 1, '脚本执行成功; {\"alarmNotice\":\"{\\\"sms\\\":\\\"18281012309\\\",\\\"email\\\":\\\"yangluchao@shixinyun.com\\\"}\",\"endTimes\":1515526500201,\"groupId\":\"76\",\"personal\":\"xucong@shixinyun.com\",\"scriptId\":\"66\",\"scriptName\":\"dwd自定义事件分析\",\"scriptPath\":\"etl.dispatch.java.dwd.Dwd_ApplicationEventReport\",\"startTimes\":1515526500050,\"takeEval\":1000,\"taskId\":\"65\",\"taskName\":\"dwd自定义事件分析\"};');
INSERT INTO `sign_info_tasks` VALUES (392, 1, '76_66', 'dw自定义事件分析', 'etl.dispatch.java.dw.Dw_ApplicationEventReport', '2018-01-10', '2018-01-10 03:35:30', '2018-01-10 03:35:30', '2018-01-10 03:35:30', 1, '脚本执行成功; {\"alarmNotice\":\"{\\\"sms\\\":\\\"18281012309\\\",\\\"email\\\":\\\"yangluchao@shixinyun.com\\\"}\",\"endTimes\":1515526530123,\"groupId\":\"76\",\"personal\":\"xucong@shixinyun.com\",\"scriptId\":\"67\",\"scriptName\":\"dw自定义事件分析\",\"scriptPath\":\"etl.dispatch.java.dw.Dw_ApplicationEventReport\",\"startTimes\":1515526530054,\"takeEval\":1000,\"taskId\":\"66\",\"taskName\":\"dw自定义事件分析\"};');
INSERT INTO `sign_info_tasks` VALUES (393, 1, '76_67', 'st自定义事件分析', 'etl.dispatch.java.st.St_ApplicationEventReport', '2018-01-10', '2018-01-10 03:36:00', '2018-01-10 03:36:00', '2018-01-10 03:36:00', 1, '脚本执行成功; {\"alarmNotice\":\"{\\\"sms\\\":\\\"18281012309\\\",\\\"email\\\":\\\"yangluchao@shixinyun.com\\\"}\",\"endTimes\":1515526560308,\"groupId\":\"76\",\"personal\":\"xucong@shixinyun.com\",\"scriptId\":\"68\",\"scriptName\":\"st自定义事件分析\",\"scriptPath\":\"etl.dispatch.java.st.St_ApplicationEventReport\",\"startTimes\":1515526560057,\"takeEval\":1000,\"taskId\":\"67\",\"taskName\":\"st自定义事件分析\"};');
INSERT INTO `sign_info_tasks` VALUES (394, 2, '76', '自定义事件任务组', NULL, '2018-01-10', '2018-01-10 03:35:00', '2018-01-10 03:36:00', '2018-01-10 03:36:00', 1, 'Job execution success; time2018-01-10 ,job Group Config [groupId:76 , groupName:自定义事件任务组], Contains 3scheduling tasks');
INSERT INTO `sign_info_tasks` VALUES (480, 1, '75_64', '日程即时任务', 'etl.dispatch.gather.bgmgr.schedule.online.ScheduleInfoOnLineService', '2018-01-10', '2018-01-10 12:30:00', '2018-01-10 12:30:00', '2018-01-10 12:30:00', 1, '脚本执行成功; {\"alarmNotice\":\"{\\\"sms\\\":\\\"18939195459,13462401088\\\",\\\"email\\\":\\\"yangluchao@shixinyun.com\\\"}\",\"endTimes\":1515558600488,\"groupId\":\"75\",\"personal\":\"yangluchao@shixinyun.com\",\"scriptId\":\"65\",\"scriptName\":\"日程即时采集统计\",\"scriptPath\":\"etl.dispatch.gather.bgmgr.schedule.online.ScheduleInfoOnLineService\",\"startTimes\":1515558600415,\"takeEval\":10000,\"taskId\":\"64\",\"taskName\":\"日程即时任务\"};');
INSERT INTO `sign_info_tasks` VALUES (481, 2, '75', '日程实时任务', NULL, '2018-01-10', '2018-01-10 12:30:00', '2018-01-10 12:30:01', '2018-01-10 12:30:00', 1, 'Job execution success; time2018-01-10 ,job Group Config [groupId:75 , groupName:日程实时任务], Contains 1scheduling tasks');
INSERT INTO `sign_info_tasks` VALUES (482, 1, '74_62', '在线实时数据拉取', 'etl.dispatch.gather.bgmgr.onlinetime.Online_Time_Gather', '2018-01-10', '2018-01-10 12:30:00', '2018-01-10 12:30:01', '2018-01-10 12:30:00', 1, '脚本执行成功; {\"alarmNotice\":\"{\\\"sms\\\":\\\"18939195459,13462401088\\\",\\\"email\\\":\\\"yangluchao@shixinyun.com\\\"}\",\"endTimes\":1515558600607,\"groupId\":\"74\",\"personal\":\"yangluchao@shixinyun.com\",\"scriptId\":\"63\",\"scriptName\":\"在线时长即时采集\",\"scriptPath\":\"etl.dispatch.gather.bgmgr.onlinetime.Online_Time_Gather\",\"startTimes\":1515558600417,\"takeEval\":10000,\"taskId\":\"62\",\"taskName\":\"在线实时数据拉取\"};');
INSERT INTO `sign_info_tasks` VALUES (483, 1, '74_63', '在线实时数据统计', 'etl.dispatch.gather.bgmgr.onlinetime.Online_Time_Statis', '2018-01-10', '2018-01-10 12:30:30', '2018-01-10 12:30:31', '2018-01-10 12:30:30', 1, '脚本执行成功; {\"alarmNotice\":\"{\\\"sms\\\":\\\"18939195459,13462401088\\\",\\\"email\\\":\\\"yangluchao@shixinyun.com\\\"}\",\"endTimes\":1515558630622,\"groupId\":\"74\",\"personal\":\"yangluchao@shixinyun.com\",\"scriptId\":\"64\",\"scriptName\":\"在线时长即时统计\",\"scriptPath\":\"etl.dispatch.gather.bgmgr.onlinetime.Online_Time_Statis\",\"startTimes\":1515558630432,\"takeEval\":10000,\"taskId\":\"63\",\"taskName\":\"在线实时数据统计\"};');
INSERT INTO `sign_info_tasks` VALUES (484, 2, '74', '在线时长实时任务', NULL, '2018-01-10', '2018-01-10 12:30:00', '2018-01-10 12:30:31', '2018-01-10 12:30:30', 1, 'Job execution success; time2018-01-10 ,job Group Config [groupId:74 , groupName:在线时长实时任务], Contains 2scheduling tasks');

SET FOREIGN_KEY_CHECKS = 1;
